/*******************************************************************************
 * Size: 20 px
 * Bpp: 1
 * Opts: --font /Users/bolintw/Project/Glance/Glance/components/fonts/NotoSansTC-Regular.ttf --size 20 --bpp 1 --format lvgl --symbols  !"#$%&'()*+,-./0123456789:;<=>?@ABCDEFGHIJKLMNOPQRSTUVWXYZ[\]^_`abcdefghijklmnopqrstuvwxyz{|}~。，、；：？！…—·「」『』（）【】《》〈〉""''～／＼＋－＝％＃＊＠＆的一是不了人我在有他這中大來上個到說們為子和你地出會著就那要下以生也時得理而行能對三面自學工已經體同心但位很從利它後然主長定前動公化被開把無間常最如什合第其次用社加重新合世全小將及年月日星期週一二三四五六早午晚上下室號樓區路街道市鄉鎮村里巷弄室台北高雄桃園中壢新竹嘉義彰化宜蘭花蓮台南台東基隆板橋永和中和土城三峽鶯歌樹林泰山五股蘆洲汐止信義松山大安南港內湖中山士林北投萬華文山大同中正松江復興忠孝仁愛信義和平敦化建國新生大學民族民生民權電話會議報告簡報討論決定安排準備確認通知取消延期提前變更辦公室教室課堂線上遠端實體現場活動聚餐慶祝生日節日假日休假請假出差旅行回家開會面試培訓研討發表演講展覽參觀拜訪接送預約掛號看診檢查運動健身瑜珈跑步游泳打球比賽練習排練彩排繳費付款購物採買超商銀行郵局家中外出門診住院治療復診追蹤複查牙科眼科耳鼻喉皮膚骨科內科外科兒科婦產心臟腎臟肝臟腸胃神經精神整形復健營養藥局疫苗健檢團隊同事主管客戶廠商夥伴朋友家人小孩父母兄弟姐妹爺爺奶奶老師學生助理秘書經理總監董事執行專案企劃業務行銷設計研發製造品管採購物流倉儲客服技術維修測試審核驗收上線發布部署更新維護備份還原遷移升級整理清潔打掃洗衣煮飯買菜接小孩送小孩補習才藝鋼琴小提繪畫書法舞蹈英文數學國語社會自然音樂美勞電腦程式早餐中餐晚餐宵夜點心飲料咖啡茶水果蔬菜肉類海鮮麵包蛋糕甜點便當外送每天週末例行固定臨時緊急優先重要一般普通待辦進行完成取消暫停恢復正常異常注意警告錯誤成功失敗待確認已確認未開始執行進度百分之春夏秋冬雨晴陰風雪霧溫度濕度紫外線空氣品質 --no-compress --no-prefilter --lv-include lvgl.h -o /Users/bolintw/Project/Glance/Glance/components/fonts/font_noto_tc_20.c
 ******************************************************************************/

#ifdef LV_LVGL_H_INCLUDE_SIMPLE
#include "lvgl.h"
#else
#include "lvgl.h"
#endif

#ifndef FONT_NOTO_TC_20
#define FONT_NOTO_TC_20 1
#endif

#if FONT_NOTO_TC_20

/*-----------------
 *    BITMAPS
 *----------------*/

/*Store the image of the glyphs*/
static LV_ATTRIBUTE_LARGE_CONST const uint8_t glyph_bitmap[] = {
    /* U+0020 " " */
    0x0,

    /* U+0021 "!" */
    0xff, 0xff, 0xf0, 0x30,

    /* U+0022 "\"" */
    0xcf, 0x3c, 0xf3, 0xcc,

    /* U+0023 "#" */
    0x11, 0x4, 0x41, 0x11, 0xff, 0x13, 0x4, 0x83,
    0x20, 0x88, 0xff, 0x88, 0x82, 0x20, 0x88, 0x22,
    0x8, 0x80,

    /* U+0024 "$" */
    0xc, 0x6, 0x3, 0x3, 0xc3, 0x13, 0x1, 0x80,
    0xe0, 0x78, 0x1f, 0x3, 0xc0, 0x70, 0x18, 0xc,
    0x6, 0xc6, 0x3e, 0x6, 0x3, 0x0,

    /* U+0025 "%" */
    0x38, 0x8, 0x36, 0x8, 0x31, 0x84, 0x18, 0xc4,
    0xc, 0x64, 0x6, 0x32, 0x71, 0xb2, 0x6c, 0x71,
    0x63, 0x1, 0x31, 0x81, 0x18, 0xc0, 0x8c, 0x60,
    0x86, 0x30, 0x41, 0xb0, 0x40, 0x70,

    /* U+0026 "&" */
    0x1e, 0x3, 0x30, 0x33, 0x3, 0x30, 0x36, 0x1,
    0xe0, 0x38, 0x7, 0xc3, 0xee, 0x2c, 0x76, 0xc3,
    0xcc, 0x1c, 0x61, 0x73, 0xe3,

    /* U+0027 "'" */
    0xff, 0xc0,

    /* U+0028 "(" */
    0x11, 0x88, 0xc6, 0x23, 0x18, 0xc6, 0x31, 0x8c,
    0x61, 0x8c, 0x61, 0x8c, 0x20,

    /* U+0029 ")" */
    0xc3, 0x8, 0x63, 0x18, 0x63, 0x18, 0xc6, 0x31,
    0x8c, 0xc6, 0x33, 0x18, 0x80,

    /* U+002A "*" */
    0x10, 0x23, 0xf9, 0xc3, 0x8d, 0x80,

    /* U+002B "+" */
    0xc, 0x3, 0x0, 0xc0, 0x30, 0xc, 0x3f, 0xf0,
    0xc0, 0x30, 0xc, 0x3, 0x0,

    /* U+002C "," */
    0xf3, 0x7e, 0x80,

    /* U+002D "-" */
    0xf8,

    /* U+002E "." */
    0xc0,

    /* U+002F "/" */
    0x2, 0x2, 0x6, 0x4, 0x4, 0xc, 0xc, 0x8,
    0x8, 0x18, 0x10, 0x10, 0x30, 0x20, 0x20, 0x60,
    0x40, 0x40, 0xc0,

    /* U+0030 "0" */
    0x1c, 0x31, 0x98, 0xd8, 0x3c, 0x1e, 0xf, 0x7,
    0x83, 0xc1, 0xe0, 0xf0, 0x6c, 0x66, 0x30, 0xe0,

    /* U+0031 "1" */
    0x38, 0x78, 0x18, 0x18, 0x18, 0x18, 0x18, 0x18,
    0x18, 0x18, 0x18, 0x18, 0x18, 0xff,

    /* U+0032 "2" */
    0x3e, 0x61, 0x80, 0x60, 0x30, 0x18, 0xc, 0xc,
    0x6, 0x6, 0x6, 0x7, 0x7, 0x6, 0x7, 0xfc,

    /* U+0033 "3" */
    0x3e, 0x31, 0x80, 0x60, 0x30, 0x18, 0x18, 0x70,
    0x6, 0x1, 0x80, 0xc0, 0x60, 0x3c, 0x31, 0xf0,

    /* U+0034 "4" */
    0x3, 0x80, 0x70, 0x1e, 0x6, 0xc0, 0x98, 0x33,
    0xc, 0x61, 0xc, 0x61, 0x9f, 0xfc, 0x6, 0x0,
    0xc0, 0x18, 0x3, 0x0,

    /* U+0035 "5" */
    0x7f, 0x30, 0x18, 0xc, 0x4, 0x3, 0xf1, 0xc,
    0x3, 0x1, 0x80, 0xc0, 0x70, 0x7c, 0x33, 0xe0,

    /* U+0036 "6" */
    0x1f, 0x18, 0x98, 0x8, 0xc, 0x6, 0xf3, 0x8d,
    0x83, 0xc1, 0xe0, 0xf0, 0x6c, 0x36, 0x30, 0xf0,

    /* U+0037 "7" */
    0xff, 0x80, 0x80, 0xc0, 0xc0, 0x60, 0x60, 0x30,
    0x18, 0x8, 0xc, 0x6, 0x3, 0x1, 0x80, 0xc0,

    /* U+0038 "8" */
    0x1e, 0x19, 0x98, 0x6c, 0x36, 0x19, 0x98, 0x78,
    0x6e, 0x63, 0x60, 0xf0, 0x78, 0x36, 0x31, 0xf0,

    /* U+0039 "9" */
    0x3c, 0x31, 0xb0, 0xd8, 0x3c, 0x1e, 0xd, 0x8e,
    0x7b, 0x1, 0x80, 0xc0, 0xc0, 0x64, 0x63, 0xe0,

    /* U+003A ":" */
    0xfc, 0x0, 0xc,

    /* U+003B ";" */
    0xdb, 0x0, 0x0, 0x3, 0xb7, 0xa0,

    /* U+003C "<" */
    0x0, 0x40, 0xf0, 0xf1, 0xe0, 0xc0, 0x3c, 0x1,
    0xe0, 0x1e, 0x0, 0xc0,

    /* U+003D "=" */
    0xff, 0xc0, 0x0, 0x0, 0x0, 0x0, 0x3f, 0xf0,

    /* U+003E ">" */
    0x80, 0x38, 0x3, 0xc0, 0x1c, 0x1, 0xc1, 0xe1,
    0xe3, 0xc0, 0xc0, 0x0,

    /* U+003F "?" */
    0x79, 0x98, 0x18, 0x30, 0x61, 0x83, 0xc, 0x10,
    0x60, 0xc0, 0x0, 0x6, 0x0,

    /* U+0040 "@" */
    0x3, 0xf8, 0x7, 0x6, 0x6, 0x1, 0x86, 0x0,
    0x66, 0x0, 0x3b, 0xe, 0x8f, 0x18, 0xc7, 0x8c,
    0x43, 0xcc, 0x21, 0xe6, 0x10, 0xf3, 0x18, 0xd9,
    0x8c, 0xc6, 0x7b, 0xc3, 0x0, 0x0, 0xc0, 0x0,
    0x38, 0x20, 0x7, 0xe0, 0x0,

    /* U+0041 "A" */
    0x7, 0x0, 0x28, 0x1, 0x60, 0x1b, 0x0, 0x88,
    0xc, 0x60, 0x63, 0x3, 0x8, 0x3f, 0xe1, 0x83,
    0x8, 0x8, 0xc0, 0x66, 0x3, 0x20, 0x8,

    /* U+0042 "B" */
    0xfe, 0x30, 0xcc, 0x1b, 0x6, 0xc1, 0xb0, 0xcf,
    0xe3, 0x6, 0xc0, 0xf0, 0x3c, 0xf, 0x3, 0xc1,
    0xbf, 0x80,

    /* U+0043 "C" */
    0xf, 0x87, 0x19, 0x80, 0x30, 0xc, 0x1, 0x80,
    0x30, 0x6, 0x0, 0xc0, 0x18, 0x1, 0x80, 0x30,
    0x3, 0x86, 0x1f, 0x0,

    /* U+0044 "D" */
    0xfe, 0x18, 0x73, 0x3, 0x60, 0x6c, 0x7, 0x80,
    0xf0, 0x1e, 0x3, 0xc0, 0x78, 0xf, 0x3, 0x60,
    0x6c, 0x39, 0xfc, 0x0,

    /* U+0045 "E" */
    0xff, 0xe0, 0x30, 0x18, 0xc, 0x6, 0x3, 0xfd,
    0x80, 0xc0, 0x60, 0x30, 0x18, 0xc, 0x7, 0xfc,

    /* U+0046 "F" */
    0xff, 0xe0, 0x30, 0x18, 0xc, 0x6, 0x3, 0xfd,
    0x80, 0xc0, 0x60, 0x30, 0x18, 0xc, 0x6, 0x0,

    /* U+0047 "G" */
    0xf, 0x87, 0x19, 0x80, 0x30, 0xc, 0x1, 0x80,
    0x30, 0x6, 0x1f, 0xc0, 0x78, 0xd, 0x81, 0xb0,
    0x33, 0xe, 0x1f, 0x80,

    /* U+0048 "H" */
    0xc0, 0x78, 0xf, 0x1, 0xe0, 0x3c, 0x7, 0x80,
    0xff, 0xfe, 0x3, 0xc0, 0x78, 0xf, 0x1, 0xe0,
    0x3c, 0x7, 0x80, 0xc0,

    /* U+0049 "I" */
    0xff, 0xff, 0xff, 0xf0,

    /* U+004A "J" */
    0x3, 0x3, 0x3, 0x3, 0x3, 0x3, 0x3, 0x3,
    0x3, 0x3, 0x3, 0x3, 0xc6, 0x7c,

    /* U+004B "K" */
    0xc0, 0xd8, 0x33, 0xc, 0x63, 0xc, 0xc1, 0xb8,
    0x37, 0x7, 0xb0, 0xe3, 0x18, 0x63, 0x6, 0x60,
    0xcc, 0xd, 0x80, 0xc0,

    /* U+004C "L" */
    0xc0, 0x60, 0x30, 0x18, 0xc, 0x6, 0x3, 0x1,
    0x80, 0xc0, 0x60, 0x30, 0x18, 0xc, 0x7, 0xfc,

    /* U+004D "M" */
    0xe0, 0x7e, 0x7, 0xe0, 0x7f, 0xf, 0xd0, 0xbd,
    0xb, 0xd9, 0xbc, 0x93, 0xc9, 0x3c, 0xf3, 0xc6,
    0x3c, 0x63, 0xc6, 0x3c, 0x3,

    /* U+004E "N" */
    0xe0, 0x7c, 0xf, 0xc1, 0xe8, 0x3d, 0x87, 0x98,
    0xf3, 0x1e, 0x33, 0xc6, 0x78, 0x6f, 0x5, 0xe0,
    0xfc, 0xf, 0x81, 0xc0,

    /* U+004F "O" */
    0xf, 0x81, 0xc7, 0x18, 0xc, 0xc0, 0x6c, 0x1,
    0xe0, 0xf, 0x0, 0x78, 0x3, 0xc0, 0x1e, 0x0,
    0xd8, 0xc, 0xc0, 0x63, 0x8e, 0x7, 0xc0,

    /* U+0050 "P" */
    0xff, 0x30, 0x6c, 0xf, 0x3, 0xc0, 0xf0, 0x3c,
    0x1b, 0xfc, 0xc0, 0x30, 0xc, 0x3, 0x0, 0xc0,
    0x30, 0x0,

    /* U+0051 "Q" */
    0xf, 0x81, 0x83, 0x18, 0xc, 0xc0, 0x6c, 0x1,
    0xe0, 0xf, 0x0, 0x78, 0x3, 0xc0, 0x1e, 0x0,
    0xd8, 0xc, 0xc0, 0x63, 0x8e, 0x7, 0xc0, 0xc,
    0x0, 0x30, 0x0, 0xf8,

    /* U+0052 "R" */
    0xff, 0x30, 0x6c, 0xf, 0x3, 0xc0, 0xf0, 0x3c,
    0x1b, 0xfc, 0xc6, 0x31, 0x8c, 0x33, 0x6, 0xc1,
    0xb0, 0x30,

    /* U+0053 "S" */
    0x1f, 0xc, 0x66, 0x1, 0x80, 0x70, 0x1f, 0x3,
    0xf0, 0x3e, 0x3, 0xc0, 0x30, 0xd, 0x3, 0xe1,
    0x8f, 0xc0,

    /* U+0054 "T" */
    0xff, 0xe1, 0x80, 0x30, 0x6, 0x0, 0xc0, 0x18,
    0x3, 0x0, 0x60, 0xc, 0x1, 0x80, 0x30, 0x6,
    0x0, 0xc0, 0x18, 0x0,

    /* U+0055 "U" */
    0xc0, 0x78, 0xf, 0x1, 0xe0, 0x3c, 0x7, 0x80,
    0xf0, 0x1e, 0x3, 0xc0, 0x78, 0xf, 0x1, 0xb0,
    0x67, 0x1c, 0x3e, 0x0,

    /* U+0056 "V" */
    0xc0, 0x64, 0x6, 0x60, 0x66, 0x4, 0x20, 0xc3,
    0xc, 0x30, 0x81, 0x18, 0x19, 0x81, 0x90, 0xb,
    0x0, 0xf0, 0xe, 0x0, 0x60,

    /* U+0057 "W" */
    0xc1, 0x83, 0xc1, 0x83, 0xc3, 0x82, 0xc2, 0xc2,
    0x42, 0xc6, 0x62, 0x46, 0x66, 0x46, 0x66, 0x64,
    0x64, 0x64, 0x24, 0x2c, 0x3c, 0x2c, 0x38, 0x3c,
    0x38, 0x38, 0x18, 0x18,

    /* U+0058 "X" */
    0x60, 0x64, 0x18, 0xc2, 0xc, 0xc1, 0xb0, 0x1e,
    0x3, 0x80, 0x70, 0xb, 0x3, 0x20, 0xc6, 0x18,
    0x66, 0xc, 0xc0, 0xc0,

    /* U+0059 "Y" */
    0xc0, 0xf0, 0x36, 0x19, 0x86, 0x33, 0xc, 0xc1,
    0xe0, 0x78, 0xc, 0x3, 0x0, 0xc0, 0x30, 0xc,
    0x3, 0x0,

    /* U+005A "Z" */
    0x7f, 0xc0, 0x70, 0x18, 0xc, 0x3, 0x1, 0x80,
    0xc0, 0x30, 0x18, 0xe, 0x3, 0x1, 0x80, 0xe0,
    0x3f, 0xf0,

    /* U+005B "[" */
    0xfe, 0x31, 0x8c, 0x63, 0x18, 0xc6, 0x31, 0x8c,
    0x63, 0x18, 0xc6, 0x3e,

    /* U+005C "\\" */
    0xc0, 0x40, 0x40, 0x60, 0x20, 0x20, 0x30, 0x10,
    0x10, 0x18, 0x8, 0x8, 0xc, 0x4, 0x4, 0x6,
    0x6, 0x2, 0x2,

    /* U+005D "]" */
    0xf8, 0xc6, 0x31, 0x8c, 0x63, 0x18, 0xc6, 0x31,
    0x8c, 0x63, 0x18, 0xfe,

    /* U+005E "^" */
    0x8, 0xe, 0x5, 0x2, 0xc3, 0x61, 0x11, 0x8c,
    0xc2, 0x41, 0x80,

    /* U+005F "_" */
    0xff, 0xe0,

    /* U+0060 "`" */
    0xce, 0x73,

    /* U+0061 "a" */
    0x3e, 0x31, 0x80, 0x60, 0x30, 0xfb, 0xcf, 0x87,
    0x83, 0xc1, 0xf1, 0xdf, 0x60,

    /* U+0062 "b" */
    0xc0, 0x30, 0xc, 0x3, 0x0, 0xc0, 0x37, 0xce,
    0x1b, 0x6, 0xc0, 0xf0, 0x3c, 0xf, 0x3, 0xc0,
    0xf0, 0x6e, 0x3b, 0x78,

    /* U+0063 "c" */
    0x1f, 0x18, 0x98, 0x18, 0xc, 0x6, 0x3, 0x1,
    0x80, 0x60, 0x38, 0x87, 0xc0,

    /* U+0064 "d" */
    0x0, 0xc0, 0x30, 0xc, 0x3, 0x0, 0xc7, 0xb7,
    0x1d, 0x83, 0xc0, 0xf0, 0x3c, 0xf, 0x3, 0xc0,
    0xd8, 0x37, 0x1c, 0xfb,

    /* U+0065 "e" */
    0x1e, 0x31, 0x98, 0x78, 0x3c, 0x1f, 0xff, 0x1,
    0x80, 0x60, 0x38, 0x87, 0xc0,

    /* U+0066 "f" */
    0x3d, 0x86, 0x18, 0x63, 0xe6, 0x18, 0x61, 0x86,
    0x18, 0x61, 0x86, 0x18,

    /* U+0067 "g" */
    0x3f, 0xd8, 0xcc, 0x1b, 0x6, 0xc1, 0xb0, 0x66,
    0x30, 0xf8, 0xc0, 0x30, 0x3, 0xf9, 0x3, 0xc0,
    0xf0, 0x3e, 0x18, 0xf8,

    /* U+0068 "h" */
    0xc0, 0x60, 0x30, 0x18, 0xc, 0x6, 0xfb, 0x8d,
    0x83, 0xc1, 0xe0, 0xf0, 0x78, 0x3c, 0x1e, 0xf,
    0x7, 0x83,

    /* U+0069 "i" */
    0xc0, 0x3f, 0xff, 0xff,

    /* U+006A "j" */
    0x30, 0x0, 0x3, 0x33, 0x33, 0x33, 0x33, 0x33,
    0x33, 0x33, 0xe0,

    /* U+006B "k" */
    0xc0, 0x60, 0x30, 0x18, 0xc, 0x6, 0x1b, 0x1d,
    0x8c, 0xcc, 0x6c, 0x3f, 0x1c, 0x8e, 0x66, 0x1b,
    0xd, 0x83,

    /* U+006C "l" */
    0xdb, 0x6d, 0xb6, 0xdb, 0x6d, 0xb3,

    /* U+006D "m" */
    0xde, 0x7b, 0x9e, 0x6c, 0x30, 0xf0, 0xc3, 0xc3,
    0xf, 0xc, 0x3c, 0x30, 0xf0, 0xc3, 0xc3, 0xf,
    0xc, 0x3c, 0x30, 0xc0,

    /* U+006E "n" */
    0xdf, 0x71, 0xb0, 0x78, 0x3c, 0x1e, 0xf, 0x7,
    0x83, 0xc1, 0xe0, 0xf0, 0x60,

    /* U+006F "o" */
    0x1e, 0x1c, 0xe6, 0x1b, 0x3, 0xc0, 0xf0, 0x3c,
    0xf, 0x3, 0x61, 0x9c, 0xe1, 0xe0,

    /* U+0070 "p" */
    0xdf, 0x38, 0x6c, 0x1b, 0x3, 0xc0, 0xf0, 0x3c,
    0xf, 0x3, 0xc1, 0xb8, 0xed, 0xe3, 0x0, 0xc0,
    0x30, 0xc, 0x3, 0x0,

    /* U+0071 "q" */
    0x1e, 0xdc, 0x76, 0xf, 0x3, 0xc0, 0xf0, 0x3c,
    0xf, 0x3, 0x60, 0xdc, 0x73, 0xec, 0x3, 0x0,
    0xc0, 0x30, 0xc, 0x3,

    /* U+0072 "r" */
    0xdf, 0x8e, 0x30, 0xc3, 0xc, 0x30, 0xc3, 0xc,
    0x0,

    /* U+0073 "s" */
    0x1f, 0x30, 0x98, 0xc, 0x7, 0xc0, 0xf8, 0x1e,
    0x3, 0x1, 0xb1, 0x8f, 0x80,

    /* U+0074 "t" */
    0x30, 0xc3, 0x3f, 0x30, 0xc3, 0xc, 0x30, 0xc3,
    0xc, 0x30, 0x70,

    /* U+0075 "u" */
    0xc1, 0xe0, 0xf0, 0x78, 0x3c, 0x1e, 0xf, 0x7,
    0x83, 0xc1, 0xb1, 0xdf, 0x60,

    /* U+0076 "v" */
    0xc0, 0xd8, 0x36, 0x8, 0x86, 0x31, 0x8c, 0x41,
    0x30, 0x6c, 0x1a, 0x3, 0x80, 0xe0,

    /* U+0077 "w" */
    0xc3, 0x5, 0x86, 0x1b, 0xe, 0x32, 0x3c, 0x66,
    0x48, 0x8c, 0x93, 0x1b, 0x36, 0x16, 0x6c, 0x28,
    0x50, 0x70, 0xe0, 0xe1, 0xc0,

    /* U+0078 "x" */
    0x61, 0x88, 0x43, 0x30, 0x68, 0x1e, 0x3, 0x1,
    0xe0, 0xc8, 0x33, 0x18, 0x66, 0x18,

    /* U+0079 "y" */
    0xc0, 0xd8, 0x36, 0x8, 0x86, 0x31, 0x8c, 0x41,
    0x30, 0x6c, 0x1a, 0x2, 0x80, 0xe0, 0x10, 0xc,
    0x2, 0x1, 0x81, 0xc0,

    /* U+007A "z" */
    0x7f, 0x7, 0x6, 0xc, 0xc, 0x18, 0x38, 0x30,
    0x60, 0x60, 0xff,

    /* U+007B "{" */
    0x1c, 0xc3, 0xc, 0x30, 0xc3, 0xc, 0x33, 0x3,
    0xc, 0x30, 0xc3, 0xc, 0x30, 0xc1, 0xc0,

    /* U+007C "|" */
    0xff, 0xff, 0xff, 0xff, 0xff, 0xf0,

    /* U+007D "}" */
    0xe0, 0xc3, 0xc, 0x30, 0xc3, 0xc, 0x30, 0x33,
    0xc, 0x30, 0xc3, 0xc, 0x30, 0xce, 0x0,

    /* U+007E "~" */
    0x70, 0xe4, 0x41, 0xc0,

    /* U+00B7 "·" */
    0x6f, 0xf6,

    /* U+2014 "—" */
    0xff, 0xff,

    /* U+2026 "…" */
    0xc1, 0x83,

    /* U+3001 "、" */
    0x41, 0x83, 0x6, 0xc,

    /* U+3002 "。" */
    0x7b, 0x38, 0x61, 0xcd, 0xe0,

    /* U+3008 "〈" */
    0x6, 0x8, 0x30, 0x41, 0x86, 0x8, 0x30, 0xc1,
    0x3, 0x3, 0x2, 0x6, 0x6, 0x4, 0xc, 0xc,
    0x0,

    /* U+3009 "〉" */
    0xc0, 0x81, 0x81, 0x3, 0x3, 0x2, 0x6, 0x6,
    0x4, 0x18, 0x60, 0x83, 0xc, 0x10, 0x61, 0x80,
    0x0,

    /* U+300A "《" */
    0x9, 0x1b, 0x12, 0x32, 0x24, 0x64, 0x48, 0xc8,
    0x90, 0x90, 0x90, 0x48, 0x48, 0x24, 0x24, 0x32,
    0x12, 0x19, 0x9,

    /* U+300B "》" */
    0x90, 0x98, 0x48, 0x4c, 0x24, 0x26, 0x12, 0x13,
    0x9, 0x9, 0x19, 0x12, 0x12, 0x24, 0x24, 0x4c,
    0x48, 0x98, 0x90,

    /* U+300C "「" */
    0xfe, 0x8, 0x20, 0x82, 0x8, 0x20, 0x82, 0x8,
    0x20, 0x80,

    /* U+300D "」" */
    0x4, 0x10, 0x41, 0x4, 0x10, 0x41, 0x4, 0x10,
    0x41, 0xfc,

    /* U+300E "『" */
    0xff, 0x81, 0x9f, 0x90, 0x90, 0x90, 0x90, 0x90,
    0x90, 0x90, 0x90, 0x90, 0x90, 0xf0,

    /* U+300F "』" */
    0xf, 0x9, 0x9, 0x9, 0x9, 0x9, 0x9, 0x9,
    0x9, 0x9, 0xf9, 0x81, 0x81, 0xff,

    /* U+3010 "【" */
    0xfb, 0xef, 0x38, 0xe3, 0x8c, 0x30, 0xc3, 0xc,
    0x30, 0xc3, 0x8e, 0x3c, 0xfb, 0xe0,

    /* U+3011 "】" */
    0x7d, 0xf3, 0xc7, 0x1c, 0x30, 0xc3, 0xc, 0x30,
    0xc3, 0x1c, 0x71, 0xcf, 0x7f, 0xf0,

    /* U+4E00 "一" */
    0xff, 0xff, 0xc0,

    /* U+4E09 "三" */
    0x7f, 0xff, 0x0, 0x0, 0x0, 0x0, 0x0, 0x0,
    0x0, 0x0, 0x0, 0x0, 0x0, 0x0, 0x0, 0x7f,
    0xf8, 0x0, 0x0, 0x0, 0x0, 0x0, 0x0, 0x0,
    0x0, 0x0, 0x0, 0x0, 0x0, 0x3, 0xff, 0xfe,

    /* U+4E0A "上" */
    0x1, 0x80, 0x0, 0x60, 0x0, 0x18, 0x0, 0x6,
    0x0, 0x1, 0x80, 0x0, 0x60, 0x0, 0x1f, 0xf8,
    0x6, 0x0, 0x1, 0x80, 0x0, 0x60, 0x0, 0x18,
    0x0, 0x6, 0x0, 0x1, 0x80, 0x0, 0x60, 0x0,
    0x18, 0x3, 0xff, 0xff, 0xff, 0xff, 0xc0,

    /* U+4E0B "下" */
    0xff, 0xff, 0xff, 0xff, 0xfc, 0x3, 0x0, 0x0,
    0x60, 0x0, 0xc, 0x0, 0x1, 0xc0, 0x0, 0x3e,
    0x0, 0x6, 0xf0, 0x0, 0xc7, 0x0, 0x18, 0x30,
    0x3, 0x0, 0x0, 0x60, 0x0, 0xc, 0x0, 0x1,
    0x80, 0x0, 0x30, 0x0, 0x6, 0x0, 0x0, 0xc0,
    0x0,

    /* U+4E0D "不" */
    0x7f, 0xff, 0xc0, 0x6, 0x0, 0x1, 0x80, 0x0,
    0x60, 0x0, 0x1c, 0x0, 0x3, 0xb0, 0x0, 0xd3,
    0x80, 0x72, 0x38, 0x1c, 0x41, 0x87, 0x8, 0x19,
    0x81, 0x1, 0x0, 0x20, 0x0, 0x4, 0x0, 0x0,
    0x80, 0x0, 0x10, 0x0, 0x2, 0x0, 0x0, 0x40,
    0x0,

    /* U+4E16 "世" */
    0x0, 0xc3, 0x3, 0x18, 0x60, 0x63, 0xc, 0xc,
    0x61, 0x81, 0x8c, 0x31, 0xff, 0xff, 0xc6, 0x30,
    0xc0, 0xc6, 0x18, 0x18, 0xc3, 0x3, 0x18, 0x60,
    0x63, 0xc, 0xc, 0x61, 0x81, 0x8f, 0xf0, 0x30,
    0x0, 0x6, 0x0, 0x0, 0xc0, 0x0, 0x1f, 0xff,
    0xc0,

    /* U+4E2D "中" */
    0x1, 0x80, 0x0, 0xc0, 0x0, 0x60, 0x0, 0x30,
    0xf, 0xff, 0xfe, 0xc, 0xf, 0x6, 0x7, 0x83,
    0x3, 0xc1, 0x81, 0xe0, 0xc0, 0xf0, 0x60, 0x7f,
    0xff, 0xfc, 0x18, 0x18, 0xc, 0x0, 0x6, 0x0,
    0x3, 0x0, 0x1, 0x80, 0x0, 0xc0, 0x0, 0x60,
    0x0,

    /* U+4E3B "主" */
    0x1, 0x0, 0x0, 0x70, 0x0, 0x6, 0x0, 0x0,
    0x80, 0x7f, 0xff, 0x9f, 0xff, 0xe0, 0xc, 0x0,
    0x3, 0x0, 0x0, 0xc0, 0x0, 0x30, 0x3, 0xff,
    0xf0, 0x3, 0x0, 0x0, 0xc0, 0x0, 0x30, 0x0,
    0xc, 0x0, 0x3, 0x0, 0xff, 0xff, 0xff, 0xff,
    0xf0,

    /* U+4E4B "之" */
    0x0, 0x80, 0x0, 0x18, 0x0, 0x1, 0x80, 0x0,
    0x10, 0x7, 0xff, 0xf8, 0x0, 0x6, 0x0, 0x1,
    0xc0, 0x0, 0x30, 0x0, 0xc, 0x0, 0x3, 0x0,
    0x0, 0xc0, 0x0, 0x30, 0x0, 0xc, 0x0, 0x7,
    0x0, 0x1, 0xc0, 0x0, 0xe0, 0x0, 0x66, 0x0,
    0x8, 0x3f, 0xfc,

    /* U+4E5F "也" */
    0x0, 0x60, 0x1, 0xc, 0x0, 0x21, 0x80, 0x4,
    0x30, 0x40, 0x86, 0xf8, 0x10, 0xf9, 0x2, 0xf8,
    0x21, 0xf3, 0x4, 0xf8, 0x60, 0x81, 0xc, 0x10,
    0x21, 0x82, 0x4, 0x30, 0x40, 0x86, 0x0, 0x10,
    0xc0, 0x82, 0x0, 0x18, 0x40, 0x2, 0x8, 0x0,
    0x41, 0x0, 0x18, 0x1f, 0xfe, 0x0,

    /* U+4E86 "了" */
    0xff, 0xff, 0x0, 0x6, 0x0, 0x1c, 0x0, 0x38,
    0x0, 0xf0, 0x1, 0xc0, 0x1, 0x80, 0x1, 0x80,
    0x1, 0x80, 0x1, 0x80, 0x1, 0x80, 0x1, 0x80,
    0x1, 0x80, 0x1, 0x80, 0x1, 0x80, 0x1, 0x80,
    0x1f, 0x80,

    /* U+4E8B "事" */
    0x0, 0xc0, 0x0, 0x30, 0xf, 0xff, 0xfc, 0x3,
    0x0, 0x1f, 0xff, 0x4, 0x30, 0xc1, 0xc, 0x30,
    0x7f, 0xfc, 0x0, 0xc0, 0xf, 0xff, 0xc0, 0xc,
    0x30, 0x3, 0xc, 0xff, 0xff, 0xc0, 0x30, 0xc7,
    0xff, 0xf0, 0x3, 0xc, 0x0, 0xc0, 0x0, 0x30,
    0x0, 0x7c, 0x0,

    /* U+4E8C "二" */
    0x3f, 0xff, 0x0, 0x0, 0x0, 0x0, 0x0, 0x0,
    0x0, 0x0, 0x0, 0x0, 0x0, 0x0, 0x0, 0x0,
    0x0, 0x0, 0x0, 0x0, 0x0, 0x0, 0x0, 0x0,
    0x0, 0x0, 0x0, 0xff, 0xff, 0xc0,

    /* U+4E94 "五" */
    0x7f, 0xff, 0x9f, 0xff, 0xe0, 0x18, 0x0, 0x6,
    0x0, 0x1, 0x0, 0x0, 0x40, 0x3, 0xff, 0xe0,
    0xc, 0x18, 0x3, 0x4, 0x0, 0xc1, 0x0, 0x20,
    0x40, 0x8, 0x10, 0x6, 0xc, 0x1, 0x83, 0xf,
    0xff, 0xff, 0xff, 0xff,

    /* U+4EBA "人" */
    0x0, 0xc0, 0x0, 0x18, 0x0, 0x3, 0x0, 0x0,
    0x60, 0x0, 0xc, 0x0, 0x1, 0x80, 0x0, 0x30,
    0x0, 0xf, 0x0, 0x1, 0xe0, 0x0, 0x34, 0x0,
    0xc, 0xc0, 0x1, 0x88, 0x0, 0x61, 0x80, 0x1c,
    0x18, 0x3, 0x3, 0x80, 0xc0, 0x38, 0x70, 0x3,
    0x9c, 0x0, 0x18, 0x0, 0x0, 0x0,

    /* U+4EC0 "什" */
    0x4, 0x18, 0x3, 0x6, 0x0, 0x81, 0x80, 0x60,
    0x60, 0x10, 0x18, 0xc, 0x6, 0x7, 0x1, 0x83,
    0x5f, 0xff, 0xd0, 0x18, 0x4, 0x6, 0x1, 0x1,
    0x80, 0x40, 0x60, 0x10, 0x18, 0x4, 0x6, 0x1,
    0x1, 0x80, 0x40, 0x60, 0x10, 0x18, 0x4, 0x6,
    0x1, 0x1, 0x80,

    /* U+4EC1 "仁" */
    0x6, 0x0, 0x3, 0x0, 0x0, 0xc0, 0x0, 0x67,
    0xfe, 0x10, 0x0, 0xc, 0x0, 0x7, 0x0, 0x3,
    0x40, 0x0, 0x90, 0x0, 0x4, 0x0, 0x1, 0x0,
    0x0, 0x40, 0x0, 0x10, 0x0, 0x4, 0x0, 0x1,
    0x0, 0x0, 0x4f, 0xff, 0x10, 0x0, 0x4, 0x0,
    0x0,

    /* U+4ED6 "他" */
    0x6, 0x8, 0x0, 0x81, 0x0, 0x32, 0x20, 0x4,
    0x44, 0x1, 0x88, 0xbc, 0x61, 0x1f, 0x8c, 0x3f,
    0x33, 0x8f, 0x46, 0xd7, 0x88, 0xc2, 0x11, 0x18,
    0x42, 0x23, 0x8, 0x44, 0x61, 0x8, 0x8c, 0x21,
    0x10, 0x4, 0x20, 0x10, 0x84, 0x3, 0x10, 0x80,
    0x62, 0x10, 0xc, 0x41, 0xff, 0x0,

    /* U+4ED8 "付" */
    0x4, 0x3, 0x1, 0x80, 0x60, 0x20, 0xc, 0xc,
    0x1, 0x81, 0xbf, 0xfe, 0x70, 0x6, 0x1e, 0x0,
    0xc6, 0xc4, 0x18, 0x59, 0x83, 0x3, 0x18, 0x60,
    0x61, 0xc, 0xc, 0x31, 0x81, 0x82, 0x30, 0x30,
    0x6, 0x6, 0x0, 0xc0, 0xc0, 0x18, 0x18, 0x3,
    0x3, 0x7, 0xc0,

    /* U+4EE5 "以" */
    0x18, 0x0, 0x81, 0x80, 0x18, 0x18, 0xc1, 0x81,
    0x84, 0x18, 0x18, 0x61, 0x81, 0x83, 0x10, 0x18,
    0x23, 0x1, 0x80, 0x30, 0x18, 0x2, 0x1, 0x80,
    0x60, 0x18, 0x86, 0x1, 0xf8, 0xf0, 0x1e, 0x1b,
    0x8f, 0x83, 0x9c, 0x40, 0x60, 0xc0, 0x1c, 0x6,
    0x3, 0x0, 0x20,

    /* U+4EFD "份" */
    0x4, 0x0, 0x0, 0x81, 0xc0, 0x31, 0xbc, 0x4,
    0x30, 0x81, 0x8c, 0x18, 0x61, 0x81, 0xc, 0x60,
    0x33, 0x98, 0x3, 0xd0, 0xff, 0x82, 0x1f, 0xf0,
    0x40, 0xc6, 0x8, 0x18, 0xc1, 0x3, 0x18, 0x20,
    0x43, 0x4, 0x18, 0x60, 0x82, 0xc, 0x10, 0xc1,
    0x2, 0x30, 0x20, 0x4c, 0x3c, 0x0,

    /* U+4F01 "企" */
    0x0, 0xc0, 0x0, 0x18, 0x0, 0x7, 0x80, 0x1,
    0x98, 0x0, 0xe1, 0xc0, 0x31, 0x8c, 0x1c, 0x30,
    0xe6, 0x6, 0x6, 0x0, 0xc0, 0x2, 0x18, 0x0,
    0x43, 0xfc, 0x8, 0x60, 0x1, 0xc, 0x0, 0x21,
    0x80, 0x4, 0x30, 0x0, 0x86, 0x0, 0x10, 0xc0,
    0x1f, 0xff, 0xfb, 0xff, 0xff, 0x0,

    /* U+4F11 "休" */
    0x6, 0x10, 0x3, 0x4, 0x0, 0xc1, 0x0, 0x60,
    0x40, 0x10, 0x10, 0xd, 0xff, 0xf7, 0x3, 0x83,
    0x41, 0xf0, 0x90, 0x54, 0x4, 0x35, 0x81, 0xd,
    0x20, 0x46, 0x4c, 0x13, 0x11, 0x85, 0xc4, 0x31,
    0x61, 0xc, 0x40, 0x40, 0x10, 0x10, 0x4, 0x4,
    0x0,

    /* U+4F34 "伴" */
    0x4, 0x18, 0x81, 0xe3, 0x18, 0x26, 0x62, 0xc,
    0xcc, 0xc3, 0x9, 0x90, 0x60, 0x30, 0x1c, 0xff,
    0xf6, 0x80, 0xc0, 0x10, 0x18, 0x2, 0x3, 0x0,
    0x40, 0x60, 0xb, 0xff, 0xf1, 0x1, 0x80, 0x20,
    0x30, 0x4, 0x6, 0x0, 0x80, 0xc0, 0x10, 0x18,
    0x2, 0x3, 0x0,

    /* U+4F46 "但" */
    0x6, 0x0, 0x1, 0x9f, 0xf0, 0x32, 0x2, 0xc,
    0x40, 0x41, 0x8, 0x8, 0x61, 0x1, 0x1c, 0x3f,
    0xe6, 0x84, 0x4, 0x10, 0x80, 0x82, 0x10, 0x10,
    0x42, 0x2, 0x8, 0x40, 0x41, 0xf, 0xf8, 0x20,
    0x0, 0x4, 0x0, 0x0, 0x80, 0x0, 0x13, 0xff,
    0xe2, 0x0, 0x0,

    /* U+4F4D "位" */
    0x8, 0x30, 0x2, 0xc, 0x0, 0x81, 0x0, 0x60,
    0x40, 0x13, 0xff, 0x8c, 0x0, 0x3, 0x8, 0x31,
    0xc6, 0xc, 0xd0, 0x83, 0x4, 0x20, 0x81, 0x8,
    0x20, 0x43, 0x18, 0x10, 0xc6, 0x4, 0x31, 0x81,
    0xc, 0x40, 0x41, 0x10, 0x10, 0xc, 0x5, 0xff,
    0xf1, 0x0, 0x0,

    /* U+4F4F "住" */
    0xc, 0x30, 0x1, 0x83, 0x0, 0x20, 0x60, 0xc,
    0x0, 0x3, 0x3f, 0xfc, 0x60, 0x30, 0x1c, 0x6,
    0x6, 0x80, 0xc0, 0x10, 0x18, 0x2, 0x7f, 0xf8,
    0x40, 0x60, 0x8, 0xc, 0x1, 0x1, 0x80, 0x20,
    0x30, 0x4, 0x6, 0x0, 0xbf, 0xff, 0x17, 0xff,
    0xe2, 0x0, 0x0,

    /* U+4F60 "你" */
    0x4, 0x40, 0x1, 0x98, 0x0, 0x23, 0x0, 0xc,
    0x7f, 0xf1, 0x1f, 0xfe, 0x63, 0x10, 0xdc, 0xc2,
    0x1e, 0xb0, 0x46, 0xd0, 0x9, 0x2, 0x19, 0x30,
    0x43, 0x26, 0x8, 0x44, 0x61, 0x18, 0x8c, 0x22,
    0x11, 0x84, 0xc2, 0x18, 0x80, 0x42, 0x10, 0x8,
    0x2, 0x7, 0x0,

    /* U+4F86 "來" */
    0x0, 0xc0, 0x0, 0x18, 0x0, 0x3, 0x0, 0x7f,
    0xff, 0xe0, 0xc, 0x0, 0x11, 0x8c, 0x6, 0x31,
    0x80, 0xc6, 0x30, 0x3c, 0xcf, 0x4, 0xd9, 0x31,
    0x87, 0xe3, 0x20, 0xf0, 0x0, 0x3f, 0x0, 0xd,
    0xb0, 0x7, 0x33, 0x81, 0xc6, 0x38, 0xe0, 0xc1,
    0xd8, 0x18, 0x18, 0x3, 0x0, 0x0,

    /* U+4F8B "例" */
    0xc, 0x0, 0x42, 0xfe, 0x10, 0x88, 0x64, 0x66,
    0x19, 0x31, 0x86, 0x4c, 0x7d, 0x97, 0x11, 0x67,
    0x4c, 0x59, 0x53, 0x36, 0x45, 0xed, 0x91, 0x46,
    0x64, 0x41, 0x99, 0x10, 0x66, 0x44, 0x10, 0x11,
    0xc, 0x4, 0x46, 0x1, 0x13, 0x0, 0x44, 0x80,
    0xf0,

    /* U+4FBF "便" */
    0x4, 0x0, 0x1, 0xbf, 0xf8, 0x30, 0x20, 0xc,
    0xff, 0xe1, 0x90, 0x84, 0x62, 0x10, 0x9c, 0x42,
    0x13, 0x8f, 0xfe, 0x51, 0x8, 0x42, 0x21, 0x8,
    0x47, 0xff, 0x8, 0x4, 0x1, 0x11, 0x80, 0x21,
    0x20, 0x4, 0x1c, 0x0, 0x83, 0xc0, 0x13, 0xcf,
    0xe2, 0xe0, 0x38,

    /* U+4FE1 "信" */
    0xc, 0x30, 0x1, 0x82, 0x0, 0x20, 0x40, 0xd,
    0xff, 0xf3, 0x0, 0x0, 0x63, 0xfe, 0x1c, 0x0,
    0x2, 0x80, 0x0, 0x11, 0xff, 0x2, 0x0, 0x0,
    0x40, 0x0, 0x9, 0xff, 0xc1, 0x30, 0x18, 0x26,
    0x3, 0x4, 0xc0, 0x60, 0x98, 0xc, 0x13, 0xff,
    0x82, 0x60, 0x30,

    /* U+4FEE "修" */
    0xc, 0x30, 0x1, 0x4, 0x0, 0x69, 0xff, 0x9,
    0x70, 0xc3, 0x3b, 0x30, 0x64, 0x3c, 0x1c, 0x87,
    0x86, 0x93, 0x9c, 0x93, 0xc4, 0xe2, 0x41, 0x80,
    0x49, 0xc4, 0x9, 0x23, 0x1, 0x21, 0xc4, 0x24,
    0xc1, 0x84, 0x0, 0xe0, 0x80, 0x70, 0x10, 0xf8,
    0x2, 0x18, 0x0,

    /* U+5009 "倉" */
    0x0, 0x60, 0x0, 0x1e, 0x0, 0x7, 0x60, 0x1,
    0x87, 0x0, 0xff, 0xf8, 0xf8, 0x7, 0xdc, 0x0,
    0x3a, 0x7f, 0xf8, 0xc, 0x3, 0x1, 0xff, 0xe0,
    0x30, 0xc, 0x7, 0xff, 0x80, 0xc0, 0x0, 0x3f,
    0xfe, 0x7, 0x80, 0x41, 0xf0, 0x8, 0x36, 0x1,
    0xc, 0xff, 0xe0, 0x18, 0x4, 0x0,

    /* U+500B "個" */
    0xc, 0x0, 0x1, 0x7f, 0xfc, 0x6c, 0x1, 0x89,
    0x84, 0x33, 0x30, 0x86, 0x66, 0xfe, 0xdc, 0xc2,
    0x1e, 0x98, 0x43, 0x53, 0x3e, 0x62, 0x64, 0x4c,
    0x4c, 0x89, 0x89, 0x91, 0x31, 0x33, 0xe6, 0x26,
    0x0, 0xc4, 0xc0, 0x18, 0x9f, 0xff, 0x13, 0x0,
    0x62, 0x60, 0xc,

    /* U+5011 "們" */
    0xc, 0x0, 0x1, 0x7f, 0xfc, 0x2c, 0xf1, 0x8d,
    0x9e, 0x31, 0x3f, 0xfe, 0x66, 0x78, 0xcc, 0xcf,
    0x1b, 0x99, 0xe3, 0x53, 0xff, 0xea, 0x60, 0xc,
    0x4c, 0x1, 0x89, 0x80, 0x31, 0x30, 0x6, 0x26,
    0x0, 0xc4, 0xc0, 0x18, 0x98, 0x3, 0x13, 0x0,
    0x62, 0x60, 0xc, 0x4c, 0x1f, 0x0,

    /* U+5047 "假" */
    0x10, 0x0, 0x5, 0xfb, 0xe1, 0x62, 0x8, 0xd8,
    0x82, 0x26, 0x20, 0x89, 0x88, 0x26, 0x7e, 0xf9,
    0x98, 0x0, 0xe6, 0x0, 0x29, 0x87, 0xe2, 0x7f,
    0xf8, 0x98, 0x22, 0x26, 0x9, 0x9, 0xf9, 0x42,
    0x60, 0x70, 0x98, 0x18, 0x26, 0xf, 0x9, 0x86,
    0x72, 0x63, 0x8,

    /* U+505C "停" */
    0x4, 0x18, 0x1, 0x83, 0x0, 0x3f, 0xff, 0x84,
    0x0, 0x1, 0x9f, 0xf8, 0x23, 0x1, 0xc, 0x60,
    0x23, 0x8f, 0xfc, 0xf0, 0x0, 0xa, 0x0, 0x0,
    0x4f, 0xff, 0x89, 0x0, 0x31, 0x3f, 0xfe, 0x23,
    0xff, 0x4, 0x6, 0x0, 0x80, 0xc0, 0x10, 0x18,
    0x2, 0x3, 0x0, 0x41, 0xe0, 0x0,

    /* U+5065 "健" */
    0x10, 0x8, 0x6, 0x2, 0x1, 0x7f, 0xf8, 0xc4,
    0x22, 0x31, 0x8, 0x98, 0x9f, 0xf6, 0x20, 0x8b,
    0x90, 0x22, 0xaf, 0xff, 0xa8, 0x62, 0x2, 0x17,
    0xf8, 0x94, 0x20, 0x25, 0x8, 0x9, 0xdf, 0xe2,
    0x30, 0x80, 0x8c, 0x20, 0x27, 0x80, 0xb, 0x38,
    0x3, 0x83, 0xfc,

    /* U+5099 "備" */
    0x18, 0x44, 0xc, 0x22, 0x5, 0xff, 0xe6, 0x8,
    0x83, 0x4, 0x43, 0x3f, 0xfd, 0x9f, 0xff, 0xc3,
    0x0, 0xa3, 0x0, 0x53, 0xff, 0xcf, 0xc4, 0x65,
    0x62, 0x32, 0x3f, 0xf9, 0x18, 0x8c, 0x8f, 0xfe,
    0x46, 0x23, 0x22, 0x11, 0x93, 0x8, 0xc9, 0x4,
    0xc0,

    /* U+512A "優" */
    0x4, 0x0, 0x1, 0xff, 0xfc, 0x20, 0x60, 0xc,
    0xff, 0xc1, 0x98, 0x18, 0x63, 0xff, 0xc, 0x60,
    0x63, 0x8f, 0xfc, 0xd3, 0xff, 0xea, 0x40, 0x4,
    0x4b, 0xb6, 0x88, 0xb0, 0x61, 0x3, 0xe0, 0x23,
    0xff, 0x4, 0x70, 0xe0, 0x9b, 0x38, 0x10, 0x3c,
    0x2, 0x3f, 0xf8, 0x4e, 0x7, 0x80,

    /* U+5132 "儲" */
    0x10, 0xc, 0x4, 0x83, 0x11, 0x10, 0xcc, 0xc0,
    0xfe, 0x2f, 0xcd, 0x98, 0x3, 0x46, 0x0, 0xf3,
    0x9f, 0xff, 0xa0, 0xc, 0x29, 0xf6, 0x2, 0x7f,
    0xfc, 0x80, 0xe3, 0x27, 0xd8, 0xc9, 0x17, 0xf2,
    0x45, 0x8c, 0x91, 0x63, 0x27, 0xd8, 0xc9, 0xf7,
    0xf2, 0x41, 0x8c,

    /* U+5144 "兄" */
    0x1f, 0xff, 0x83, 0x0, 0x30, 0x60, 0x6, 0xc,
    0x0, 0xc1, 0x80, 0x18, 0x30, 0x3, 0x7, 0xff,
    0xe0, 0xff, 0xfc, 0x2, 0x18, 0x0, 0x43, 0x0,
    0x18, 0x60, 0x3, 0xc, 0x0, 0x61, 0x82, 0x18,
    0x30, 0x46, 0x6, 0x9, 0x80, 0xc1, 0x60, 0xf,
    0xc0,

    /* U+5148 "先" */
    0x0, 0xc0, 0x6, 0x30, 0x1, 0x8c, 0x0, 0x7f,
    0xfe, 0x30, 0xc0, 0x18, 0x30, 0x6, 0xc, 0x0,
    0x3, 0x0, 0xff, 0xff, 0xff, 0xff, 0xf0, 0x61,
    0x80, 0x10, 0x60, 0x4, 0x18, 0x3, 0x6, 0x0,
    0x81, 0x84, 0x60, 0x61, 0x30, 0x18, 0x78, 0x7,
    0xe0,

    /* U+5152 "兒" */
    0x7, 0x0, 0x7, 0x1f, 0xc3, 0x0, 0x30, 0xc0,
    0xc, 0x30, 0x3, 0xf, 0xcf, 0xc3, 0x0, 0x30,
    0xc0, 0xc, 0x3f, 0xff, 0xf, 0xff, 0xc0, 0x32,
    0x0, 0xc, 0x80, 0x2, 0x20, 0x1, 0x88, 0x0,
    0x62, 0x4, 0x30, 0x81, 0x38, 0x20, 0x78, 0xf,
    0xe0,

    /* U+5167 "內" */
    0x1f, 0x80, 0x1f, 0x80, 0x1, 0x80, 0x1, 0x80,
    0xff, 0xff, 0xc1, 0x83, 0xc1, 0x83, 0xc3, 0xc3,
    0xc2, 0xc3, 0xc6, 0x63, 0xc4, 0x73, 0xdc, 0x3b,
    0xf0, 0x1b, 0xc0, 0x3, 0xc0, 0x3, 0xc0, 0x3,
    0xc0, 0x3, 0xc0, 0x1e,

    /* U+5168 "全" */
    0x1f, 0xc0, 0x3, 0xfc, 0x0, 0xc, 0xc0, 0x3,
    0xe, 0x0, 0xc0, 0xe0, 0x70, 0xf, 0x3f, 0xff,
    0xfe, 0xff, 0xf2, 0x0, 0xc0, 0x0, 0x18, 0x0,
    0x3, 0x0, 0x1f, 0xff, 0x80, 0xc, 0x0, 0x1,
    0x80, 0x0, 0x30, 0x0, 0x6, 0x0, 0xff, 0xff,
    0xdf, 0xff, 0xf8,

    /* U+516C "公" */
    0x2, 0x7c, 0x0, 0xcf, 0x80, 0x18, 0x10, 0x6,
    0x3, 0x0, 0xc0, 0x30, 0x30, 0x6, 0xc, 0x18,
    0x63, 0x86, 0x6, 0x60, 0xc0, 0x40, 0x30, 0x0,
    0x6, 0x0, 0x1, 0x86, 0x0, 0x60, 0x60, 0x1c,
    0xc, 0x3, 0x0, 0xc1, 0xff, 0xfc, 0x10, 0x1,
    0x80, 0x0, 0x0,

    /* U+516D "六" */
    0x1, 0x80, 0x0, 0x20, 0x0, 0xc, 0x0, 0x1,
    0x0, 0x0, 0x0, 0x3f, 0xff, 0xf0, 0x0, 0x0,
    0x0, 0x0, 0x4, 0x8, 0x3, 0x2, 0x0, 0xc0,
    0xc0, 0x60, 0x18, 0x18, 0x3, 0xc, 0x0, 0xc7,
    0x0, 0x19, 0x80, 0x7, 0xc0, 0x0, 0xc0,

    /* U+5176 "其" */
    0xc, 0x6, 0x1, 0x80, 0xc1, 0xff, 0xff, 0x6,
    0x3, 0x0, 0xc0, 0x60, 0x1f, 0xfc, 0x3, 0x1,
    0x80, 0x60, 0x30, 0xc, 0x6, 0x1, 0xff, 0xc0,
    0x30, 0x18, 0x6, 0x3, 0xf, 0xff, 0xff, 0xff,
    0xff, 0xc0, 0x82, 0x0, 0x78, 0xf0, 0x78, 0x3,
    0xcc, 0x0, 0x18,

    /* U+51AC "冬" */
    0x1, 0x80, 0x0, 0x60, 0x0, 0x1f, 0xfc, 0x7,
    0x3, 0x1, 0xe0, 0xe0, 0x76, 0x38, 0x8, 0x7c,
    0x0, 0x7, 0x0, 0x3, 0xbc, 0x3, 0xc1, 0xf1,
    0xe0, 0x7, 0x80, 0xf0, 0x0, 0x7, 0xc0, 0x0,
    0x10, 0x3, 0x80, 0x0, 0x3f, 0x0, 0x0, 0x7c,
    0x0, 0x1, 0xc0,

    /* U+51FA "出" */
    0x1, 0x80, 0x1, 0x80, 0x61, 0x86, 0x61, 0x86,
    0x61, 0x86, 0x61, 0x86, 0x61, 0x86, 0x7f, 0xfe,
    0x1, 0x80, 0xc1, 0x83, 0xc1, 0x83, 0xc1, 0x83,
    0xc1, 0x83, 0xc1, 0x83, 0xc1, 0x83, 0xff, 0xff,
    0xff, 0xff, 0x0, 0x3,

    /* U+5206 "分" */
    0x0, 0x78, 0x0, 0xcf, 0x80, 0x18, 0x10, 0x6,
    0x3, 0x0, 0xc0, 0x30, 0x30, 0x2, 0xc, 0x0,
    0x63, 0x0, 0x7, 0x5f, 0xff, 0x60, 0x10, 0x60,
    0x6, 0xc, 0x0, 0xc1, 0x80, 0x18, 0x30, 0x6,
    0x6, 0x0, 0xc0, 0xc0, 0x30, 0x18, 0xc, 0x3,
    0x7, 0x0, 0xc1, 0xc0, 0xf8, 0x0,

    /* U+5229 "利" */
    0x3, 0x80, 0xdf, 0xc0, 0x36, 0x40, 0x8c, 0x10,
    0x23, 0x4, 0x8, 0xc1, 0x2, 0x37, 0xfc, 0x8c,
    0x30, 0x23, 0xc, 0x8, 0xc7, 0x82, 0x31, 0x58,
    0x8c, 0xd3, 0x23, 0x24, 0x8, 0xd9, 0x0, 0x34,
    0x40, 0xc, 0x10, 0x3, 0x4, 0x0, 0xc1, 0x1,
    0xf0,

    /* U+5230 "到" */
    0x0, 0x1, 0xff, 0xd1, 0x30, 0x11, 0x22, 0x11,
    0x61, 0x11, 0xdf, 0x91, 0xfc, 0xd1, 0x8, 0x11,
    0x8, 0x11, 0x8, 0x11, 0xff, 0x91, 0x8, 0x11,
    0x8, 0x11, 0x8, 0x41, 0xf, 0xc1, 0x7e, 0x1,
    0xf0, 0x1, 0x0, 0xf,

    /* U+524D "前" */
    0x18, 0x6, 0x3, 0x1, 0x0, 0x40, 0xc3, 0xff,
    0xff, 0x0, 0x0, 0x0, 0x0, 0x7, 0xf9, 0x99,
    0x86, 0x66, 0x61, 0x99, 0x9f, 0xe6, 0x66, 0x19,
    0x99, 0x86, 0x66, 0x7f, 0x99, 0x98, 0x66, 0x64,
    0x18, 0x19, 0x6, 0x6, 0xc1, 0x81, 0xa1, 0xc3,
    0xc0,

    /* U+5283 "劃" */
    0x4, 0x0, 0x2, 0x0, 0x4f, 0xf0, 0x3f, 0xfd,
    0x10, 0x44, 0x88, 0x22, 0x45, 0xff, 0x22, 0x8,
    0x11, 0x3f, 0xc8, 0xff, 0xf4, 0x40, 0x2, 0x2f,
    0xf9, 0x14, 0x44, 0x8b, 0xfe, 0x45, 0x11, 0x2,
    0xff, 0x81, 0x0, 0x0, 0xff, 0xf0, 0x40, 0x1,
    0xe0,

    /* U+529F "功" */
    0x0, 0x10, 0x3f, 0x84, 0xf, 0xe1, 0x0, 0x40,
    0x40, 0x10, 0xff, 0xc4, 0x4, 0x31, 0x1, 0xc,
    0x40, 0x43, 0x10, 0x10, 0xc4, 0xc, 0x31, 0x2,
    0xc, 0x5c, 0x83, 0x3e, 0x60, 0xfc, 0x10, 0x28,
    0xc, 0x8, 0x6, 0x2, 0x3, 0x1, 0x81, 0x83,
    0xc0,

    /* U+52A0 "加" */
    0x10, 0x0, 0x4, 0x0, 0x1, 0x0, 0x0, 0x40,
    0xff, 0xff, 0xb0, 0xc4, 0x6c, 0x31, 0x1b, 0xc,
    0x46, 0xc3, 0x11, 0xb0, 0xc4, 0x6c, 0x31, 0x1b,
    0xc, 0xc6, 0xc3, 0x31, 0xb0, 0xc8, 0x6c, 0x32,
    0x1b, 0xd, 0x86, 0xc3, 0x41, 0xbf, 0xf0, 0xec,
    0x38, 0xf3, 0xc,

    /* U+52A9 "助" */
    0x0, 0x8, 0x1f, 0xc2, 0x6, 0x30, 0x81, 0x8c,
    0x20, 0x63, 0x8, 0x18, 0xdf, 0xf7, 0xf7, 0xfd,
    0x8c, 0x23, 0x63, 0x8, 0xd8, 0xc2, 0x37, 0xf1,
    0x8d, 0x8c, 0x43, 0x63, 0x10, 0xd8, 0xec, 0x36,
    0xfa, 0xf, 0xf1, 0x82, 0xe0, 0xc0, 0x80, 0x70,
    0x60, 0x10, 0xf8,

    /* U+52D5 "動" */
    0x3, 0x8, 0x3f, 0xe2, 0x0, 0x80, 0x80, 0x20,
    0x20, 0xff, 0x88, 0x2, 0xf, 0xff, 0xf8, 0x8e,
    0x22, 0x23, 0x88, 0x88, 0xff, 0xe2, 0x38, 0x88,
    0x8f, 0xfe, 0x63, 0x8, 0x10, 0xff, 0xe4, 0x30,
    0x83, 0xc, 0x26, 0x83, 0xff, 0xe0, 0xbf, 0x30,
    0x60, 0x8, 0xf0,

    /* U+52D9 "務" */
    0x0, 0x10, 0xf, 0xe6, 0x0, 0x8, 0xff, 0x13,
    0x30, 0xc3, 0xcf, 0x10, 0x39, 0x66, 0x1, 0x87,
    0x87, 0xf8, 0x70, 0xff, 0x3b, 0x83, 0x3c, 0x3c,
    0x66, 0x61, 0x1d, 0x8c, 0x2, 0x8f, 0xfc, 0xd0,
    0x31, 0xb2, 0x4, 0x30, 0x41, 0x86, 0x8, 0x61,
    0x81, 0x18, 0x30, 0xe2, 0x1c, 0x0,

    /* U+52DE "勞" */
    0x8, 0x4, 0x12, 0x59, 0x32, 0xa2, 0x58, 0x60,
    0x34, 0x1c, 0x1f, 0x19, 0xdc, 0x64, 0x4, 0xd,
    0xff, 0xff, 0x41, 0x80, 0xd0, 0x60, 0x33, 0xff,
    0xf0, 0x6, 0xc, 0x3, 0x3, 0x0, 0xc0, 0xc0,
    0x70, 0x30, 0x38, 0x8, 0x38, 0x2, 0x18, 0xf,
    0x80,

    /* U+5305 "包" */
    0x6, 0x0, 0x0, 0xc0, 0x0, 0x30, 0x0, 0x7,
    0xff, 0xc1, 0x80, 0x18, 0x60, 0x3, 0x18, 0x0,
    0x66, 0xff, 0xc, 0x18, 0x21, 0x83, 0x4, 0x30,
    0x60, 0x86, 0xf, 0xf0, 0xc1, 0xfe, 0x30, 0x30,
    0x1e, 0x6, 0x0, 0x0, 0xc0, 0x3, 0x18, 0x0,
    0x41, 0x0, 0x18, 0x1f, 0xfe, 0x0,

    /* U+5316 "化" */
    0x0, 0x0, 0x1, 0x98, 0x0, 0x46, 0x0, 0x31,
    0x80, 0x18, 0x60, 0x6, 0x18, 0x3, 0x87, 0xfd,
    0xa1, 0x80, 0x48, 0x60, 0x2, 0x18, 0x0, 0x86,
    0x0, 0x21, 0x80, 0x8, 0x60, 0x2, 0x18, 0x10,
    0x86, 0x4, 0x21, 0x81, 0x8, 0x60, 0x42, 0xf,
    0xe0, 0x80, 0x0,

    /* U+5317 "北" */
    0x3, 0x18, 0x0, 0xc6, 0x0, 0x31, 0x80, 0xc,
    0x60, 0x3, 0x18, 0x1f, 0xc7, 0xf0, 0x31, 0x80,
    0xc, 0x60, 0x3, 0x18, 0x0, 0xc6, 0x0, 0x31,
    0x80, 0xc, 0x61, 0x3, 0x18, 0x40, 0xe6, 0x10,
    0x79, 0x84, 0xf0, 0x61, 0xf0, 0xf, 0x80, 0x0,
    0x0,

    /* U+5340 "區" */
    0xff, 0xff, 0x90, 0x0, 0x4, 0x0, 0x1, 0xf,
    0xf0, 0x42, 0xc, 0x10, 0x83, 0x4, 0x3f, 0xc1,
    0x0, 0x0, 0x40, 0x0, 0x13, 0xe7, 0xc4, 0x89,
    0x11, 0x22, 0x44, 0x48, 0x91, 0x13, 0xe7, 0xc2,
    0x0, 0x0, 0x7f, 0xfe,

    /* U+5347 "升" */
    0x0, 0x46, 0x0, 0x3c, 0xc0, 0x3c, 0x18, 0x3f,
    0x3, 0x0, 0x60, 0x60, 0xc, 0xc, 0x1, 0x81,
    0x80, 0x30, 0x30, 0xff, 0xff, 0xe0, 0xc0, 0xc0,
    0x18, 0x18, 0x3, 0x3, 0x0, 0x60, 0x60, 0x18,
    0xc, 0x3, 0x1, 0x80, 0xc0, 0x30, 0x38, 0x6,
    0xe, 0x0, 0xc1, 0x0, 0x18, 0x0,

    /* U+5348 "午" */
    0x8, 0x0, 0x6, 0x0, 0x1, 0xff, 0xf8, 0xff,
    0xfe, 0x30, 0xc0, 0x18, 0x30, 0x6, 0xc, 0x3,
    0x3, 0x0, 0x0, 0xc0, 0x0, 0x30, 0xf, 0xff,
    0xfc, 0x3, 0x0, 0x0, 0xc0, 0x0, 0x30, 0x0,
    0xc, 0x0, 0x3, 0x0, 0x0, 0xc0, 0x0, 0x30,
    0x0, 0xc, 0x0,

    /* U+5357 "南" */
    0x0, 0xc0, 0x0, 0x30, 0xf, 0xff, 0xfc, 0x3,
    0x0, 0x0, 0xc0, 0x0, 0x30, 0x7, 0xff, 0xf9,
    0x80, 0x6, 0x62, 0x11, 0x98, 0x84, 0x66, 0xff,
    0xd9, 0xbf, 0xf6, 0x60, 0xc1, 0x98, 0x30, 0x66,
    0xff, 0xd9, 0x83, 0x6, 0x60, 0xc1, 0x98, 0x30,
    0x66, 0xc, 0xf8,

    /* U+539F "原" */
    0x3f, 0xff, 0xe6, 0x4, 0x0, 0xc0, 0xc0, 0x18,
    0x10, 0x3, 0x3f, 0xf8, 0x64, 0x3, 0xc, 0x80,
    0x61, 0x9f, 0xfc, 0x32, 0x1, 0x86, 0x40, 0x30,
    0xcf, 0xfe, 0x18, 0x8, 0x3, 0x11, 0x20, 0x46,
    0x26, 0x18, 0xc4, 0x63, 0x30, 0x86, 0x4c, 0x10,
    0xe8, 0x1e, 0x0,

    /* U+53C3 "參" */
    0x0, 0x0, 0x0, 0xcc, 0x0, 0xc0, 0xc0, 0xff,
    0xf8, 0x10, 0x2, 0x4, 0x3, 0x42, 0x4d, 0x99,
    0xff, 0xfe, 0x3, 0x30, 0x83, 0x97, 0x3, 0x8c,
    0x73, 0x9c, 0x47, 0xc, 0x30, 0x0, 0x30, 0x0,
    0xf0, 0x60, 0x20, 0x60, 0x0, 0xf0, 0x7, 0xe0,
    0x1, 0x80, 0x0,

    /* U+53CA "及" */
    0x7f, 0xf8, 0xf, 0xff, 0x0, 0x10, 0x60, 0x2,
    0xc, 0x0, 0x41, 0x0, 0x8, 0x20, 0x1, 0xff,
    0xf0, 0x3f, 0xfe, 0x5, 0x81, 0xc1, 0xb0, 0x30,
    0x23, 0xe, 0x4, 0x21, 0x81, 0x86, 0x60, 0x20,
    0x78, 0xc, 0xf, 0x3, 0x3, 0xf8, 0xe3, 0xc3,
    0xe8, 0xe0, 0x1c,

    /* U+53CB "友" */
    0x3, 0x0, 0x0, 0x60, 0x0, 0xc, 0x0, 0x3f,
    0xff, 0xe0, 0x20, 0x0, 0x4, 0x0, 0x1, 0x80,
    0x0, 0x3f, 0xf8, 0x7, 0x3, 0x0, 0xa0, 0xc0,
    0x36, 0x18, 0x4, 0x66, 0x1, 0x87, 0x80, 0x20,
    0xe0, 0xc, 0x3e, 0x3, 0x1e, 0x78, 0x4f, 0x3,
    0xc0, 0x0, 0x0,

    /* U+53D6 "取" */
    0x7f, 0xe0, 0x7, 0xfe, 0x0, 0x30, 0xff, 0xe3,
    0xc, 0x6, 0x30, 0xd8, 0x63, 0xfd, 0x8c, 0x30,
    0xc8, 0xc3, 0xc, 0x8c, 0x30, 0xcc, 0xc3, 0xfc,
    0x58, 0x30, 0xc7, 0x83, 0xc, 0x70, 0x30, 0xc3,
    0x7, 0xfc, 0x70, 0xf0, 0xcd, 0x80, 0xd, 0x8c,
    0x0, 0xf0, 0x70, 0xe, 0x2,

    /* U+53F0 "台" */
    0x6, 0x0, 0x6, 0x0, 0xc, 0x20, 0x18, 0x30,
    0x30, 0x18, 0x60, 0xc, 0xff, 0xfe, 0x80, 0x3,
    0x0, 0x0, 0x7f, 0xfc, 0x60, 0xc, 0x60, 0xc,
    0x60, 0xc, 0x60, 0xc, 0x60, 0xc, 0x7f, 0xfc,
    0x60, 0xc, 0x60, 0xc,

    /* U+5408 "合" */
    0x0, 0x0, 0x0, 0xc, 0x0, 0x3, 0x80, 0x0,
    0xd8, 0x0, 0x31, 0xc0, 0x1c, 0xc, 0xe, 0x0,
    0xe7, 0xff, 0xf7, 0x40, 0x0, 0x0, 0x0, 0x0,
    0x0, 0x0, 0xf, 0xff, 0x81, 0x80, 0x30, 0x30,
    0x6, 0x6, 0x0, 0xc0, 0xc0, 0x18, 0x1f, 0xff,
    0x3, 0x0, 0x60, 0x60, 0xc, 0x0,

    /* U+540C "同" */
    0xff, 0xff, 0xc0, 0x0, 0xe0, 0x0, 0x70, 0x0,
    0x39, 0xff, 0x9c, 0x0, 0xe, 0x0, 0x7, 0x1f,
    0xe3, 0x88, 0x11, 0xc4, 0x8, 0xe2, 0x4, 0x71,
    0x2, 0x38, 0xff, 0x1c, 0x40, 0xe, 0x0, 0x7,
    0x0, 0x3, 0x80, 0x1, 0xc0, 0x7, 0x80,

    /* U+544A "告" */
    0x10, 0xc0, 0x6, 0x30, 0x1, 0xc, 0x0, 0xff,
    0xfc, 0x60, 0xc0, 0x18, 0x30, 0xc, 0xc, 0x0,
    0x3, 0x0, 0xff, 0xff, 0xff, 0xff, 0xf0, 0x0,
    0x0, 0xff, 0xfc, 0x30, 0x3, 0xc, 0x0, 0xc3,
    0x0, 0x30, 0xc0, 0xc, 0x3f, 0xff, 0xc, 0x0,
    0xc3, 0x0, 0x30,

    /* U+548C "和" */
    0x1, 0x0, 0xf, 0x80, 0x1a, 0x1f, 0xe1, 0xc,
    0x30, 0x86, 0x18, 0x43, 0xf, 0xff, 0x86, 0x30,
    0xc3, 0x1c, 0x61, 0x9f, 0x30, 0xca, 0x98, 0x65,
    0x6c, 0x34, 0x96, 0x1e, 0x43, 0xe, 0x21, 0x87,
    0x10, 0xff, 0x8, 0x61, 0x84, 0x30, 0xc2, 0x0,
    0x0,

    /* U+5496 "咖" */
    0x0, 0x80, 0x0, 0x20, 0xf, 0x88, 0x3, 0x22,
    0x3f, 0xcb, 0xfc, 0xf2, 0x2f, 0x3c, 0x8b, 0xcf,
    0x22, 0xf3, 0xc8, 0xbc, 0xf2, 0x2f, 0x3c, 0x8b,
    0xcf, 0x26, 0xf3, 0xf9, 0xbc, 0xf0, 0x4f, 0x3c,
    0x13, 0xcc, 0xc, 0xff, 0x6, 0x2c, 0xc3, 0x8b,
    0x30, 0x4e, 0x0,

    /* U+54C1 "品" */
    0xf, 0xfe, 0x2, 0x1, 0x80, 0x80, 0x60, 0x20,
    0x18, 0x8, 0x6, 0x3, 0xff, 0x80, 0x0, 0x0,
    0x0, 0x0, 0x0, 0x0, 0x3f, 0xdf, 0xfc, 0x36,
    0xf, 0xd, 0x83, 0xc3, 0x60, 0xf0, 0xd8, 0x3c,
    0x36, 0xf, 0xfd, 0xff, 0xc3, 0x60, 0xf0, 0xd8,
    0x30,

    /* U+5546 "商" */
    0x0, 0xc0, 0x0, 0x30, 0xf, 0xff, 0xfc, 0x10,
    0x30, 0x6, 0x18, 0x1f, 0xff, 0xe7, 0xff, 0xf9,
    0x88, 0x86, 0x62, 0x21, 0x9b, 0x8f, 0xe7, 0x80,
    0x19, 0x9f, 0xe6, 0x66, 0x19, 0x99, 0x86, 0x66,
    0x7f, 0x99, 0x98, 0x6, 0x60, 0x1, 0x98, 0x3,
    0xc0,

    /* U+5561 "啡" */
    0x0, 0x66, 0x1f, 0x8c, 0xc3, 0xf1, 0x98, 0x63,
    0xf3, 0xfc, 0x46, 0x61, 0x88, 0xcc, 0x31, 0x19,
    0x86, 0x3f, 0x3e, 0xc4, 0x66, 0x18, 0x8c, 0xc3,
    0xf1, 0x98, 0x7f, 0xf3, 0xfc, 0x34, 0x60, 0x1,
    0x8c, 0x0, 0x31, 0x80, 0xc, 0x30, 0x1, 0x6,
    0x0, 0x40, 0xc0,

    /* U+5589 "喉" */
    0x0, 0xff, 0x3e, 0x2f, 0xcc, 0x98, 0x13, 0x24,
    0x4, 0xcb, 0x7f, 0xf2, 0xc4, 0xc, 0xf1, 0x3,
    0x34, 0xff, 0xc9, 0x3f, 0xf2, 0x59, 0xc, 0x90,
    0x43, 0xe5, 0xff, 0xc1, 0x4, 0x30, 0x43, 0xc0,
    0x10, 0x98, 0x4, 0x62, 0x1, 0x70, 0xc0, 0x58,
    0x0,

    /* U+5609 "嘉" */
    0x0, 0x60, 0xf, 0xff, 0xfc, 0x1, 0x80, 0xf,
    0xff, 0xc0, 0x0, 0x0, 0x3f, 0xff, 0x6, 0x0,
    0x60, 0xc0, 0xc, 0x1f, 0xff, 0x80, 0x61, 0x81,
    0xff, 0xff, 0x0, 0x0, 0x0, 0x40, 0x0, 0x7f,
    0xbf, 0x83, 0x34, 0x30, 0xc6, 0x86, 0x30, 0x9f,
    0xcc, 0x72, 0x18,

    /* U+56DB "四" */
    0xff, 0xff, 0xff, 0xff, 0xf0, 0x88, 0x78, 0x44,
    0x3c, 0x22, 0x1e, 0x11, 0xf, 0x8, 0x87, 0x88,
    0x43, 0xc4, 0x21, 0xe6, 0x1f, 0xfe, 0x0, 0x78,
    0x0, 0x3c, 0x0, 0x1f, 0xff, 0xff, 0x0, 0x7,
    0x80, 0x0,

    /* U+56DE "回" */
    0xff, 0xff, 0xe0, 0x0, 0xf0, 0x0, 0x78, 0x0,
    0x3c, 0x0, 0x1e, 0x3f, 0x8f, 0x10, 0x47, 0x88,
    0x23, 0xc4, 0x11, 0xe2, 0x8, 0xf1, 0x4, 0x78,
    0xfe, 0x3c, 0x0, 0x1e, 0x0, 0xf, 0x0, 0x7,
    0xff, 0xff, 0xc0, 0x1, 0xe0, 0x0, 0xc0,

    /* U+56FA "固" */
    0xff, 0xff, 0xe0, 0x0, 0xf0, 0x0, 0x78, 0x10,
    0x3c, 0x8, 0x1e, 0xff, 0xef, 0x2, 0x7, 0x81,
    0x3, 0xc7, 0xf9, 0xe2, 0x4, 0xf1, 0x2, 0x78,
    0x81, 0x3c, 0x7f, 0x9e, 0x0, 0xf, 0x0, 0x7,
    0xff, 0xff, 0xc0, 0x1, 0xe0, 0x0, 0xc0,

    /* U+570B "國" */
    0xff, 0xff, 0xe0, 0x0, 0xf0, 0x12, 0x78, 0x8,
    0x3d, 0xff, 0xde, 0x2, 0xf, 0x3d, 0x27, 0x92,
    0x93, 0xc9, 0x29, 0xe7, 0x98, 0xf0, 0xc, 0x78,
    0x36, 0xbd, 0xf7, 0x5e, 0x86, 0xef, 0x6, 0x7,
    0x80, 0x3, 0xff, 0xff, 0xe0, 0x0, 0xc0,

    /* U+5712 "園" */
    0xff, 0xff, 0xf0, 0x0, 0x3c, 0x8, 0xf, 0x3f,
    0xe3, 0xc0, 0x80, 0xf7, 0xff, 0x3c, 0x0, 0xf,
    0x3f, 0xe3, 0xc8, 0x8, 0xf3, 0xfe, 0x3c, 0x30,
    0xf, 0x33, 0x33, 0xd4, 0x38, 0xf1, 0x6, 0x3c,
    0x78, 0xcf, 0x20, 0x3, 0xff, 0xff, 0xf0, 0x0,
    0x30,

    /* U+5718 "團" */
    0xff, 0xff, 0xe0, 0x0, 0xf0, 0x20, 0x7b, 0xff,
    0xbc, 0x8, 0x1e, 0x7f, 0xcf, 0x3f, 0xe7, 0x91,
    0x13, 0xc7, 0xf1, 0xef, 0xfc, 0xf0, 0x5, 0x7b,
    0xff, 0xfc, 0x41, 0x1e, 0x10, 0x8f, 0x1, 0x87,
    0xff, 0xff, 0xc0, 0x1, 0xe0, 0x0, 0xc0,

    /* U+571F "土" */
    0x0, 0xc0, 0x0, 0x30, 0x0, 0xc, 0x0, 0x3,
    0x0, 0x0, 0xc0, 0x0, 0x30, 0x7, 0xff, 0xf8,
    0x3, 0x0, 0x0, 0xc0, 0x0, 0x30, 0x0, 0xc,
    0x0, 0x3, 0x0, 0x0, 0xc0, 0x0, 0x30, 0x0,
    0xc, 0x3, 0xff, 0xff, 0xff, 0xff, 0xc0,

    /* U+5728 "在" */
    0x1, 0x0, 0x0, 0xc0, 0x0, 0x30, 0x3, 0xff,
    0xff, 0x6, 0x0, 0x3, 0x4, 0x0, 0x81, 0x0,
    0x60, 0x40, 0x30, 0x10, 0x1c, 0xff, 0xed, 0x1,
    0x2, 0x40, 0x40, 0x10, 0x10, 0x4, 0x4, 0x1,
    0x1, 0x0, 0x40, 0x40, 0x13, 0xff, 0xc4, 0xff,
    0xf0,

    /* U+5730 "地" */
    0x10, 0x8, 0x2, 0x1, 0x0, 0x42, 0x20, 0x8,
    0x44, 0x1, 0x8, 0x9c, 0xf9, 0x1f, 0x84, 0x2f,
    0x30, 0x87, 0xc6, 0x13, 0x88, 0xc2, 0x51, 0x18,
    0x42, 0x22, 0xa, 0x44, 0xc1, 0xe8, 0x98, 0xf1,
    0x10, 0x38, 0x20, 0x8, 0x4, 0x1, 0x0, 0x80,
    0x60, 0x10, 0xc, 0x1, 0xff, 0x0,

    /* U+57CE "城" */
    0x20, 0xa, 0x8, 0x2, 0xc2, 0x0, 0x88, 0x8f,
    0xfe, 0xfb, 0x8, 0x3e, 0xc2, 0x2, 0x30, 0x80,
    0x8f, 0xe2, 0x23, 0x39, 0x88, 0xce, 0x42, 0x33,
    0x90, 0x8c, 0xfc, 0x2b, 0x36, 0xe, 0xcd, 0x8f,
    0x2e, 0x47, 0x18, 0x31, 0x6, 0x1a, 0x43, 0xc,
    0x90, 0x82, 0x18,

    /* U+57F7 "執" */
    0x8, 0x10, 0x2, 0x4, 0x7, 0xf1, 0x0, 0x20,
    0x40, 0x8, 0x7f, 0xbf, 0xe4, 0x6f, 0xf9, 0x18,
    0x88, 0x46, 0x22, 0x11, 0x89, 0x1c, 0x67, 0xf3,
    0x18, 0x20, 0x66, 0x8, 0x2d, 0xbf, 0xe9, 0x60,
    0x82, 0x1c, 0x21, 0x87, 0x8, 0x40, 0xc2, 0x30,
    0x30, 0x88, 0x0,

    /* U+57F9 "培" */
    0x10, 0x8, 0x2, 0x1, 0x80, 0x40, 0x30, 0x8,
    0xff, 0xe1, 0x4, 0x8, 0xf8, 0xc3, 0x4, 0x8,
    0x40, 0x81, 0x18, 0x11, 0xff, 0xe2, 0x0, 0x0,
    0x40, 0x0, 0x8, 0x3f, 0xe1, 0x64, 0xc, 0x38,
    0x81, 0x9c, 0x10, 0x33, 0x2, 0x6, 0x0, 0x40,
    0xc0, 0xf, 0xf8, 0x1, 0x3, 0x0,

    /* U+57FA "基" */
    0xc, 0x6, 0x1, 0x80, 0xc1, 0xff, 0xff, 0x6,
    0x3, 0x0, 0xc0, 0x60, 0x1f, 0xfc, 0x3, 0x1,
    0x80, 0x7f, 0xf0, 0xc, 0x6, 0x1, 0x80, 0xc3,
    0xff, 0xff, 0xff, 0xff, 0xf0, 0xcc, 0x60, 0x71,
    0x87, 0x1b, 0xff, 0x3e, 0x6, 0x0, 0x0, 0xc0,
    0xf, 0xff, 0xf1, 0xff, 0xfe, 0x0,

    /* U+5802 "堂" */
    0x10, 0xc1, 0x86, 0x30, 0xc0, 0x8c, 0x61, 0xff,
    0xff, 0x7f, 0xff, 0xd0, 0x0, 0x14, 0xff, 0xe5,
    0x20, 0x9, 0x8, 0x2, 0x3, 0xff, 0x80, 0xff,
    0xe0, 0x3, 0x0, 0x0, 0xc0, 0xf, 0xff, 0xe0,
    0xc, 0x0, 0x3, 0x0, 0x0, 0xc0, 0x3f, 0xff,
    0xff, 0xff, 0xfc,

    /* U+5831 "報" */
    0x8, 0x0, 0x1, 0xf, 0xf9, 0xfd, 0x83, 0x4,
    0x30, 0x60, 0x86, 0xd, 0xff, 0xcf, 0x8, 0x98,
    0x1, 0x13, 0x0, 0x36, 0x7f, 0xcf, 0xef, 0x19,
    0xfd, 0xa3, 0x4, 0x36, 0x40, 0x86, 0xd9, 0xff,
    0xce, 0x2, 0x18, 0xc0, 0x43, 0x38, 0x8, 0x6d,
    0x81, 0xf, 0x9c, 0x21, 0xc1, 0x0,

    /* U+5834 "場" */
    0x10, 0x0, 0x2, 0x1f, 0xf0, 0x42, 0x6, 0x8,
    0x40, 0xc1, 0xf, 0xf8, 0xf9, 0x3, 0x4, 0x3f,
    0xe0, 0x80, 0x0, 0x10, 0x0, 0x2, 0x7f, 0xfc,
    0x43, 0x0, 0xa, 0xff, 0xe1, 0x92, 0x6c, 0xee,
    0xc9, 0x91, 0x13, 0x20, 0x4, 0x44, 0x1, 0x98,
    0x80, 0x66, 0x30, 0x0, 0x9c, 0x0,

    /* U+58E2 "壢" */
    0x20, 0x0, 0x8, 0xff, 0xf2, 0x20, 0x0, 0x88,
    0x62, 0x22, 0xe7, 0x3e, 0x88, 0x4f, 0xaf, 0xfc,
    0x89, 0x8c, 0x22, 0x7f, 0x88, 0xa9, 0x52, 0x2a,
    0x50, 0x88, 0x30, 0x26, 0x4c, 0xf, 0x93, 0xef,
    0x64, 0xc2, 0x11, 0x30, 0x4, 0x4c, 0x3, 0x7f,
    0xf0, 0x0, 0x0,

    /* U+58EB "士" */
    0x0, 0xc0, 0x0, 0x30, 0x0, 0xc, 0x0, 0x3,
    0x0, 0x0, 0xc0, 0x0, 0x30, 0xf, 0xff, 0xfc,
    0x3, 0x0, 0x0, 0xc0, 0x0, 0x30, 0x0, 0xc,
    0x0, 0x3, 0x0, 0x0, 0xc0, 0x0, 0x30, 0x0,
    0xc, 0x1, 0xff, 0xfe,

    /* U+590F "夏" */
    0xff, 0xff, 0x80, 0x60, 0x3, 0xff, 0xe0, 0x80,
    0x8, 0x20, 0x2, 0xf, 0xff, 0x82, 0x0, 0x20,
    0xff, 0xf8, 0x20, 0x2, 0xf, 0xff, 0x80, 0x60,
    0x0, 0xff, 0xf8, 0x18, 0xc, 0x1b, 0x6, 0x4,
    0x3f, 0x0, 0x1f, 0xe0, 0xfc, 0xf, 0x80,

    /* U+5916 "外" */
    0x8, 0x18, 0x3, 0x3, 0x0, 0x7f, 0x60, 0x8,
    0x6c, 0x3, 0x9, 0x80, 0x43, 0x38, 0x1c, 0x67,
    0xc6, 0xcc, 0xdc, 0xd, 0x19, 0xc0, 0xe3, 0x18,
    0xc, 0x61, 0x3, 0xc, 0x0, 0x61, 0x80, 0x18,
    0x30, 0x6, 0x6, 0x1, 0x80, 0xc0, 0xe0, 0x18,
    0x8, 0x3, 0x0,

    /* U+591C "夜" */
    0x0, 0x60, 0x0, 0x6, 0x0, 0x7f, 0xff, 0xe0,
    0x61, 0x80, 0x6, 0x10, 0x0, 0xc3, 0xfc, 0x8,
    0x60, 0x41, 0x85, 0x8c, 0x38, 0xcc, 0x86, 0x9e,
    0x58, 0x4b, 0x21, 0x0, 0x83, 0x30, 0x8, 0x1e,
    0x0, 0x80, 0xc0, 0x8, 0x1e, 0x0, 0x87, 0x38,
    0x9, 0xc1, 0xe0, 0x90, 0x6,

    /* U+5925 "夥" */
    0x0, 0x4, 0xf, 0xf1, 0x1, 0x22, 0x7f, 0x24,
    0x58, 0x67, 0xff, 0x98, 0x91, 0x1e, 0x12, 0x21,
    0xc2, 0x44, 0x60, 0x7f, 0x9c, 0x1, 0xc, 0x83,
    0xfe, 0x3f, 0x8c, 0x18, 0x21, 0xc7, 0x8c, 0x5c,
    0x1b, 0x1a, 0x41, 0x46, 0x44, 0x30, 0xc8, 0xc,
    0x11, 0xf, 0x0, 0x21, 0x0, 0x0,

    /* U+5927 "大" */
    0x0, 0xc0, 0x0, 0x30, 0x0, 0xc, 0x0, 0x3,
    0x0, 0x0, 0xc0, 0x0, 0x30, 0xf, 0xff, 0xfc,
    0x3, 0x0, 0x1, 0xe0, 0x0, 0x78, 0x0, 0x13,
    0x0, 0xc, 0xc0, 0x6, 0x18, 0x1, 0x83, 0x0,
    0xc0, 0xe0, 0xe0, 0x1c, 0xf0, 0x1, 0xf0, 0x0,
    0x30,

    /* U+5929 "天" */
    0x7f, 0xff, 0x8f, 0xff, 0xf0, 0x3, 0x0, 0x0,
    0x60, 0x0, 0xc, 0x0, 0x1, 0x80, 0x0, 0x30,
    0x3, 0xff, 0xfe, 0x0, 0xc0, 0x0, 0x3c, 0x0,
    0x6, 0x80, 0x1, 0x98, 0x0, 0x61, 0x80, 0x1c,
    0x18, 0x6, 0x1, 0x83, 0x80, 0x1e, 0x40, 0x0,
    0xc0,

    /* U+5931 "失" */
    0x0, 0xc0, 0x6, 0x30, 0x1, 0x8c, 0x0, 0x43,
    0x0, 0x3f, 0xff, 0x8, 0x30, 0x6, 0xc, 0x3,
    0x3, 0x0, 0x0, 0xc0, 0x3f, 0xff, 0xf0, 0x1c,
    0x0, 0x7, 0x80, 0x3, 0x30, 0x0, 0xc6, 0x0,
    0xe1, 0xc0, 0x70, 0x38, 0xf0, 0x3, 0xf0, 0x0,
    0x30,

    /* U+5976 "奶" */
    0x30, 0xff, 0xc, 0x3f, 0x83, 0x2, 0x20, 0x90,
    0x88, 0xfe, 0x22, 0x9, 0x9, 0x82, 0x42, 0x61,
    0x90, 0x9f, 0x44, 0x20, 0xd1, 0x8, 0x34, 0x84,
    0xd, 0xa1, 0x3, 0x38, 0x40, 0xc6, 0x30, 0x31,
    0xc8, 0xc, 0x9e, 0x6, 0x61, 0x1, 0x90, 0x83,
    0xc0,

    /* U+5982 "如" */
    0x18, 0x0, 0x8, 0x0, 0x4, 0x1f, 0xe2, 0x2f,
    0xff, 0xfe, 0x19, 0x8b, 0xc, 0x85, 0x86, 0x42,
    0xc3, 0x61, 0x61, 0xb0, 0xb0, 0xd8, 0xd8, 0x66,
    0x4c, 0x31, 0xa6, 0x18, 0x73, 0xc, 0x39, 0x86,
    0x16, 0xff, 0x19, 0x61, 0xb8, 0x30, 0x30, 0x18,
    0x0,

    /* U+59B9 "妹" */
    0x18, 0xc, 0x3, 0x1, 0x80, 0x60, 0x30, 0x9,
    0x6, 0x1, 0x2f, 0xfc, 0xfe, 0x18, 0xc, 0x83,
    0x1, 0x10, 0x60, 0x22, 0xff, 0xe4, 0x41, 0x81,
    0x88, 0x78, 0x1a, 0xf, 0x1, 0xc3, 0xf0, 0x18,
    0x5b, 0x3, 0x9b, 0x20, 0xd6, 0x66, 0x31, 0x8c,
    0x6c, 0x1, 0x81, 0x0, 0x30, 0x0,

    /* U+59CB "始" */
    0x18, 0xc, 0x3, 0x1, 0x0, 0x48, 0x60, 0x9,
    0x8, 0x87, 0xf3, 0x18, 0x64, 0xc1, 0x8c, 0x9f,
    0xf1, 0x17, 0xff, 0x22, 0x0, 0x2c, 0x40, 0x1,
    0x91, 0xff, 0x1a, 0x30, 0x61, 0xc6, 0xc, 0x18,
    0xc1, 0x87, 0x98, 0x31, 0x9b, 0x6, 0x60, 0x7f,
    0xc8, 0xc, 0x18,

    /* U+59D0 "姐" */
    0x18, 0x0, 0x3, 0xf, 0xf8, 0x49, 0x83, 0x9,
    0x30, 0x67, 0xf6, 0xc, 0x64, 0xff, 0x8c, 0x98,
    0x31, 0x13, 0x6, 0x22, 0x60, 0xcc, 0xcc, 0x18,
    0xd1, 0xff, 0xe, 0x30, 0x60, 0xe6, 0xc, 0x3e,
    0xc1, 0x84, 0x98, 0x33, 0xf, 0xff, 0x41, 0xff,
    0xe0,

    /* U+5A66 "婦" */
    0x10, 0x0, 0xc, 0x3f, 0xc3, 0x0, 0x10, 0x97,
    0xff, 0xfe, 0x1, 0x3f, 0x80, 0x42, 0x4f, 0xf1,
    0x90, 0x0, 0x65, 0xff, 0xd1, 0x7f, 0xf4, 0x50,
    0x85, 0xa3, 0xff, 0x38, 0x88, 0xc6, 0x22, 0x31,
    0xc8, 0x8c, 0xda, 0x23, 0x20, 0x8b, 0x90, 0x2,
    0x0, 0x0, 0x80,

    /* U+5B50 "子" */
    0x7f, 0xff, 0x0, 0x1, 0x80, 0x1, 0xc0, 0x1,
    0xc0, 0x0, 0xe0, 0x0, 0x30, 0x0, 0xc, 0x3,
    0xff, 0xff, 0x0, 0xc0, 0x0, 0x30, 0x0, 0xc,
    0x0, 0x3, 0x0, 0x0, 0xc0, 0x0, 0x30, 0x0,
    0xc, 0x0, 0x3, 0x0, 0xf, 0x80, 0x0,

    /* U+5B5D "孝" */
    0x1, 0x0, 0x0, 0x40, 0x63, 0xff, 0xb0, 0x4,
    0x18, 0x1, 0x18, 0x3f, 0xff, 0xff, 0xff, 0xfc,
    0x6, 0x0, 0xf, 0xfe, 0xe, 0x7, 0xe, 0x3,
    0x0, 0x3, 0x0, 0x3f, 0xff, 0xc0, 0x30, 0x0,
    0xc, 0x0, 0x3, 0x0, 0x0, 0xc0, 0x1, 0xf0,
    0x0,

    /* U+5B69 "孩" */
    0x0, 0x4, 0x0, 0x1, 0x81, 0xfc, 0x18, 0x1,
    0xff, 0xf0, 0x6f, 0xfe, 0xc, 0x30, 0x1, 0x4,
    0x0, 0x41, 0x80, 0x8, 0x61, 0x81, 0xf, 0xe0,
    0x2c, 0x18, 0xf, 0x6, 0x6f, 0x81, 0x8c, 0x90,
    0xe3, 0x2, 0x38, 0xc0, 0x44, 0x30, 0x8, 0xf,
    0x1, 0x7, 0x30, 0x21, 0x83, 0x3c, 0xc0, 0x30,

    /* U+5B78 "學" */
    0x8, 0x0, 0x3d, 0xef, 0x10, 0xf0, 0x8f, 0x43,
    0xc4, 0x3c, 0x23, 0xce, 0xf1, 0x9, 0x9, 0xff,
    0xff, 0xff, 0xff, 0xc0, 0x0, 0xe7, 0xff, 0x60,
    0x3, 0x0, 0x6, 0x0, 0x4, 0x3, 0xff, 0xfe,
    0x1, 0x0, 0x0, 0x80, 0x0, 0x40, 0x1, 0xe0,
    0x0,

    /* U+5B83 "它" */
    0x1, 0x80, 0x0, 0x40, 0x0, 0x30, 0x1f, 0xff,
    0xfc, 0x0, 0x1e, 0x0, 0xf, 0x60, 0x6, 0x30,
    0x0, 0x18, 0xc, 0xc, 0x3c, 0x6, 0x78, 0x3,
    0xf0, 0x1, 0xc0, 0x0, 0xc0, 0x0, 0x60, 0x0,
    0x30, 0x3, 0x18, 0x1, 0xc, 0x1, 0x83, 0xff,
    0x80,

    /* U+5B89 "安" */
    0x1, 0x80, 0x0, 0x40, 0x3f, 0xff, 0xd8, 0x0,
    0x2c, 0x30, 0x16, 0x18, 0x68, 0x18, 0x31, 0xff,
    0xff, 0xc, 0x18, 0xc, 0xc, 0xf, 0xc, 0x1,
    0xe6, 0x0, 0x1e, 0x0, 0xf, 0xc0, 0x1e, 0x79,
    0xfc, 0xf, 0x60, 0x1, 0x0,

    /* U+5B8C "完" */
    0x1, 0x80, 0x0, 0x30, 0xf, 0xff, 0xfb, 0x0,
    0x6, 0xc0, 0x1, 0xb7, 0xff, 0x60, 0x0, 0x0,
    0x0, 0x0, 0xff, 0xff, 0xff, 0xff, 0xf0, 0x43,
    0x0, 0x10, 0xc0, 0x4, 0x30, 0x3, 0xc, 0x0,
    0xc3, 0xc, 0x60, 0xc3, 0x30, 0x30, 0xf8, 0x7,
    0xe0,

    /* U+5B9A "定" */
    0x0, 0xc0, 0x0, 0x18, 0x1, 0xff, 0xff, 0x20,
    0x0, 0x64, 0x0, 0xc, 0xbf, 0xfd, 0x87, 0xff,
    0x80, 0x6, 0x0, 0x0, 0xc0, 0x3, 0x18, 0x0,
    0x63, 0xfc, 0xc, 0x60, 0x1, 0x8c, 0x0, 0x39,
    0x80, 0xd, 0x30, 0x1, 0x1e, 0x0, 0x61, 0xc0,
    0x18, 0xf, 0xfc,

    /* U+5B9C "宜" */
    0x0, 0x80, 0x0, 0x60, 0x3f, 0xff, 0xf0, 0x0,
    0x38, 0x0, 0x1c, 0xff, 0xec, 0x60, 0x30, 0x30,
    0x18, 0x18, 0xc, 0xf, 0xfe, 0x6, 0x3, 0x3,
    0x1, 0x81, 0xff, 0xc0, 0xc0, 0x60, 0x60, 0x30,
    0x30, 0x18, 0xff, 0xff, 0xff, 0xff, 0xc0,

    /* U+5BA2 "客" */
    0x0, 0x80, 0x0, 0x18, 0x1, 0xff, 0xff, 0x20,
    0x0, 0x64, 0x30, 0xc, 0xf, 0xfc, 0x3, 0x3,
    0x1, 0xf0, 0xc0, 0x63, 0x30, 0x0, 0x3c, 0x0,
    0x7, 0xc0, 0x7, 0x8f, 0x7, 0x80, 0x7e, 0xbf,
    0xfc, 0x86, 0x1, 0x80, 0xc0, 0x30, 0x18, 0x6,
    0x3, 0xff, 0xc0, 0x60, 0x18, 0x0,

    /* U+5BA4 "室" */
    0x0, 0xc0, 0x0, 0x30, 0x7, 0xff, 0xfd, 0x0,
    0x3, 0x40, 0x0, 0xcf, 0xff, 0xc0, 0x30, 0x80,
    0x18, 0x30, 0xc, 0x6, 0x7, 0xff, 0xc3, 0xfc,
    0x30, 0x3, 0x0, 0x0, 0xc0, 0xf, 0xff, 0xc0,
    0xc, 0x0, 0x3, 0x0, 0x0, 0xc0, 0x3f, 0xff,
    0xff, 0xff, 0xfc,

    /* U+5BB5 "宵" */
    0x1, 0x80, 0x0, 0x60, 0x3f, 0xff, 0xf0, 0x0,
    0x38, 0x8, 0x98, 0xc4, 0x40, 0x32, 0x60, 0x1,
    0x20, 0x3f, 0xfe, 0x1f, 0xff, 0xc, 0x1, 0x86,
    0xf8, 0xc3, 0x7, 0x61, 0x80, 0x70, 0xc7, 0xf8,
    0x7f, 0xc, 0x20, 0x6, 0x30, 0x3, 0x30, 0xf,
    0x0,

    /* U+5BB6 "家" */
    0x3, 0x0, 0x0, 0x60, 0xf, 0xff, 0xfa, 0x0,
    0x6, 0x80, 0x1, 0xaf, 0xff, 0x60, 0x30, 0x0,
    0x1c, 0x18, 0x3d, 0xe, 0x3c, 0x66, 0x8, 0x3b,
    0x0, 0x33, 0xc0, 0x38, 0xd8, 0x38, 0x72, 0x0,
    0x74, 0xc0, 0x31, 0x18, 0x70, 0xc3, 0x30, 0x30,
    0x60, 0x78, 0x0,

    /* U+5BE6 "實" */
    0x0, 0x0, 0x0, 0x20, 0x7, 0xff, 0xf9, 0xff,
    0xfe, 0x40, 0x0, 0x97, 0xff, 0xa1, 0x8c, 0x63,
    0xff, 0xff, 0x10, 0x86, 0x7, 0xff, 0x81, 0xff,
    0xe0, 0x40, 0x8, 0x1f, 0xfe, 0x4, 0x0, 0x81,
    0xff, 0xe0, 0x40, 0x8, 0x1f, 0xfe, 0x1, 0x86,
    0x3, 0xc0, 0xf1, 0x80, 0x6,

    /* U+5BE9 "審" */
    0x0, 0x40, 0x0, 0x10, 0x7, 0xff, 0xfd, 0x0,
    0x1, 0x5f, 0xfe, 0x53, 0xfe, 0x10, 0xc4, 0x60,
    0x19, 0x30, 0x7f, 0xff, 0xc0, 0xd3, 0x0, 0xe4,
    0x30, 0xff, 0xff, 0x7f, 0xff, 0x46, 0x10, 0xc1,
    0xff, 0xf0, 0x61, 0xc, 0x18, 0x43, 0x7, 0xff,
    0xc1, 0xff, 0xf0,

    /* U+5C07 "將" */
    0xc, 0x8, 0x13, 0x6, 0x4, 0xc3, 0xf9, 0x33,
    0x86, 0x4f, 0x93, 0x13, 0x2, 0x87, 0xde, 0x40,
    0x30, 0x60, 0xc, 0x32, 0x3, 0x78, 0x80, 0xd0,
    0x23, 0xff, 0xff, 0x4c, 0x2, 0x13, 0x30, 0x84,
    0xc6, 0x21, 0x31, 0x88, 0x4c, 0x22, 0x23, 0x0,
    0x88, 0xc1, 0xe0,

    /* U+5C08 "專" */
    0x0, 0x80, 0x0, 0x20, 0xf, 0xff, 0xf8, 0x2,
    0x0, 0x3f, 0xff, 0x8, 0x20, 0x43, 0xff, 0xf0,
    0x82, 0x4, 0x20, 0x81, 0xf, 0xff, 0xc0, 0x8,
    0xf1, 0xff, 0xfc, 0x0, 0x8, 0x3f, 0xff, 0xf1,
    0x0, 0x80, 0x70, 0x20, 0xe, 0x8, 0x1, 0x82,
    0x0, 0x7, 0x80,

    /* U+5C0D "對" */
    0x12, 0x1, 0x34, 0xb0, 0x47, 0x28, 0x10, 0x4c,
    0x4, 0xff, 0xc1, 0x3f, 0xff, 0xf2, 0x17, 0xfc,
    0x44, 0x4, 0x2, 0x11, 0x1f, 0xe6, 0x40, 0xc1,
    0x90, 0x30, 0x24, 0x7f, 0x8d, 0x3, 0x0, 0x40,
    0xc0, 0x10, 0x3f, 0x4, 0xff, 0x1, 0x3c, 0x0,
    0x40, 0x0, 0xf0,

    /* U+5C0F "小" */
    0x0, 0x60, 0x0, 0x6, 0x0, 0x0, 0x60, 0x0,
    0x6, 0x0, 0x0, 0x60, 0x0, 0x86, 0x30, 0x18,
    0x61, 0x81, 0x86, 0x18, 0x18, 0x60, 0xc1, 0x6,
    0xc, 0x30, 0x60, 0x42, 0x6, 0x6, 0x60, 0x60,
    0x64, 0x6, 0x3, 0x0, 0x60, 0x0, 0x6, 0x0,
    0x0, 0x60, 0x0, 0x7e, 0x0,

    /* U+5C31 "就" */
    0x18, 0x8, 0x2, 0x2, 0x0, 0xc0, 0xb3, 0xfe,
    0x26, 0x0, 0x8, 0x80, 0x2, 0x7, 0xf7, 0xfd,
    0x4, 0x20, 0x41, 0xc, 0x1f, 0xc3, 0x7, 0xf1,
    0x40, 0x20, 0x50, 0x2b, 0x14, 0x1a, 0x45, 0x4,
    0x92, 0x41, 0x26, 0x91, 0xc8, 0x64, 0x42, 0x11,
    0x13, 0x88, 0x7c,

    /* U+5C40 "局" */
    0x3f, 0xff, 0x18, 0x1, 0x8c, 0x0, 0xc6, 0x0,
    0x63, 0xff, 0xf1, 0x80, 0x0, 0xc0, 0x0, 0x7f,
    0xff, 0x30, 0x0, 0x98, 0x0, 0x4d, 0xfe, 0x26,
    0xc1, 0x16, 0x60, 0x8b, 0x30, 0x45, 0x9f, 0xe7,
    0x8c, 0x3, 0x80, 0x1, 0x80, 0x7, 0x80,

    /* U+5C55 "展" */
    0x3f, 0xff, 0xcc, 0x0, 0x33, 0x0, 0xc, 0xc0,
    0x3, 0x3f, 0xff, 0xcc, 0x61, 0x3, 0x18, 0x40,
    0xff, 0xfe, 0x31, 0x84, 0xc, 0x61, 0x3, 0xff,
    0xfc, 0xff, 0xff, 0x33, 0x10, 0x98, 0xc2, 0x66,
    0x30, 0xe1, 0x8c, 0xd8, 0xc7, 0xf3, 0xb1, 0x80,
    0x30,

    /* U+5C71 "山" */
    0x1, 0x80, 0x1, 0x80, 0x1, 0x80, 0x1, 0x80,
    0xc1, 0x83, 0xc1, 0x83, 0xc1, 0x83, 0xc1, 0x83,
    0xc1, 0x83, 0xc1, 0x83, 0xc1, 0x83, 0xc1, 0x83,
    0xc1, 0x83, 0xc1, 0x83, 0xc1, 0x83, 0xff, 0xff,
    0xff, 0xff, 0x0, 0x3, 0x0, 0x3,

    /* U+5CFD "峽" */
    0x20, 0x10, 0x10, 0x8, 0x8, 0x4, 0x14, 0xff,
    0xfa, 0x41, 0x5, 0x24, 0x92, 0x92, 0x49, 0x49,
    0x24, 0xa4, 0xd7, 0x52, 0xaa, 0xa9, 0x57, 0x74,
    0xc3, 0xa, 0x43, 0x85, 0x21, 0x43, 0xf1, 0xb1,
    0xf9, 0x8c, 0x1, 0x83, 0x1, 0x80, 0xc0, 0x80,
    0x20,

    /* U+5DE5 "工" */
    0x7f, 0xff, 0x9f, 0xff, 0xe0, 0xc, 0x0, 0x3,
    0x0, 0x0, 0xc0, 0x0, 0x30, 0x0, 0xc, 0x0,
    0x3, 0x0, 0x0, 0xc0, 0x0, 0x30, 0x0, 0xc,
    0x0, 0x3, 0x0, 0x0, 0xc0, 0x3f, 0xff, 0xff,
    0xff, 0xfc,

    /* U+5DEE "差" */
    0xc, 0x4, 0x1, 0x3, 0x7, 0xff, 0xf9, 0xff,
    0xfe, 0x0, 0xc0, 0x0, 0x30, 0x3, 0xff, 0xf0,
    0x3, 0x0, 0x0, 0xc0, 0x3f, 0xff, 0xf0, 0xc0,
    0x0, 0x3f, 0xfc, 0xb, 0xff, 0x6, 0xc, 0x1,
    0x3, 0x0, 0xc0, 0xc0, 0x60, 0x30, 0x1b, 0xff,
    0xec, 0xff, 0xf8, 0x0, 0x0,

    /* U+5DF2 "已" */
    0xff, 0xfe, 0x0, 0x1, 0x80, 0x0, 0x61, 0x80,
    0x18, 0x60, 0x6, 0x18, 0x1, 0x87, 0xff, 0xe1,
    0x80, 0x18, 0x60, 0x0, 0x18, 0x0, 0x6, 0x0,
    0x1, 0x80, 0x2, 0x60, 0x0, 0x98, 0x0, 0x26,
    0x0, 0x18, 0xff, 0xfc,

    /* U+5DF7 "巷" */
    0x6, 0x18, 0x0, 0xc3, 0x1, 0xff, 0xfe, 0x3,
    0xc, 0x0, 0x61, 0x81, 0xff, 0xff, 0xbf, 0xff,
    0xf0, 0x60, 0x40, 0xc, 0xc, 0x3, 0xff, 0xe1,
    0xf0, 0x3e, 0x66, 0x6, 0x60, 0xff, 0xc0, 0x18,
    0x2, 0x3, 0x0, 0x60, 0x60, 0xc, 0xc, 0x1,
    0x0, 0xff, 0xe0,

    /* U+5E02 "市" */
    0x1, 0x80, 0x0, 0x30, 0x0, 0xc, 0x3, 0xff,
    0xff, 0xff, 0xff, 0xc0, 0x30, 0x0, 0xc, 0x0,
    0x3, 0x0, 0x3f, 0xff, 0x8c, 0x30, 0x63, 0xc,
    0x18, 0xc3, 0x6, 0x30, 0xc1, 0x8c, 0x30, 0x63,
    0xc, 0x18, 0xc3, 0x3e, 0x0, 0xc0, 0x0, 0x30,
    0x0, 0xc, 0x0,

    /* U+5E03 "布" */
    0x0, 0x80, 0x0, 0x30, 0x0, 0x6, 0x0, 0x3f,
    0xff, 0xf0, 0x30, 0x0, 0x4, 0x0, 0x1, 0x8c,
    0x0, 0x61, 0x80, 0x8, 0x30, 0x3, 0xff, 0xf8,
    0xf0, 0xc3, 0x76, 0x18, 0x64, 0xc3, 0xc, 0x18,
    0x61, 0x83, 0xc, 0x30, 0x61, 0xbc, 0xc, 0x30,
    0x0, 0x6, 0x0, 0x0, 0xc0, 0x0,

    /* U+5E2B "師" */
    0x10, 0x0, 0x4, 0x7f, 0xf1, 0x1f, 0xff, 0xf0,
    0x20, 0xfc, 0x8, 0x31, 0x3f, 0xfc, 0x48, 0x8f,
    0x12, 0x23, 0xfc, 0x88, 0xf0, 0x22, 0x3c, 0x8,
    0x8f, 0xf2, 0x23, 0xc4, 0x88, 0xf1, 0x22, 0x3c,
    0x48, 0xbf, 0xf0, 0x20, 0xc0, 0x8, 0x0, 0x2,
    0x0, 0x0, 0x80,

    /* U+5E38 "常" */
    0x21, 0x86, 0x31, 0x8c, 0x11, 0x8c, 0xff, 0xff,
    0xff, 0xff, 0x80, 0x1, 0x9f, 0xfd, 0x90, 0xd,
    0x10, 0xc, 0x1f, 0xfc, 0x1f, 0xfc, 0x1, 0x80,
    0x7f, 0xfe, 0x61, 0x82, 0x61, 0x82, 0x61, 0x82,
    0x61, 0x82, 0x61, 0x9e, 0x1, 0x80,

    /* U+5E73 "平" */
    0x7f, 0xff, 0x9f, 0xff, 0xe0, 0xc, 0x0, 0xc3,
    0xc, 0x10, 0xc2, 0x6, 0x31, 0x80, 0x8c, 0x40,
    0x33, 0x30, 0x0, 0xc0, 0x3f, 0xff, 0xf0, 0xc,
    0x0, 0x3, 0x0, 0x0, 0xc0, 0x0, 0x30, 0x0,
    0xc, 0x0, 0x3, 0x0, 0x0, 0xc0, 0x0, 0x30,
    0x0,

    /* U+5E74 "年" */
    0xc, 0x0, 0x3, 0x0, 0x1, 0xff, 0xf8, 0x7f,
    0xfe, 0x30, 0x60, 0x18, 0x18, 0xc, 0x6, 0x0,
    0x7f, 0xfe, 0x18, 0x60, 0x6, 0x18, 0x1, 0x86,
    0x0, 0x61, 0x80, 0xff, 0xff, 0xff, 0xff, 0xf0,
    0x6, 0x0, 0x1, 0x80, 0x0, 0x60, 0x0, 0x18,
    0x0, 0x6, 0x0,

    /* U+5EA6 "度" */
    0x0, 0xc0, 0x0, 0x18, 0x7, 0xff, 0xfd, 0x80,
    0x0, 0x61, 0x4, 0x18, 0x41, 0x6, 0xff, 0xf9,
    0x84, 0x10, 0x61, 0x4, 0x18, 0x7f, 0x6, 0x0,
    0x1, 0x80, 0x0, 0x6f, 0xff, 0x18, 0xc1, 0x86,
    0x18, 0xc3, 0x3, 0xe0, 0xc1, 0xf8, 0x37, 0xe3,
    0xf0, 0x0, 0x8,

    /* U+5EE0 "廠" */
    0x0, 0x60, 0x0, 0x18, 0x7, 0xff, 0xfd, 0x80,
    0x0, 0x69, 0x34, 0x1a, 0x49, 0x6, 0x54, 0x41,
    0x84, 0x3f, 0x6f, 0xfc, 0x9a, 0xf, 0x26, 0x83,
    0xc9, 0xae, 0xd6, 0x6a, 0xb7, 0x1a, 0xac, 0xc6,
    0xbb, 0x31, 0x28, 0xcc, 0xc8, 0x37, 0xb2, 0xf,
    0x38, 0x8f, 0x84,

    /* U+5EF6 "延" */
    0x0, 0x0, 0x1f, 0x83, 0xf8, 0x27, 0xf0, 0x4,
    0x6, 0x1, 0x0, 0xc0, 0x61, 0x18, 0x8, 0x23,
    0x3, 0xe4, 0x7e, 0x4, 0x8c, 0x9, 0x91, 0x83,
    0x32, 0x30, 0x24, 0x46, 0x6, 0x88, 0xc0, 0x77,
    0xff, 0xcc, 0xff, 0xf9, 0xc0, 0x0, 0x2c, 0x0,
    0xc, 0x70, 0x3, 0x3, 0xff, 0x80, 0x0, 0x0,

    /* U+5EFA "建" */
    0x0, 0x8, 0x0, 0x1, 0x1, 0xfb, 0xfe, 0x2,
    0x4, 0x40, 0xc0, 0x88, 0x13, 0xff, 0x84, 0x2,
    0x21, 0xf7, 0xfc, 0x26, 0x8, 0x0, 0xc1, 0x1,
    0x93, 0xff, 0x12, 0x4, 0x2, 0xc0, 0x80, 0x7b,
    0xff, 0xc6, 0x2, 0x0, 0xc0, 0x40, 0x3c, 0x0,
    0x6, 0x60, 0x1, 0x83, 0xff, 0x80, 0x0, 0x0,

    /* U+5F04 "弄" */
    0x7f, 0xff, 0x80, 0x18, 0x0, 0xff, 0xfc, 0x0,
    0x60, 0x0, 0xc, 0x1, 0xff, 0xff, 0xbf, 0xff,
    0xf0, 0x20, 0x60, 0x4, 0xc, 0x0, 0x81, 0x83,
    0xff, 0xff, 0x82, 0x6, 0x0, 0xc0, 0xc0, 0x10,
    0x18, 0x6, 0x3, 0x3, 0x0, 0x60, 0xc0, 0xc,
    0x0,

    /* U+5F0F "式" */
    0x0, 0x10, 0x0, 0x4, 0xc0, 0x1, 0x18, 0x0,
    0x40, 0xff, 0xff, 0xc0, 0x4, 0x0, 0x1, 0x0,
    0x0, 0x40, 0xff, 0xd0, 0x3f, 0xf6, 0x0, 0xc1,
    0x80, 0x30, 0x20, 0xc, 0x8, 0x3, 0x2, 0x0,
    0xc0, 0xc4, 0x33, 0x91, 0x1f, 0xe4, 0x7f, 0x0,
    0x98, 0x0, 0x38,

    /* U+5F1F "弟" */
    0x8, 0x4, 0x2, 0x1, 0x0, 0xc0, 0xc1, 0xff,
    0xfe, 0x7f, 0xff, 0x80, 0x30, 0x60, 0xc, 0x18,
    0xff, 0xfe, 0x20, 0xc0, 0x8, 0x30, 0x6, 0xc,
    0x1, 0xff, 0xff, 0x1, 0xc0, 0xc0, 0xf0, 0x30,
    0xec, 0xc, 0x73, 0x2, 0xf0, 0xcf, 0x90, 0x30,
    0x0, 0xc, 0x0,

    /* U+5F62 "形" */
    0x0, 0x0, 0xcf, 0xfc, 0x30, 0x42, 0x1c, 0x8,
    0x46, 0x1, 0x9, 0x80, 0x21, 0x0, 0x84, 0x20,
    0x37, 0xff, 0x18, 0x10, 0x86, 0x2, 0x13, 0x80,
    0x42, 0x1, 0x8, 0x40, 0x21, 0x8, 0xc, 0x41,
    0x3, 0x8, 0x20, 0xc3, 0x4, 0x70, 0x40, 0xbc,
    0x8, 0x12, 0x0,

    /* U+5F69 "彩" */
    0x0, 0xc1, 0x1f, 0xf0, 0xe7, 0x0, 0x70, 0x33,
    0x30, 0x64, 0xd8, 0x9, 0x20, 0x3, 0x50, 0x18,
    0x10, 0xe, 0x4, 0x6, 0x3f, 0xf7, 0x0, 0xe0,
    0x0, 0x7c, 0x3, 0x15, 0x80, 0xcd, 0x30, 0x66,
    0x40, 0x73, 0x10, 0x38, 0x4, 0x38, 0x1, 0xc,
    0x0,

    /* U+5F70 "彰" */
    0x4, 0x0, 0x1, 0x0, 0x6f, 0xfe, 0x30, 0xc6,
    0x18, 0x11, 0xc, 0x3f, 0xfa, 0x0, 0x0, 0xd,
    0xff, 0x6, 0x60, 0xc3, 0x18, 0x31, 0x87, 0xfd,
    0x81, 0xff, 0x1, 0x7f, 0xc0, 0xc1, 0x0, 0x6f,
    0xfe, 0x30, 0x10, 0x18, 0x4, 0x1c, 0x1, 0xe,
    0x0, 0x40, 0x0,

    /* U+5F85 "待" */
    0x0, 0x18, 0x6, 0x6, 0x3, 0x1, 0x81, 0x9f,
    0xff, 0xc0, 0x18, 0x3, 0x6, 0x0, 0x81, 0x80,
    0x4f, 0xff, 0x33, 0xff, 0xdc, 0x0, 0xcd, 0x0,
    0x32, 0x5f, 0xff, 0x10, 0x3, 0x4, 0x60, 0xc1,
    0xc, 0x30, 0x41, 0xc, 0x10, 0x63, 0x4, 0x0,
    0xc1, 0x1, 0xf0,

    /* U+5F88 "很" */
    0x8, 0x0, 0x3, 0x3f, 0xf0, 0xc6, 0x6, 0x30,
    0xc0, 0xcc, 0x18, 0x18, 0x1b, 0xff, 0x6, 0x60,
    0x60, 0xcc, 0xc, 0x31, 0x81, 0x8e, 0x3f, 0xf3,
    0x46, 0x40, 0x8, 0xcc, 0x61, 0x18, 0x98, 0x23,
    0x1e, 0x4, 0x61, 0x80, 0x8c, 0x30, 0x11, 0xbb,
    0x82, 0x3e, 0x3c, 0x44, 0x1, 0x0,

    /* U+5F8C "後" */
    0x8, 0x30, 0x3, 0xc, 0x0, 0xc3, 0xc, 0x30,
    0xc3, 0x4, 0xff, 0xc0, 0x10, 0x74, 0x6, 0x18,
    0xc1, 0x8e, 0xc, 0x33, 0xff, 0xce, 0x44, 0xb,
    0x41, 0x81, 0x9, 0xff, 0xc1, 0x18, 0x30, 0x27,
    0xe, 0x4, 0xbb, 0x80, 0x81, 0xe0, 0x10, 0x7c,
    0x2, 0x78, 0xf8, 0x5c, 0x3, 0x0,

    /* U+5F97 "得" */
    0x8, 0x0, 0x1, 0x9f, 0xf8, 0x62, 0x3, 0x18,
    0x40, 0x64, 0xf, 0xfc, 0x19, 0x1, 0x82, 0x3f,
    0xf0, 0xc0, 0x0, 0x33, 0xff, 0xee, 0x7f, 0xff,
    0x40, 0xc, 0x8, 0x1, 0x81, 0x3f, 0xfe, 0x20,
    0x6, 0x4, 0x30, 0xc0, 0x82, 0x18, 0x10, 0x63,
    0x2, 0x0, 0x60, 0x40, 0x7c, 0x0,

    /* U+5F9E "從" */
    0x8, 0x43, 0x3, 0x8, 0x60, 0xc3, 0x8, 0x30,
    0x63, 0x4, 0xde, 0x50, 0x13, 0x59, 0x6, 0xc6,
    0x31, 0x90, 0x82, 0x70, 0x18, 0x1a, 0x13, 0x0,
    0x42, 0x60, 0x8, 0x4f, 0xc1, 0x9, 0x80, 0x23,
    0xb0, 0x4, 0x56, 0x0, 0x9b, 0xc0, 0x12, 0x38,
    0x2, 0x81, 0xf8,

    /* U+5FA9 "復" */
    0x8, 0x40, 0x3, 0x18, 0x0, 0xc3, 0xff, 0x30,
    0xc0, 0xe, 0x30, 0x0, 0x9f, 0xff, 0x2, 0x20,
    0x60, 0xc7, 0xfc, 0x30, 0x81, 0x8e, 0x10, 0x33,
    0x43, 0xfe, 0x8, 0xb0, 0x1, 0x1f, 0xf8, 0x23,
    0x6, 0x5, 0xf9, 0xc0, 0x91, 0xe0, 0x10, 0x3e,
    0x2, 0x7c, 0xfc, 0x4c, 0x3, 0x0,

    /* U+5FC3 "心" */
    0x1, 0x0, 0x0, 0x30, 0x0, 0x3, 0x80, 0x0,
    0x18, 0x0, 0x1, 0x80, 0xc, 0x0, 0x1, 0x80,
    0x41, 0x30, 0xc, 0x66, 0x1, 0x8c, 0xc0, 0x11,
    0x98, 0x3, 0x23, 0x0, 0x2c, 0x60, 0x25, 0x8c,
    0x4, 0xd1, 0x80, 0x80, 0x30, 0x30, 0x3, 0xfc,
    0x0,

    /* U+5FE0 "忠" */
    0x0, 0xc0, 0x0, 0x18, 0x0, 0xff, 0xfe, 0x10,
    0x60, 0xc2, 0xc, 0x18, 0x41, 0x83, 0x8, 0x30,
    0x61, 0xff, 0xfc, 0x0, 0xc0, 0x0, 0x18, 0x0,
    0x6, 0x0, 0x13, 0x61, 0x82, 0x66, 0x30, 0x4c,
    0x63, 0x19, 0x81, 0x32, 0x30, 0x26, 0xc6, 0x4,
    0x40, 0x7f, 0x80,

    /* U+6025 "急" */
    0x0, 0x0, 0x0, 0xc0, 0x0, 0x3f, 0xf0, 0xc,
    0xc, 0x3, 0x3, 0x0, 0xff, 0xfe, 0x10, 0x0,
    0xc0, 0x0, 0x18, 0xff, 0xff, 0xe0, 0x0, 0x60,
    0x0, 0xc, 0x1f, 0xff, 0x80, 0x1c, 0x0, 0x1,
    0xc4, 0x4, 0x88, 0xc1, 0x90, 0xc, 0x22, 0x4,
    0xcc, 0x40, 0x8d, 0xf, 0xe1, 0x0,

    /* U+6062 "恢" */
    0x30, 0x40, 0xc, 0x10, 0x3, 0xbf, 0xfd, 0xf1,
    0x0, 0x74, 0xc4, 0x1d, 0x31, 0xf, 0xa, 0x4e,
    0xc2, 0x92, 0x31, 0xa4, 0x8c, 0x69, 0x63, 0x12,
    0xd0, 0xcc, 0x30, 0x32, 0xe, 0xd, 0x86, 0x83,
    0x41, 0xb0, 0xc0, 0xc6, 0x30, 0xe0, 0xcc, 0x20,
    0x10,

    /* U+610F "意" */
    0x0, 0x80, 0x0, 0x40, 0x1f, 0xff, 0xc1, 0x83,
    0x0, 0xc1, 0x7, 0xff, 0xfc, 0x0, 0x0, 0x7f,
    0xfc, 0x30, 0x6, 0x18, 0x3, 0xf, 0xff, 0x86,
    0x0, 0xc3, 0xff, 0xe0, 0xc, 0x0, 0xb3, 0x18,
    0xd8, 0xc6, 0x6c, 0x9, 0x66, 0xc, 0xe1, 0xfc,
    0x0,

    /* U+611B "愛" */
    0x0, 0xe, 0x1f, 0xfc, 0x1, 0x10, 0x40, 0x66,
    0x30, 0x19, 0x98, 0x3f, 0xff, 0xe8, 0x30, 0x1a,
    0x53, 0x26, 0x34, 0xe, 0x9, 0x9, 0xc4, 0x7e,
    0x31, 0x18, 0x0, 0x6f, 0xfc, 0xe, 0x6, 0xe,
    0xc7, 0x0, 0x1f, 0x80, 0xf, 0xf8, 0x3e, 0x7,
    0xe0,

    /* U+6176 "慶" */
    0x0, 0x0, 0x0, 0x6, 0x0, 0xff, 0xff, 0x9f,
    0xff, 0xf3, 0x10, 0x80, 0x7f, 0xff, 0x8c, 0x42,
    0x11, 0xff, 0xfe, 0x3f, 0xff, 0xc7, 0xff, 0xfc,
    0xc1, 0x81, 0x9a, 0x8b, 0xa3, 0xdf, 0x98, 0x61,
    0x80, 0x1d, 0xff, 0xc3, 0x7c, 0x78, 0x78, 0xfc,
    0x8, 0x3f, 0xc3, 0x7e, 0x1f, 0x0,

    /* U+6210 "成" */
    0x0, 0x16, 0x0, 0x2, 0x30, 0x0, 0x42, 0x1f,
    0xff, 0xf3, 0x1, 0x0, 0x60, 0x20, 0xc, 0x4,
    0x21, 0xfc, 0x8c, 0x31, 0x99, 0x86, 0x33, 0x60,
    0xc6, 0x2c, 0x18, 0xc7, 0x3, 0x18, 0xc0, 0x63,
    0x18, 0x99, 0xc7, 0x1b, 0x1, 0xb3, 0x60, 0xe2,
    0x58, 0x18, 0x38,

    /* U+6211 "我" */
    0x0, 0x90, 0x1, 0xfa, 0xc1, 0xf8, 0x4c, 0x3,
    0x8, 0xc0, 0x61, 0x8, 0xc, 0x20, 0x1f, 0xff,
    0xf0, 0x30, 0x80, 0x6, 0x10, 0x80, 0xc3, 0x30,
    0x1f, 0x64, 0xf, 0xe5, 0x87, 0xe0, 0xe0, 0x8c,
    0x18, 0x1, 0x83, 0x10, 0x30, 0xe2, 0x6, 0x76,
    0x40, 0xd8, 0x48, 0xf8, 0x7, 0x0,

    /* U+6236 "戶" */
    0x0, 0xf, 0x1, 0xfe, 0x7, 0xe0, 0x3, 0x0,
    0x1, 0x80, 0x0, 0xff, 0xfc, 0x60, 0x6, 0x30,
    0x3, 0x18, 0x1, 0x8c, 0x0, 0xc7, 0xff, 0xe3,
    0x0, 0x31, 0x0, 0x1, 0x80, 0x0, 0xc0, 0x0,
    0xc0, 0x0, 0xc0, 0x0, 0x0,

    /* U+624D "才" */
    0x0, 0x18, 0x0, 0x6, 0x0, 0x1, 0x80, 0x0,
    0x60, 0x7f, 0xff, 0xc0, 0x1e, 0x0, 0x7, 0x80,
    0x3, 0x60, 0x1, 0x98, 0x0, 0xe6, 0x0, 0x31,
    0x80, 0x18, 0x60, 0x1c, 0x18, 0xe, 0x6, 0x7,
    0x1, 0x83, 0x0, 0x60, 0x0, 0x18, 0x0, 0x3c,
    0x0,

    /* U+6253 "打" */
    0x10, 0x0, 0x2, 0x0, 0x0, 0x47, 0xff, 0x88,
    0x3, 0xf, 0xe0, 0x60, 0x20, 0xc, 0x4, 0x1,
    0x80, 0x80, 0x30, 0x10, 0x6, 0x3, 0xc0, 0xc1,
    0xf0, 0x18, 0x78, 0x3, 0x9, 0x0, 0x60, 0x20,
    0xc, 0x4, 0x1, 0x80, 0x80, 0x30, 0x10, 0x6,
    0x2, 0x0, 0xc1, 0xc1, 0xf0, 0x0,

    /* U+6280 "技" */
    0x10, 0x8, 0x2, 0x1, 0x0, 0x40, 0x20, 0x8,
    0xff, 0xef, 0xc0, 0x80, 0x20, 0x10, 0x4, 0x2,
    0x0, 0x80, 0x40, 0x10, 0xff, 0x82, 0x1f, 0xf0,
    0x79, 0xe, 0x7c, 0x31, 0x85, 0x2, 0x70, 0x20,
    0x7c, 0x4, 0x7, 0x0, 0x81, 0xe0, 0x10, 0x76,
    0x2, 0x38, 0x71, 0xcc, 0x3, 0x0,

    /* U+628A "把" */
    0x18, 0x0, 0x3, 0x1f, 0xf8, 0x63, 0xff, 0xc,
    0x64, 0x67, 0xec, 0x8c, 0x31, 0x91, 0x86, 0x32,
    0x30, 0xc6, 0x46, 0x18, 0xc8, 0xc3, 0xdf, 0xf8,
    0xfb, 0xff, 0x7c, 0x60, 0x61, 0x8c, 0x0, 0x31,
    0x80, 0x6, 0x30, 0x8, 0xc6, 0x3, 0x18, 0xc0,
    0x63, 0xf, 0xf9, 0xe0, 0x0, 0x0,

    /* U+6295 "投" */
    0x10, 0x0, 0x4, 0x1f, 0x81, 0x4, 0x60, 0x41,
    0x18, 0xfe, 0xc6, 0x4, 0x31, 0x81, 0x38, 0x7c,
    0x4c, 0x0, 0x10, 0x0, 0x7, 0xff, 0xe7, 0x98,
    0x33, 0x42, 0xc, 0x10, 0xc6, 0x4, 0x19, 0x81,
    0x2, 0xc0, 0x40, 0x60, 0x10, 0x6c, 0x4, 0x71,
    0xc7, 0x70, 0x1c,

    /* U+62DC "拜" */
    0x2, 0x0, 0x7, 0xbf, 0xff, 0x8f, 0xfc, 0x60,
    0x30, 0x18, 0xc, 0x6, 0x3f, 0xff, 0xe0, 0xc0,
    0x60, 0x30, 0x18, 0xc, 0x6, 0x3f, 0xf1, 0x80,
    0xc3, 0xfc, 0x30, 0xff, 0xc, 0x4, 0x7f, 0xf3,
    0x0, 0xc0, 0xc0, 0x30, 0x60, 0xc, 0x38, 0x3,
    0x4, 0x0, 0xc0,

    /* U+6383 "掃" */
    0x10, 0x0, 0x4, 0x3f, 0xe1, 0x0, 0x18, 0x47,
    0xff, 0xfc, 0x1, 0xbf, 0x0, 0x61, 0xf, 0xf8,
    0x40, 0x0, 0x11, 0xff, 0xc7, 0xff, 0xff, 0xd0,
    0x85, 0x43, 0xfe, 0x10, 0x88, 0x84, 0x22, 0x21,
    0x8, 0x88, 0x42, 0x22, 0x10, 0x8b, 0x4, 0x2,
    0x7, 0x0, 0x80,

    /* U+6392 "排" */
    0x10, 0x36, 0x2, 0x6, 0xc0, 0x40, 0xd8, 0x8,
    0xfb, 0xff, 0xdf, 0x7e, 0x20, 0x6c, 0x4, 0xd,
    0x80, 0x81, 0xb0, 0x11, 0xf7, 0xc3, 0x86, 0xc3,
    0xe0, 0xd8, 0x68, 0x1b, 0x1, 0x1f, 0x7e, 0x26,
    0x4c, 0x4, 0x19, 0x80, 0x83, 0x30, 0x10, 0xc6,
    0x2, 0x30, 0xc1, 0xcc, 0x18, 0x0,

    /* U+639B "掛" */
    0x10, 0x42, 0x2, 0x8, 0x40, 0x4f, 0xe8, 0x3e,
    0x21, 0x1, 0x4, 0x20, 0x20, 0x84, 0x4, 0xfe,
    0xc0, 0x9f, 0xdc, 0x14, 0x42, 0xc7, 0x88, 0x4f,
    0xc1, 0x8, 0x9, 0xfd, 0x1, 0x4, 0x20, 0x20,
    0x84, 0x4, 0x12, 0x80, 0x9f, 0xd0, 0x17, 0x82,
    0xe, 0x0, 0x40,

    /* U+63A1 "採" */
    0x10, 0x0, 0x82, 0xf, 0xf0, 0x47, 0xc0, 0x8,
    0x8, 0x2f, 0xd9, 0x8c, 0x21, 0x11, 0x4, 0x22,
    0x60, 0x86, 0x8, 0x10, 0x8, 0x3, 0x81, 0x3,
    0xe7, 0xff, 0x8, 0xe, 0x1, 0x3, 0xe0, 0x20,
    0xd4, 0x4, 0x32, 0x40, 0x8e, 0x4c, 0x13, 0x88,
    0xc2, 0x61, 0x9, 0xc0, 0x20, 0x0,

    /* U+63A5 "接" */
    0x10, 0xc, 0x2, 0x1, 0x80, 0x43, 0xff, 0x8,
    0x0, 0xf, 0xc6, 0x18, 0x20, 0x62, 0x4, 0x0,
    0xc0, 0x8f, 0xff, 0x10, 0x10, 0x3, 0x83, 0x0,
    0xf0, 0x42, 0x78, 0xff, 0xf1, 0x6, 0x18, 0x20,
    0x82, 0x4, 0x38, 0xc0, 0x81, 0xf0, 0x10, 0xe,
    0x2, 0xe, 0x71, 0xc7, 0x3, 0x0,

    /* U+63D0 "提" */
    0x10, 0x0, 0x2, 0x1f, 0xf0, 0x42, 0x2, 0x8,
    0x40, 0x41, 0xf, 0xf8, 0xf9, 0x1, 0x4, 0x3f,
    0xe0, 0x80, 0x0, 0x13, 0xff, 0xc3, 0xff, 0xf9,
    0xf0, 0x60, 0x78, 0x4c, 0x1, 0x9, 0x80, 0x21,
    0x3f, 0x4, 0x76, 0x0, 0x8a, 0xc0, 0x13, 0x78,
    0x2, 0x47, 0x1, 0xd8, 0x3f, 0x80,

    /* U+6536 "收" */
    0x2, 0x30, 0x0, 0x8c, 0x4, 0x22, 0x1, 0x8,
    0xff, 0x42, 0x61, 0x10, 0x98, 0x44, 0x2e, 0x11,
    0xe, 0xcc, 0x42, 0x93, 0x10, 0x84, 0x84, 0x21,
    0xe1, 0x78, 0x30, 0xfa, 0xc, 0x10, 0x87, 0x80,
    0x21, 0xa0, 0x9, 0xce, 0x2, 0xe1, 0xc0, 0xa0,
    0x0,

    /* U+6557 "敗" */
    0x0, 0x10, 0x1f, 0xc4, 0x4, 0x13, 0x1, 0x4,
    0xc0, 0x41, 0x3f, 0xdf, 0xcf, 0xf4, 0x16, 0x11,
    0x5, 0x84, 0x41, 0xf3, 0x1f, 0xe4, 0xc4, 0x11,
    0x21, 0x4, 0x78, 0x7f, 0xc, 0x8, 0x3, 0x2,
    0x21, 0xe1, 0x84, 0xcc, 0x41, 0x61, 0xb0, 0x30,
    0x30,

    /* U+6559 "教" */
    0x8, 0x4c, 0x1, 0x9, 0x81, 0xfb, 0x30, 0x4,
    0xcf, 0xf0, 0x99, 0xfe, 0xff, 0xf1, 0x9f, 0xfe,
    0x20, 0x71, 0xc4, 0x3f, 0xed, 0x8f, 0x75, 0xb1,
    0x8c, 0x14, 0x23, 0x3, 0x80, 0x40, 0x70, 0xf,
    0xcc, 0x1f, 0x81, 0xc0, 0x20, 0x6c, 0x4, 0x19,
    0xc0, 0x8e, 0x1c, 0xe1, 0x81, 0x0,

    /* U+6566 "敦" */
    0x8, 0x18, 0x3, 0x6, 0xf, 0xfd, 0x0, 0x0,
    0x7f, 0x7f, 0xbf, 0xd8, 0x6c, 0x46, 0x1b, 0x11,
    0xff, 0xc4, 0x0, 0x5b, 0x1f, 0xe2, 0xc0, 0x30,
    0xa0, 0x18, 0x38, 0xc, 0x4, 0x7, 0xf3, 0x8f,
    0xc1, 0xa0, 0x30, 0xec, 0xc, 0x71, 0xcf, 0x10,
    0x30,

    /* U+6574 "整" */
    0x4, 0x8, 0x3f, 0xe6, 0x0, 0x41, 0xfd, 0xfe,
    0xc6, 0x44, 0xf9, 0x1f, 0xe2, 0xc0, 0xe0, 0x60,
    0x56, 0x3c, 0x64, 0x71, 0xc0, 0x0, 0x7, 0xff,
    0xf8, 0x3, 0x0, 0x0, 0xc0, 0x2, 0x3f, 0x80,
    0x8c, 0x0, 0x23, 0x0, 0x7f, 0xff, 0xdf, 0xff,
    0xf0,

    /* U+6578 "數" */
    0x4, 0xc, 0x1f, 0xe3, 0x4, 0x48, 0x83, 0xff,
    0x7f, 0x44, 0x9f, 0xdf, 0xe6, 0x40, 0x43, 0x91,
    0xfe, 0xa4, 0x44, 0xab, 0x1f, 0xe3, 0xc0, 0x90,
    0x63, 0xff, 0x18, 0x31, 0x6, 0xc, 0x83, 0x85,
    0xc1, 0x90, 0xef, 0xc7, 0xe0, 0x40, 0xc0,

    /* U+6587 "文" */
    0x0, 0x80, 0x0, 0x30, 0x0, 0xc, 0x0, 0x1,
    0x0, 0xff, 0xff, 0xc6, 0x1, 0x80, 0x80, 0x40,
    0x30, 0x30, 0x4, 0x8, 0x1, 0x86, 0x0, 0x33,
    0x0, 0x7, 0x80, 0x0, 0xc0, 0x0, 0x78, 0x0,
    0x33, 0x80, 0x38, 0x70, 0x78, 0x7, 0xb8, 0x0,
    0x70,

    /* U+6599 "料" */
    0x10, 0x2, 0x24, 0x90, 0x8d, 0x27, 0x21, 0x50,
    0x68, 0x54, 0x2, 0x4, 0x0, 0x8f, 0xec, 0x20,
    0x41, 0xc8, 0x50, 0x2, 0x17, 0x0, 0x85, 0x40,
    0x39, 0x58, 0xfe, 0xd3, 0xf2, 0x24, 0x0, 0x89,
    0x0, 0x20, 0x40, 0x8, 0x10, 0x2, 0x4, 0x0,
    0x80,

    /* U+65B0 "新" */
    0x18, 0x1, 0x83, 0x7, 0xef, 0xfb, 0x1, 0x8c,
    0xc0, 0x22, 0x30, 0x8, 0x8c, 0xf, 0xfb, 0xff,
    0xfe, 0xff, 0x8, 0x31, 0x2, 0xc, 0x4f, 0xfb,
    0x10, 0x20, 0xc4, 0x29, 0x31, 0x1a, 0x4c, 0x44,
    0x9b, 0x13, 0x22, 0x84, 0x88, 0x61, 0x2, 0x18,
    0x40, 0x84, 0x10,

    /* U+65C5 "旅" */
    0x18, 0x10, 0x1, 0x6, 0x0, 0x20, 0x80, 0x7f,
    0x9f, 0xef, 0xf6, 0x0, 0x60, 0x81, 0xc, 0x31,
    0xe1, 0x81, 0xe0, 0x3f, 0x24, 0x6, 0x64, 0x98,
    0xcc, 0x9e, 0x19, 0x93, 0x83, 0x32, 0x20, 0x46,
    0x46, 0x18, 0xc8, 0xc3, 0x19, 0x8, 0x43, 0x2d,
    0x98, 0x47, 0x1a, 0x79, 0x81, 0x0,

    /* U+65CF "族" */
    0x18, 0x20, 0x2, 0x8, 0x0, 0xc2, 0x3, 0xfd,
    0xff, 0xff, 0x40, 0xc, 0x24, 0x3, 0xb, 0x0,
    0xc0, 0xfe, 0x3f, 0x6c, 0xc, 0xf3, 0x3, 0x30,
    0xc0, 0xcf, 0xff, 0x33, 0xc, 0xc, 0xc2, 0x83,
    0x30, 0xb1, 0x8c, 0x64, 0x63, 0x31, 0xb0, 0x98,
    0x3c, 0xec, 0x4,

    /* U+65E5 "日" */
    0xff, 0xff, 0x0, 0x3c, 0x0, 0xf0, 0x3, 0xc0,
    0xf, 0x0, 0x3c, 0x0, 0xff, 0xff, 0xc0, 0xf,
    0x0, 0x3c, 0x0, 0xf0, 0x3, 0xc0, 0xf, 0x0,
    0x3f, 0xff, 0xf0, 0x3, 0xc0, 0xc,

    /* U+65E9 "早" */
    0x3f, 0xff, 0x8, 0x0, 0xc2, 0x0, 0x30, 0x80,
    0xc, 0x3f, 0xff, 0x8, 0x0, 0xc2, 0x0, 0x30,
    0xff, 0xfc, 0x3f, 0xff, 0x0, 0x30, 0x0, 0xc,
    0x0, 0x3, 0x0, 0xff, 0xff, 0xc0, 0x30, 0x0,
    0xc, 0x0, 0x3, 0x0, 0x0, 0xc0, 0x0, 0x30,
    0x0,

    /* U+661F "星" */
    0x1f, 0xff, 0x4, 0x0, 0x41, 0x0, 0x10, 0x7f,
    0xfc, 0x10, 0x1, 0x4, 0x0, 0x41, 0xff, 0xf0,
    0x63, 0x0, 0x18, 0xc0, 0xf, 0xff, 0xe6, 0xc,
    0x3, 0x3, 0x0, 0x3f, 0xff, 0x0, 0x30, 0x0,
    0xc, 0x0, 0x3, 0x0, 0xff, 0xff, 0xc0,

    /* U+6625 "春" */
    0x0, 0x80, 0x0, 0x20, 0x7, 0xff, 0xf8, 0x6,
    0x0, 0x1, 0x80, 0xf, 0xff, 0xc0, 0x30, 0x0,
    0x18, 0x0, 0xff, 0xff, 0xc3, 0x3, 0x1, 0xff,
    0xe1, 0xe0, 0x1e, 0xc8, 0x4, 0xc3, 0xff, 0x0,
    0x80, 0x40, 0x20, 0x10, 0x8, 0x4, 0x3, 0xff,
    0x0, 0x80, 0x40,

    /* U+662F "是" */
    0x1f, 0xff, 0x4, 0x0, 0xc1, 0x0, 0x30, 0x7f,
    0xfc, 0x10, 0x3, 0x4, 0x0, 0xc1, 0xff, 0xf3,
    0xff, 0xff, 0xff, 0xff, 0xc0, 0x30, 0x0, 0x8c,
    0x0, 0x63, 0x0, 0x18, 0xff, 0x86, 0x30, 0x3,
    0x4c, 0x1, 0xdb, 0x0, 0xe3, 0x80, 0x30, 0x3f,
    0xf0,

    /* U+6642 "時" */
    0x0, 0x8, 0x7f, 0x4, 0x31, 0xff, 0xf8, 0xc1,
    0xc, 0x60, 0x86, 0x37, 0xff, 0xf8, 0x9, 0x8c,
    0x4, 0xc6, 0x2, 0x63, 0xff, 0xf1, 0x80, 0x98,
    0xd8, 0x4f, 0xe6, 0x26, 0x1, 0x93, 0x0, 0x8,
    0x0, 0x4, 0x0, 0x2, 0x0, 0x7, 0x0,

    /* U+665A "晚" */
    0x0, 0x30, 0x0, 0x8, 0xf, 0xc7, 0xe3, 0x33,
    0x18, 0xcc, 0x84, 0x33, 0x63, 0xc, 0xff, 0xfb,
    0x3c, 0x22, 0xfd, 0x8, 0xb3, 0x42, 0x2c, 0xdf,
    0xfb, 0x37, 0xfe, 0xcc, 0x14, 0x33, 0x5, 0xf,
    0xc2, 0x43, 0x1, 0x91, 0xc0, 0xc4, 0x40, 0xe1,
    0x10, 0xe0, 0x78,

    /* U+666E "普" */
    0x8, 0xc, 0x6, 0x4, 0x1f, 0xff, 0xcf, 0xff,
    0xe2, 0x22, 0x21, 0x91, 0x30, 0xc8, 0x90, 0x24,
    0x58, 0xff, 0xff, 0xff, 0xff, 0xcf, 0xff, 0x86,
    0x0, 0xc3, 0x0, 0x61, 0x80, 0x30, 0xff, 0xf8,
    0x60, 0xc, 0x30, 0x6, 0x1f, 0xff, 0xc, 0x1,
    0x80,

    /* U+6674 "晴" */
    0x0, 0x8, 0x0, 0x2, 0xf, 0xdf, 0xff, 0x30,
    0x20, 0xcc, 0xff, 0xb3, 0x2, 0xc, 0xdf, 0xff,
    0xf7, 0xff, 0xfc, 0x0, 0x33, 0x3f, 0xec, 0xcc,
    0x1b, 0x33, 0x6, 0xcc, 0xff, 0xbf, 0x30, 0x6c,
    0xf, 0xfb, 0x3, 0x6, 0x0, 0xc1, 0x80, 0x60,
    0x60, 0x18, 0x70,

    /* U+66AB "暫" */
    0x4, 0x1, 0xbf, 0xe7, 0xc0, 0x41, 0x1, 0xfe,
    0x40, 0x44, 0x9f, 0xdf, 0xe7, 0xf4, 0x4b, 0x10,
    0xfc, 0xc4, 0xff, 0xa1, 0x1, 0x18, 0x40, 0x0,
    0x0, 0x7f, 0xfc, 0x18, 0x3, 0x6, 0x0, 0xc1,
    0xff, 0xf0, 0x60, 0xc, 0x18, 0x3, 0x7, 0xff,
    0xc1, 0x80, 0x30,

    /* U+66F4 "更" */
    0xff, 0xff, 0xff, 0xff, 0xf0, 0xc, 0x0, 0xff,
    0xfc, 0x20, 0xc3, 0x8, 0x30, 0xc2, 0xc, 0x30,
    0xff, 0xfc, 0x20, 0xc3, 0x8, 0x30, 0xc3, 0xff,
    0xf0, 0x43, 0x0, 0x19, 0x80, 0x2, 0x60, 0x0,
    0xf0, 0x0, 0x1c, 0x0, 0x3c, 0xf0, 0x38, 0x3,
    0xf0,

    /* U+66F8 "書" */
    0x0, 0xc0, 0xf, 0xff, 0xc0, 0xc, 0x33, 0xff,
    0xff, 0x0, 0xc3, 0xf, 0xff, 0xc0, 0xc, 0x1,
    0xff, 0xfe, 0x0, 0xc0, 0x3f, 0xff, 0xf0, 0x0,
    0x0, 0xff, 0xfc, 0x30, 0x3, 0xc, 0x0, 0xc3,
    0xff, 0xf0, 0xc0, 0xc, 0x3f, 0xff, 0xc, 0x0,
    0xc0,

    /* U+6700 "最" */
    0x3f, 0xfe, 0x8, 0x1, 0x82, 0xff, 0x60, 0x80,
    0x18, 0x20, 0x6, 0xb, 0xfd, 0x80, 0x0, 0x3,
    0xff, 0xfe, 0x63, 0x0, 0x18, 0xc0, 0x7, 0xff,
    0xf1, 0x8d, 0xc, 0x7f, 0x62, 0x18, 0xcd, 0x86,
    0xf1, 0xc3, 0xfc, 0xf8, 0x3, 0xe7, 0x80, 0xe0,
    0x60,

    /* U+6703 "會" */
    0x0, 0x40, 0x0, 0xe, 0x0, 0x1, 0xb8, 0x0,
    0x70, 0xc0, 0x1d, 0xfb, 0x86, 0x0, 0x6, 0x1f,
    0xff, 0x81, 0x24, 0xd8, 0x13, 0x49, 0x81, 0x15,
    0x98, 0x1f, 0xff, 0x81, 0xff, 0xf8, 0xf, 0xff,
    0x0, 0xc0, 0x30, 0xf, 0xff, 0x0, 0xc0, 0x30,
    0xc, 0x3, 0x0, 0xff, 0xf0, 0xc, 0x3, 0x0,

    /* U+6708 "月" */
    0xf, 0xff, 0x86, 0x0, 0xc3, 0x0, 0x61, 0x80,
    0x30, 0xc0, 0x18, 0x7f, 0xfc, 0x30, 0x6, 0x18,
    0x3, 0xc, 0x1, 0x86, 0x0, 0xc3, 0xff, 0xe1,
    0x80, 0x31, 0x80, 0x18, 0xc0, 0xc, 0x60, 0x6,
    0x60, 0x3, 0x60, 0x1, 0xa0, 0xf, 0x80,

    /* U+6709 "有" */
    0x0, 0x0, 0x0, 0xc0, 0x0, 0x30, 0x3, 0xff,
    0xff, 0x6, 0x0, 0x3, 0x0, 0x0, 0xc0, 0x0,
    0x7f, 0xf8, 0x3c, 0x2, 0x1b, 0x0, 0x8c, 0xff,
    0xe2, 0x30, 0x8, 0xc, 0x2, 0x3, 0xff, 0x80,
    0x80, 0x20, 0x20, 0x8, 0x18, 0x2, 0x6, 0x0,
    0x83, 0x1, 0xe0,

    /* U+670B "朋" */
    0x3f, 0xdf, 0xe6, 0x1b, 0xc, 0xc3, 0x61, 0x98,
    0x6c, 0x33, 0xd, 0x86, 0x7f, 0xbf, 0xcc, 0x36,
    0x19, 0x86, 0xc3, 0x30, 0xd8, 0x66, 0x1b, 0xc,
    0xff, 0x7f, 0x98, 0x6c, 0x33, 0xd, 0x86, 0x61,
    0xb0, 0xc8, 0x34, 0x19, 0x7, 0x83, 0x60, 0xf0,
    0x68, 0x74, 0x78,

    /* U+670D "服" */
    0x7f, 0x7f, 0xcc, 0x6c, 0x19, 0x8d, 0x83, 0x31,
    0xb0, 0x67, 0xf6, 0x3c, 0xfe, 0xc0, 0x18, 0xd8,
    0x3, 0x1b, 0xff, 0x63, 0x68, 0x4c, 0x6d, 0x9,
    0xfd, 0xb3, 0x31, 0xb2, 0x46, 0x36, 0x78, 0xc6,
    0xc6, 0x10, 0xd8, 0xc2, 0x1b, 0x3c, 0xc3, 0x7c,
    0xf1, 0xcd, 0xc,

    /* U+671F "期" */
    0x31, 0x9f, 0xe6, 0x33, 0xfd, 0xff, 0x61, 0x98,
    0xcc, 0x33, 0x19, 0x86, 0x7f, 0x3f, 0xcc, 0x66,
    0x19, 0x8c, 0xc3, 0x3f, 0x98, 0x66, 0x33, 0xfc,
    0xc6, 0x61, 0xff, 0xec, 0x3f, 0xfd, 0x86, 0x20,
    0x30, 0xc4, 0xc4, 0x19, 0x89, 0x83, 0x61, 0xb0,
    0x78, 0xc, 0x38,

    /* U+672A "未" */
    0x0, 0x60, 0x0, 0x6, 0x0, 0x0, 0x60, 0x3,
    0xff, 0xfc, 0x0, 0x60, 0x0, 0x6, 0x0, 0x0,
    0x60, 0x0, 0x6, 0x0, 0x7f, 0xff, 0xe0, 0xf,
    0x0, 0x1, 0xf8, 0x0, 0x36, 0xc0, 0x6, 0x66,
    0x0, 0xc6, 0x30, 0x38, 0x61, 0xc7, 0x6, 0xf,
    0x40, 0x60, 0x20, 0x6, 0x0,

    /* U+672B "末" */
    0x0, 0xc0, 0x0, 0x18, 0x0, 0x3, 0x0, 0x7f,
    0xff, 0xe0, 0xc, 0x0, 0x1, 0x80, 0x0, 0x30,
    0x0, 0x6, 0x0, 0x7f, 0xff, 0x80, 0x3c, 0x0,
    0xf, 0xc0, 0x3, 0x6c, 0x0, 0xcc, 0xc0, 0x31,
    0x8c, 0x1c, 0x30, 0xe7, 0x6, 0xe, 0x80, 0xc0,
    0x40, 0x18, 0x0,

    /* U+6751 "村" */
    0x8, 0x1, 0x81, 0x0, 0x30, 0x20, 0x6, 0x4,
    0x0, 0xcf, 0xf7, 0xfe, 0x30, 0x3, 0x6, 0x0,
    0x60, 0xe1, 0xc, 0x3e, 0x21, 0x85, 0x46, 0x30,
    0xac, 0x66, 0x34, 0x8c, 0xcc, 0x80, 0x99, 0x90,
    0x3, 0x2, 0x0, 0x60, 0x40, 0xc, 0x8, 0x1,
    0x81, 0x1, 0xf0,

    /* U+6771 "東" */
    0x0, 0xc0, 0x0, 0x18, 0x3, 0xff, 0xff, 0x0,
    0x60, 0x0, 0xc, 0x0, 0x7f, 0xfe, 0x8, 0x30,
    0xc1, 0x6, 0x18, 0x3f, 0xff, 0x4, 0x18, 0x60,
    0x83, 0xc, 0x1f, 0xff, 0x80, 0x1e, 0x0, 0x7,
    0xf0, 0x3, 0xb7, 0x0, 0xe6, 0x70, 0x70, 0xc3,
    0x9c, 0x18, 0x38, 0x3, 0x0, 0x0,

    /* U+677E "松" */
    0x10, 0x6c, 0x4, 0x1b, 0x81, 0x4, 0x20, 0x41,
    0x8, 0xfe, 0xc3, 0x4, 0x30, 0x43, 0x89, 0x18,
    0xe6, 0x42, 0x3c, 0x30, 0x95, 0x8, 0x5, 0x42,
    0x3, 0x41, 0x98, 0x90, 0x42, 0x24, 0x30, 0xc1,
    0x8, 0x10, 0x47, 0xfe, 0x11, 0xe0, 0x84, 0x0,
    0x0,

    /* U+677F "板" */
    0x8, 0x0, 0x1, 0x1f, 0xf8, 0x23, 0x0, 0x4,
    0x60, 0x7, 0xfc, 0x0, 0x11, 0x80, 0x6, 0x3f,
    0xf0, 0xe7, 0x82, 0x1e, 0xd0, 0xc5, 0x5a, 0x10,
    0xaf, 0x62, 0x34, 0x64, 0xc4, 0x8c, 0xf0, 0x91,
    0xc, 0x2, 0x61, 0xc0, 0x4c, 0xec, 0xb, 0x30,
    0xe1, 0x24, 0xc,

    /* U+6797 "林" */
    0x8, 0xc, 0x2, 0x3, 0x0, 0x80, 0xc0, 0x20,
    0x30, 0xff, 0xff, 0xc6, 0x3, 0x1, 0xc0, 0xe0,
    0x78, 0x78, 0x3b, 0x1e, 0xa, 0x4f, 0xc6, 0x82,
    0xd1, 0x21, 0xb6, 0xc8, 0xcc, 0xe2, 0x63, 0x30,
    0x88, 0xc0, 0x20, 0x30, 0x8, 0xc, 0x2, 0x3,
    0x0,

    /* U+679C "果" */
    0x1f, 0xff, 0x81, 0xff, 0xf8, 0x18, 0x61, 0x81,
    0x86, 0x18, 0x1f, 0xff, 0x81, 0x86, 0x18, 0x18,
    0x61, 0x81, 0xff, 0xf8, 0x0, 0x60, 0x0, 0x6,
    0x0, 0x7f, 0xff, 0xe0, 0xf, 0x0, 0x3, 0xec,
    0x0, 0x76, 0x60, 0xc, 0x63, 0x83, 0x86, 0x1e,
    0x60, 0x60, 0x60, 0x6, 0x0,

    /* U+67E5 "查" */
    0x0, 0x40, 0x0, 0x10, 0x0, 0x4, 0x3, 0xff,
    0xff, 0x1, 0xf8, 0x1, 0xd3, 0x0, 0xe4, 0x71,
    0xe1, 0xe, 0xff, 0xfe, 0xd3, 0xff, 0x80, 0xc0,
    0x60, 0x3f, 0xf8, 0xc, 0x6, 0x3, 0x1, 0x80,
    0xff, 0xe0, 0x0, 0x0, 0x0, 0x0, 0x1f, 0xff,
    0xf0,

    /* U+6838 "核" */
    0x10, 0x18, 0x4, 0x2, 0x1, 0x0, 0xc0, 0x47,
    0xff, 0xfc, 0x10, 0x4, 0xc, 0x3, 0x86, 0x30,
    0xe1, 0x8, 0x3d, 0xfe, 0xd, 0x3, 0x5, 0x41,
    0x99, 0x41, 0xc6, 0xd0, 0xe3, 0x24, 0x61, 0x81,
    0x0, 0xe0, 0x40, 0xec, 0x10, 0x71, 0x84, 0xf0,
    0x31, 0x30, 0x0,

    /* U+6843 "桃" */
    0x10, 0x24, 0x2, 0x4, 0x80, 0x40, 0x90, 0x8,
    0x92, 0x3f, 0xda, 0x4c, 0x21, 0x4b, 0xe, 0x39,
    0x61, 0xc5, 0x20, 0x3c, 0x24, 0x6, 0x84, 0x81,
    0xd1, 0x9c, 0x28, 0x72, 0xc5, 0x3a, 0x4d, 0xa6,
    0x48, 0x64, 0x11, 0x0, 0x82, 0x20, 0x10, 0x84,
    0x22, 0x30, 0x84, 0x48, 0x1f, 0x0,

    /* U+6848 "案" */
    0x0, 0x0, 0x0, 0x30, 0xf, 0xff, 0xff, 0x4,
    0x3, 0xc3, 0x6, 0xff, 0xff, 0xf0, 0xc0, 0xc0,
    0x60, 0x60, 0x1f, 0x70, 0x0, 0xfc, 0xf, 0xc1,
    0xf0, 0x3, 0x6, 0x0, 0xc0, 0x3f, 0xff, 0xf0,
    0xc, 0x80, 0x33, 0x38, 0x38, 0xc3, 0xb8, 0x30,
    0x70, 0xc, 0x0,

    /* U+696D "業" */
    0x2, 0x20, 0x31, 0x11, 0xc, 0x89, 0x82, 0x44,
    0x8f, 0xff, 0xff, 0xff, 0xfc, 0x30, 0x61, 0xff,
    0xfe, 0xff, 0xff, 0x0, 0xc0, 0x1f, 0xff, 0x80,
    0x30, 0x0, 0x18, 0x7, 0xff, 0xfc, 0x6, 0x0,
    0xb, 0x30, 0x39, 0x8e, 0x70, 0xc1, 0xc0, 0x60,
    0x0,

    /* U+6A02 "樂" */
    0x8, 0x60, 0x81, 0x8, 0x10, 0x63, 0xe6, 0x9,
    0x44, 0x93, 0xe8, 0xbc, 0x49, 0xf6, 0x82, 0xa2,
    0x20, 0x94, 0x4d, 0x32, 0x8b, 0x27, 0xdf, 0x7c,
    0x8, 0x8, 0x80, 0x30, 0x7, 0xff, 0xfe, 0x0,
    0xc0, 0x0, 0xd9, 0x80, 0x73, 0x1c, 0x3c, 0x60,
    0xce, 0xc, 0xc, 0x1, 0x80, 0x0,

    /* U+6A13 "樓" */
    0x10, 0xc, 0x2, 0x1f, 0xf8, 0x42, 0x33, 0x8,
    0x46, 0x61, 0x1f, 0xfe, 0xf9, 0x19, 0x84, 0x3f,
    0xf1, 0xc0, 0x60, 0x3c, 0xff, 0xc6, 0x91, 0x89,
    0xdb, 0xff, 0x28, 0xc, 0x5, 0x1, 0x9, 0xa3,
    0xff, 0xc4, 0x18, 0x60, 0x87, 0x98, 0x10, 0x1e,
    0x2, 0xf, 0x78, 0x47, 0x81, 0x0,

    /* U+6A39 "樹" */
    0x10, 0x40, 0x84, 0x10, 0x21, 0x7f, 0x88, 0x41,
    0x2, 0x10, 0x40, 0x9f, 0xfd, 0xf1, 0x0, 0x8,
    0xc0, 0x2, 0x39, 0xf4, 0x8e, 0x45, 0xa3, 0x51,
    0x29, 0x47, 0xca, 0x50, 0x2, 0xb4, 0x44, 0x29,
    0x1b, 0x8, 0x42, 0x82, 0x10, 0x38, 0x85, 0xfe,
    0x21, 0x60, 0x38,

    /* U+6A4B "橋" */
    0x10, 0x1, 0x4, 0x7f, 0x81, 0x3, 0x0, 0x40,
    0xc0, 0x11, 0xff, 0xff, 0x18, 0x81, 0xf, 0xf0,
    0xc7, 0xf, 0x3b, 0x42, 0xcf, 0x1f, 0x87, 0x40,
    0x1, 0x57, 0xff, 0x51, 0x0, 0xe4, 0x4f, 0xb9,
    0x12, 0x2c, 0x44, 0x8b, 0x11, 0x3e, 0xc4, 0x48,
    0x31, 0x10, 0x38,

    /* U+6AA2 "檢" */
    0x10, 0x18, 0x4, 0x6, 0x1, 0x3, 0xc0, 0x41,
    0x98, 0x7d, 0xc1, 0x9f, 0xdf, 0xb1, 0x0, 0x0,
    0xe7, 0x9e, 0x39, 0x24, 0x8d, 0x49, 0x25, 0x52,
    0x49, 0x47, 0x9e, 0xd0, 0x0, 0x24, 0x30, 0x81,
    0x8, 0x60, 0x47, 0x9c, 0x13, 0x2d, 0x85, 0x87,
    0x31, 0x41, 0x84,

    /* U+6B0A "權" */
    0x10, 0x64, 0x4, 0x19, 0x1, 0x7e, 0x7c, 0x41,
    0x90, 0xfd, 0xf7, 0x84, 0x4d, 0x23, 0x13, 0x48,
    0xe7, 0xde, 0x3c, 0x88, 0x15, 0x7f, 0xf5, 0x1f,
    0xff, 0x4c, 0x20, 0x95, 0xff, 0xa4, 0x42, 0x1,
    0x1f, 0xf8, 0x44, 0x20, 0x11, 0x8, 0x4, 0x7f,
    0xf1, 0x10, 0x0,

    /* U+6B21 "次" */
    0x0, 0x80, 0x0, 0x30, 0x0, 0x6, 0x0, 0x7c,
    0xff, 0xe0, 0x30, 0xc, 0x6, 0x63, 0x1, 0x8c,
    0x60, 0x31, 0x88, 0x0, 0x31, 0x0, 0x6, 0x0,
    0x1, 0xe0, 0x7e, 0x34, 0x0, 0xe, 0xc0, 0x1,
    0x8c, 0x0, 0x60, 0xc0, 0x38, 0x1c, 0xe, 0x0,
    0xc0, 0x0, 0x0,

    /* U+6B3E "款" */
    0xc, 0x18, 0x1, 0x83, 0x3, 0xfe, 0x60, 0x6,
    0x8, 0x0, 0xc1, 0xff, 0xff, 0x60, 0xc0, 0x8,
    0x30, 0x3, 0x26, 0x7f, 0xc4, 0x80, 0x0, 0xc3,
    0xff, 0x18, 0x7f, 0xe3, 0x0, 0xc0, 0xe0, 0xda,
    0x16, 0x1b, 0x22, 0x46, 0x64, 0xcc, 0xcc, 0xb0,
    0xc1, 0x8c, 0xc, 0x30, 0x80, 0x80,

    /* U+6B4C "歌" */
    0x0, 0x10, 0x1f, 0xf3, 0x3, 0xfe, 0x60, 0x0,
    0x88, 0x7, 0xd3, 0xfc, 0x8a, 0x61, 0x91, 0x49,
    0x33, 0xeb, 0x2c, 0x1, 0x45, 0x9f, 0xf8, 0x83,
    0xff, 0x18, 0x0, 0x83, 0x7, 0xd0, 0xa0, 0x8a,
    0x14, 0x11, 0x42, 0xc3, 0xe8, 0x88, 0x41, 0x31,
    0x80, 0x2c, 0x18, 0x1d, 0x1, 0x0,

    /* U+6B62 "止" */
    0x0, 0x60, 0x0, 0x18, 0x0, 0x6, 0x0, 0x1,
    0x80, 0x0, 0x60, 0x6, 0x18, 0x1, 0x86, 0x0,
    0x61, 0xff, 0x18, 0x60, 0x6, 0x18, 0x1, 0x86,
    0x0, 0x61, 0x80, 0x18, 0x60, 0x6, 0x18, 0x1,
    0x86, 0x0, 0x61, 0x80, 0xff, 0xff, 0xff, 0xff,
    0xf0,

    /* U+6B63 "正" */
    0x7f, 0xff, 0xcf, 0xff, 0xf8, 0x1, 0x80, 0x0,
    0x30, 0x0, 0x6, 0x0, 0x0, 0xc0, 0x6, 0x18,
    0x0, 0xc3, 0x0, 0x18, 0x7f, 0x83, 0xc, 0x0,
    0x61, 0x80, 0xc, 0x30, 0x1, 0x86, 0x0, 0x30,
    0xc0, 0x6, 0x18, 0x7, 0xff, 0xff, 0xff, 0xff,
    0xe0,

    /* U+6B65 "步" */
    0x18, 0xc0, 0x6, 0x30, 0x1, 0x8f, 0xf0, 0x63,
    0x0, 0x18, 0xc0, 0x3f, 0xff, 0xff, 0xff, 0xfc,
    0x3, 0x0, 0xc, 0xc3, 0x3, 0x30, 0xc1, 0x8c,
    0x61, 0xc3, 0x30, 0x60, 0xd8, 0x0, 0x1c, 0x0,
    0x1e, 0x0, 0x3e, 0x0, 0xfc, 0x0, 0x30, 0x0,
    0x0,

    /* U+6BCD "母" */
    0x1f, 0xff, 0x6, 0x0, 0xc1, 0x98, 0x30, 0x63,
    0xc, 0x10, 0x63, 0x4, 0x8, 0xc3, 0x0, 0x33,
    0xff, 0xff, 0x30, 0x3, 0xc, 0xc0, 0xc2, 0xc,
    0x31, 0x81, 0x8c, 0x60, 0x3, 0x1f, 0xff, 0xe0,
    0x0, 0x20, 0x0, 0x18, 0x0, 0x6, 0x0, 0x1f,
    0x0,

    /* U+6BCF "每" */
    0xc, 0x0, 0x2, 0x0, 0x1, 0xff, 0xfc, 0x40,
    0x0, 0x30, 0x0, 0x18, 0x0, 0xc, 0xff, 0xe1,
    0x66, 0x8, 0x18, 0xc2, 0x6, 0x8, 0x8f, 0xff,
    0xfc, 0x44, 0x8, 0x11, 0x82, 0x4, 0x30, 0x83,
    0x6, 0x20, 0xff, 0xff, 0x0, 0x6, 0x0, 0x1,
    0x80, 0x3, 0xc0,

    /* U+6BD4 "比" */
    0x60, 0x60, 0x30, 0x30, 0x18, 0x18, 0xc, 0xc,
    0x6, 0x6, 0x3, 0x3, 0x1, 0xfd, 0xfc, 0xc0,
    0xc0, 0x60, 0x60, 0x30, 0x30, 0x18, 0x18, 0xc,
    0xc, 0x6, 0x6, 0x3, 0x3, 0x5, 0x81, 0x82,
    0xde, 0xc1, 0x7c, 0x60, 0xa0, 0x3f, 0x80,

    /* U+6C11 "民" */
    0x7f, 0xff, 0x18, 0x0, 0xc6, 0x0, 0x31, 0x80,
    0xc, 0x7f, 0xff, 0x1f, 0xff, 0xc6, 0xc, 0x1,
    0x83, 0x0, 0x60, 0xc0, 0x1f, 0xff, 0xe6, 0x6,
    0x1, 0x81, 0x80, 0x60, 0x60, 0x18, 0xc, 0x26,
    0x3, 0x9, 0x9e, 0x62, 0x7f, 0xc, 0xbc, 0x1,
    0xe0,

    /* U+6C23 "氣" */
    0xc, 0x0, 0x1, 0x0, 0x0, 0x7f, 0xff, 0x18,
    0x0, 0x3, 0x0, 0x0, 0xdf, 0xfe, 0x30, 0x0,
    0x1, 0xff, 0xf0, 0x2, 0x6, 0x6, 0x44, 0xc0,
    0x49, 0x98, 0x9, 0x23, 0x7, 0xff, 0xe0, 0x4,
    0xc, 0x2, 0x90, 0x80, 0xd3, 0x11, 0x32, 0x32,
    0x2c, 0x42, 0x6d, 0x8, 0x7, 0x0,

    /* U+6C34 "水" */
    0x0, 0x60, 0x0, 0x6, 0x0, 0x0, 0x60, 0x0,
    0x6, 0x0, 0x0, 0x60, 0xc7, 0xf6, 0x18, 0x3,
    0x73, 0x0, 0x67, 0x60, 0x6, 0x7c, 0x0, 0x66,
    0x80, 0xc, 0x6c, 0x0, 0xc6, 0x60, 0x18, 0x63,
    0x3, 0x86, 0x18, 0x70, 0x60, 0xee, 0x6, 0x6,
    0x40, 0x60, 0x0, 0x3c, 0x0,

    /* U+6C38 "永" */
    0x3, 0x0, 0x0, 0x3c, 0x0, 0x0, 0xf0, 0x0,
    0x4, 0x1, 0xfe, 0x0, 0x0, 0xc1, 0x80, 0x18,
    0x73, 0xfb, 0x18, 0x3, 0x76, 0x0, 0xcf, 0x80,
    0x19, 0xe0, 0x6, 0x36, 0x0, 0xc6, 0x40, 0x30,
    0xcc, 0xc, 0x18, 0xe3, 0x83, 0xf, 0x60, 0x60,
    0x60, 0x78, 0x0,

    /* U+6C50 "汐" */
    0x30, 0x18, 0x3, 0x86, 0x0, 0x10, 0xc0, 0x0,
    0x3f, 0xf0, 0x6, 0x6, 0xc1, 0x81, 0x8e, 0x70,
    0x30, 0x5b, 0x6, 0x2, 0x39, 0x80, 0x3, 0xb0,
    0x10, 0x1c, 0x6, 0x3, 0x1, 0x80, 0xc0, 0x30,
    0x38, 0xc, 0xc, 0x1, 0x87, 0x0, 0x23, 0x80,
    0x0, 0x0, 0x0,

    /* U+6C5F "江" */
    0x60, 0x0, 0x7, 0x0, 0x0, 0x27, 0xff, 0x0,
    0xc, 0x0, 0x1, 0x80, 0x0, 0x30, 0x38, 0x6,
    0x1, 0x80, 0xc0, 0x0, 0x18, 0x0, 0x3, 0x0,
    0x20, 0x60, 0x4, 0xc, 0x1, 0x81, 0x80, 0x20,
    0x30, 0xc, 0x6, 0x3, 0x1f, 0xff, 0x63, 0xff,
    0xe0, 0x0, 0x0,

    /* U+6C7A "決" */
    0x60, 0x30, 0xe, 0xc, 0x0, 0x83, 0x0, 0xf,
    0xfc, 0x0, 0x31, 0x30, 0xc, 0x47, 0x3, 0x10,
    0x40, 0xc4, 0x7, 0xff, 0xc1, 0xff, 0xf0, 0x83,
    0x40, 0x61, 0x98, 0x10, 0x62, 0xc, 0x30, 0xc2,
    0x1c, 0x11, 0x8e, 0x6, 0x4e, 0x0, 0xc1, 0x0,
    0x0,

    /* U+6CBB "治" */
    0x0, 0x20, 0x1c, 0x8, 0x3, 0x86, 0x0, 0x23,
    0x30, 0x0, 0xc6, 0x0, 0x60, 0xcc, 0x30, 0x1b,
    0x9f, 0xfe, 0x37, 0x0, 0xc0, 0x0, 0x0, 0x0,
    0x0, 0xf, 0xfe, 0x1b, 0x1, 0x84, 0xc0, 0x63,
    0x30, 0x18, 0x8c, 0x6, 0x63, 0x1, 0xb0, 0xff,
    0xe0, 0x30, 0x18,

    /* U+6CD5 "法" */
    0x60, 0x18, 0xe, 0x6, 0x0, 0x81, 0x80, 0x7,
    0xfe, 0x0, 0x18, 0x30, 0x6, 0x7, 0x1, 0x80,
    0xc0, 0x60, 0x3, 0xff, 0xc0, 0xff, 0xf0, 0x83,
    0x0, 0x21, 0x80, 0x18, 0x63, 0x4, 0x30, 0x43,
    0x8, 0x19, 0x87, 0xff, 0x61, 0xf0, 0xc0, 0x0,
    0x10,

    /* U+6CE8 "注" */
    0x0, 0x10, 0xe, 0x2, 0x0, 0xe0, 0x60, 0x4,
    0x6, 0x0, 0x3f, 0xfc, 0x7, 0xff, 0x80, 0x6,
    0x7, 0x0, 0xc0, 0x30, 0x18, 0x0, 0x3, 0x0,
    0xf, 0xff, 0x4, 0xc, 0x1, 0x81, 0x80, 0x20,
    0x30, 0xc, 0x6, 0x1, 0x0, 0xc0, 0x67, 0xff,
    0xe8, 0xff, 0xfc,

    /* U+6CF0 "泰" */
    0x0, 0xc0, 0x0, 0x30, 0x7, 0xff, 0xf8, 0x2,
    0x0, 0x1, 0x80, 0xf, 0xff, 0xc0, 0x30, 0x0,
    0xc, 0x0, 0xff, 0xff, 0xc1, 0x2, 0x0, 0xcc,
    0xc0, 0x63, 0x1c, 0x7c, 0xcf, 0xb9, 0xb6, 0x30,
    0x2d, 0x0, 0xb, 0x60, 0x1c, 0xcc, 0x1c, 0x30,
    0xc0, 0x3c, 0x0,

    /* U+6CF3 "泳" */
    0x20, 0x70, 0x3, 0x83, 0xe0, 0xc, 0x7, 0x0,
    0x0, 0x0, 0x0, 0xfc, 0x4, 0x0, 0xc2, 0x30,
    0xc, 0x60, 0x7e, 0xcc, 0x0, 0x6f, 0x80, 0xc,
    0xf0, 0x8, 0xce, 0x0, 0x8c, 0xf0, 0x19, 0x8d,
    0x81, 0x18, 0xc8, 0x33, 0xc, 0xc2, 0x60, 0xc7,
    0x64, 0xc, 0x20, 0x7, 0x80,

    /* U+6D17 "洗" */
    0x60, 0xc8, 0x7, 0x19, 0x0, 0x22, 0x20, 0x0,
    0xff, 0xe0, 0x10, 0x81, 0xc6, 0x10, 0xe, 0x2,
    0x0, 0x1f, 0xff, 0x3, 0xff, 0xe0, 0xc, 0xc0,
    0x1, 0x98, 0xc, 0x33, 0x1, 0x86, 0x60, 0x61,
    0x8c, 0xc, 0x31, 0x89, 0xc, 0x31, 0x63, 0x6,
    0x28, 0xc0, 0x78,

    /* U+6D32 "洲" */
    0x41, 0x1, 0x71, 0x11, 0x39, 0x11, 0x11, 0x11,
    0x1, 0x11, 0x1, 0x11, 0xcd, 0x99, 0x75, 0x55,
    0x25, 0x55, 0x7, 0x57, 0x3, 0x73, 0x1, 0x11,
    0x31, 0x11, 0x22, 0x11, 0x62, 0x11, 0x42, 0x11,
    0xc4, 0x11, 0xcc, 0x11,

    /* U+6D3B "活" */
    0x40, 0x1, 0x1c, 0xf, 0xe3, 0xbf, 0x0, 0x20,
    0x40, 0x0, 0x10, 0x0, 0x4, 0xc, 0x7f, 0xfd,
    0xc0, 0x40, 0x30, 0x10, 0x0, 0x4, 0x0, 0x1,
    0x0, 0xf, 0xfe, 0x1b, 0xff, 0x84, 0xc0, 0x63,
    0x30, 0x18, 0x8c, 0x6, 0x63, 0x1, 0xb0, 0xff,
    0xe4, 0x30, 0x18,

    /* U+6D41 "流" */
    0x0, 0x0, 0xe, 0x3, 0x0, 0x60, 0x60, 0x5,
    0xff, 0xf0, 0x6, 0x10, 0x0, 0x83, 0x18, 0x30,
    0x23, 0xcf, 0xfe, 0x19, 0xc0, 0x60, 0x0, 0x0,
    0x2, 0x26, 0x0, 0x44, 0xc0, 0xc8, 0x98, 0x11,
    0x13, 0x6, 0x22, 0x60, 0x8c, 0x4c, 0x31, 0x89,
    0x8c, 0x61, 0x31, 0x88, 0x3, 0x80,

    /* U+6D77 "海" */
    0x20, 0x80, 0xe, 0x60, 0x0, 0x9f, 0xfc, 0xc,
    0x0, 0x2, 0x0, 0x1, 0xff, 0xee, 0x1b, 0x18,
    0xc4, 0x66, 0x11, 0x9, 0x81, 0xff, 0xf1, 0x92,
    0x18, 0x44, 0xc6, 0x11, 0x19, 0x8c, 0xc2, 0x62,
    0x3f, 0xfd, 0x80, 0x4, 0x60, 0x3, 0x0, 0x7,
    0x80,

    /* U+6D88 "消" */
    0x0, 0xc, 0x6, 0x31, 0x8c, 0x76, 0x33, 0x2,
    0x66, 0x40, 0x4, 0xd8, 0x0, 0x18, 0x10, 0x7f,
    0xf3, 0x8f, 0xfe, 0x19, 0x80, 0xc0, 0x36, 0x18,
    0x6, 0x3b, 0x0, 0xc1, 0x60, 0xd8, 0x1c, 0x1b,
    0x3f, 0x86, 0x7e, 0x30, 0x8c, 0x6, 0x31, 0x80,
    0xcc, 0x20, 0x18, 0x8c, 0xf, 0x0,

    /* U+6E05 "清" */
    0x60, 0x18, 0x6, 0xff, 0xfc, 0x60, 0x60, 0x1,
    0xff, 0xe0, 0x1, 0x81, 0x0, 0x30, 0x19, 0xff,
    0xf9, 0x80, 0x0, 0x1, 0xff, 0xc0, 0x30, 0x18,
    0x6, 0x3, 0xc, 0xff, 0xe1, 0x18, 0xc, 0x63,
    0xff, 0x88, 0x60, 0x33, 0x1c, 0x6, 0x43, 0x0,
    0xc8, 0x60, 0x78,

    /* U+6E2C "測" */
    0x20, 0x0, 0x4e, 0xfc, 0x11, 0xa1, 0x44, 0x8,
    0x51, 0x2, 0x14, 0x50, 0xfd, 0x17, 0x21, 0x44,
    0x48, 0x51, 0x3, 0xf4, 0x40, 0x85, 0x10, 0x21,
    0x44, 0x68, 0x51, 0x13, 0xf4, 0x44, 0x0, 0x13,
    0x33, 0x4, 0x88, 0x41, 0x66, 0x8, 0x43, 0x0,
    0xf0,

    /* U+6E2F "港" */
    0x60, 0x84, 0xe, 0x21, 0x0, 0xff, 0xf8, 0x2,
    0x10, 0x0, 0x84, 0x3b, 0xff, 0xf7, 0x8, 0x40,
    0x46, 0x18, 0x1, 0x3, 0x0, 0xbf, 0x41, 0x68,
    0x58, 0x72, 0x12, 0x10, 0xfc, 0xc, 0x20, 0x2,
    0x8, 0x9, 0x82, 0x2, 0x40, 0x80, 0x90, 0x3f,
    0xc0,

    /* U+6E38 "游" */
    0x61, 0x86, 0x6, 0x10, 0x80, 0x62, 0x1f, 0x83,
    0xfb, 0xf0, 0x7f, 0xc0, 0x6, 0x10, 0x10, 0xc2,
    0x3, 0x98, 0x3f, 0x13, 0xf0, 0xc0, 0x66, 0x20,
    0xc, 0xc4, 0x9, 0x9f, 0xf1, 0x33, 0x10, 0x64,
    0x62, 0x8, 0x8c, 0x41, 0x31, 0x88, 0x64, 0x31,
    0x9, 0x84, 0x21, 0x27, 0x9c, 0x0,

    /* U+6E56 "湖" */
    0x61, 0x1f, 0xcc, 0x46, 0x31, 0x11, 0x8c, 0x4,
    0x63, 0xf, 0xf8, 0xf0, 0x47, 0xb7, 0x11, 0xbc,
    0x4, 0x63, 0xf, 0xd8, 0xc3, 0xf6, 0x70, 0xc5,
    0xbc, 0xf1, 0x7b, 0x3c, 0x58, 0xcb, 0x16, 0x36,
    0xfd, 0xd, 0x30, 0xc3, 0xcc, 0x20, 0xd0, 0x8,
    0xe0,

    /* U+6E96 "準" */
    0x0, 0x88, 0x1e, 0x62, 0x1, 0x9f, 0xf8, 0xf,
    0xfe, 0xc7, 0x8, 0x1f, 0xff, 0xe0, 0x30, 0x80,
    0x2c, 0x20, 0x1b, 0xff, 0x8c, 0xc2, 0x6, 0x3f,
    0xfd, 0xf, 0xff, 0x0, 0x40, 0x3f, 0xff, 0xf0,
    0x4, 0x0, 0x1, 0x0, 0x0, 0x40, 0x0, 0x10,
    0x0, 0x4, 0x0,

    /* U+6EAB "溫" */
    0x0, 0x0, 0x1c, 0x7f, 0xc1, 0x91, 0x10, 0x4,
    0xc4, 0x1, 0x31, 0x0, 0x5e, 0x4c, 0x1c, 0xd1,
    0xc4, 0x4, 0x11, 0xff, 0x0, 0x0, 0x0, 0x0,
    0x0, 0xf, 0xfe, 0x1a, 0x49, 0x84, 0x92, 0x63,
    0x24, 0x98, 0x89, 0x26, 0x62, 0x49, 0x93, 0xff,
    0xf4, 0xff, 0xfc,

    /* U+6F14 "演" */
    0x40, 0x60, 0x38, 0x10, 0x5, 0xff, 0xe0, 0x80,
    0x30, 0x40, 0x18, 0x1f, 0xf2, 0xf, 0xf9, 0xc0,
    0x40, 0x27, 0xff, 0x3, 0x10, 0x81, 0x88, 0x42,
    0xff, 0xe3, 0x62, 0x11, 0xbf, 0xf8, 0x9f, 0xfc,
    0xc1, 0x18, 0xc3, 0x87, 0x27, 0x0, 0xc0,

    /* U+6F54 "潔" */
    0xe1, 0x0, 0xd, 0xf7, 0xf1, 0x10, 0xcc, 0x1f,
    0x33, 0x1, 0x8, 0xf1, 0xf6, 0x26, 0x13, 0x38,
    0xc1, 0x80, 0x1, 0x8c, 0x1, 0xfe, 0x3, 0xe,
    0x30, 0xcf, 0xfe, 0x27, 0xff, 0x98, 0x8, 0x26,
    0x12, 0x41, 0xc, 0x8c, 0xc6, 0x21, 0x90, 0x38,
    0x20,

    /* U+6FD5 "濕" */
    0x73, 0xff, 0x6, 0x80, 0x40, 0x3f, 0xf0, 0x8,
    0x4, 0x2, 0x1, 0x30, 0xff, 0xce, 0x18, 0x40,
    0xc4, 0x10, 0x3, 0x6d, 0x1, 0xf7, 0xc0, 0x8,
    0x60, 0x64, 0xb4, 0x17, 0xff, 0x8c, 0x8, 0x22,
    0x24, 0x91, 0x88, 0xa6, 0x46, 0x2c, 0x91, 0x9,
    0x30,

    /* U+70BA "為" */
    0x18, 0x60, 0x3, 0x10, 0x0, 0x4c, 0x1, 0xff,
    0xf8, 0x1, 0x86, 0x0, 0x41, 0x0, 0x3f, 0xf0,
    0x8, 0x4, 0x6, 0x1, 0x3, 0x0, 0xc1, 0xff,
    0xfc, 0xc0, 0x3, 0xf0, 0x48, 0xc4, 0x99, 0x31,
    0x26, 0x48, 0xcc, 0x86, 0x23, 0x21, 0x88, 0x3,
    0xc0,

    /* U+7121 "無" */
    0x18, 0x0, 0xc, 0x0, 0x7, 0xff, 0xfb, 0x0,
    0x0, 0x92, 0x22, 0x4, 0x88, 0x87, 0xff, 0xf8,
    0x48, 0x88, 0x12, 0x22, 0x4, 0x88, 0x81, 0x22,
    0x23, 0xff, 0xff, 0xff, 0xff, 0xc0, 0x0, 0x2,
    0x22, 0x31, 0x88, 0xc6, 0x42, 0x31, 0x90, 0x84,
    0x20,

    /* U+7136 "然" */
    0x18, 0x1a, 0xf, 0x8d, 0x8c, 0x46, 0x46, 0x23,
    0x6, 0xaf, 0xfe, 0x30, 0xc2, 0x18, 0x70, 0xe8,
    0x6c, 0x8c, 0x22, 0xc, 0x31, 0x8c, 0x30, 0x7c,
    0x30, 0x30, 0x10, 0x1, 0x0, 0x11, 0x89, 0x8c,
    0xc4, 0x46, 0xc2, 0x21, 0xc0, 0x0, 0x0,

    /* U+716E "煮" */
    0x0, 0x40, 0x0, 0x8, 0x10, 0x7f, 0xf6, 0x0,
    0x21, 0x80, 0x4, 0xe0, 0xff, 0xff, 0xdf, 0xff,
    0xf8, 0x1c, 0x0, 0x1f, 0xff, 0x8c, 0x80, 0x30,
    0x1f, 0xfe, 0x2, 0x0, 0xc0, 0x40, 0x18, 0xf,
    0xff, 0x0, 0x0, 0x0, 0xc4, 0xc6, 0x30, 0x88,
    0x4c, 0x11, 0x8c,

    /* U+71DF "營" */
    0x4c, 0x64, 0x1b, 0x6d, 0x30, 0xb0, 0xd0, 0x70,
    0x38, 0x33, 0x33, 0x98, 0x58, 0x37, 0xff, 0xfd,
    0x0, 0x3, 0x4f, 0xfc, 0xc2, 0x1, 0x0, 0x80,
    0x40, 0x3f, 0xf0, 0x1, 0x80, 0xf, 0xff, 0xc3,
    0x0, 0x10, 0xc0, 0x4, 0x3f, 0xff, 0xc, 0x0,
    0x40,

    /* U+7236 "父" */
    0x4, 0x0, 0x1, 0x86, 0x0, 0xc0, 0xc0, 0x60,
    0x18, 0x30, 0x3, 0x1c, 0x0, 0x6e, 0xc0, 0xcc,
    0x10, 0x30, 0x6, 0x18, 0x1, 0x86, 0x0, 0x33,
    0x0, 0x7, 0x80, 0x1, 0xe0, 0x0, 0x78, 0x0,
    0x3f, 0x0, 0x38, 0x70, 0x3c, 0xf, 0x3c, 0x0,
    0xf0, 0x0, 0x0,

    /* U+723A "爺" */
    0x2, 0x8, 0x0, 0xe1, 0xf0, 0x38, 0x3, 0xc6,
    0x31, 0x86, 0x1, 0xf0, 0x0, 0x1f, 0x0, 0x1f,
    0x1f, 0xc7, 0x0, 0x1e, 0x0, 0x0, 0x7, 0xfd,
    0xfe, 0x31, 0x90, 0xc3, 0xf9, 0x18, 0x31, 0x93,
    0x83, 0xf9, 0xc, 0x31, 0x90, 0x63, 0xf9, 0x6,
    0x71, 0x93, 0xc0, 0x19, 0x0, 0x1, 0x90, 0x0,

    /* U+7259 "牙" */
    0x3f, 0xff, 0xcf, 0xff, 0xf0, 0x80, 0xc0, 0x60,
    0x30, 0x18, 0xc, 0x4, 0x3, 0x1, 0x0, 0xc0,
    0xff, 0xff, 0x0, 0x3c, 0x0, 0x1b, 0x0, 0xc,
    0xc0, 0x6, 0x30, 0x3, 0xc, 0x1, 0x83, 0x1,
    0xc0, 0xc0, 0xe0, 0x30, 0x60, 0xc, 0x0, 0x1f,
    0x0,

    /* U+7269 "物" */
    0x8, 0x20, 0xd, 0x4, 0x1, 0xa1, 0x80, 0x34,
    0x3f, 0xf7, 0xec, 0x96, 0x91, 0x32, 0xd2, 0x64,
    0xde, 0x48, 0x93, 0x8, 0x32, 0x61, 0xc4, 0xcc,
    0xf1, 0x91, 0x7c, 0x66, 0x20, 0x98, 0xc4, 0x12,
    0x30, 0x82, 0x4, 0x10, 0x41, 0x86, 0x8, 0x60,
    0x81, 0x18, 0xf0,

    /* U+73C8 "珈" */
    0x1, 0x0, 0x3e, 0x40, 0x2, 0x10, 0xfc, 0x84,
    0x33, 0x27, 0xfc, 0xc8, 0x4f, 0x32, 0x13, 0xcf,
    0xe4, 0xf3, 0x21, 0x3c, 0xc8, 0x4f, 0x32, 0x13,
    0xcc, 0x8c, 0xf3, 0x2a, 0x3c, 0xde, 0x8f, 0x3e,
    0x23, 0xfc, 0x18, 0xb3, 0xc, 0x2c, 0xc1, 0x3b,
    0x0, 0x0, 0x0,

    /* U+73FE "現" */
    0xfe, 0xff, 0xbf, 0xbf, 0xe1, 0x8, 0x8, 0x43,
    0xfe, 0x10, 0x80, 0x84, 0x20, 0x2f, 0xc8, 0xb,
    0xf3, 0xfe, 0x10, 0x80, 0x84, 0x3f, 0xe1, 0xf,
    0xf8, 0x59, 0x90, 0x3e, 0x64, 0x3c, 0x11, 0xc,
    0xc, 0x40, 0x6, 0x11, 0x3, 0x4, 0x41, 0x81,
    0xf0,

    /* U+7403 "球" */
    0x7c, 0xb, 0xf, 0x81, 0x30, 0x40, 0x20, 0x8,
    0xff, 0xe1, 0x0, 0x80, 0x20, 0x10, 0x4, 0x23,
    0x33, 0xe6, 0x6c, 0x10, 0x4d, 0x2, 0xd, 0xe0,
    0x40, 0x78, 0x8, 0x1d, 0x1, 0x6, 0xb0, 0x3d,
    0x92, 0x1f, 0x62, 0x63, 0x8, 0x46, 0x0, 0x8,
    0x40, 0xf, 0x0,

    /* U+7406 "理" */
    0x7c, 0xff, 0xdf, 0x22, 0x11, 0x8, 0x84, 0x42,
    0x21, 0x10, 0xff, 0xc4, 0x22, 0x17, 0xc8, 0x85,
    0xf2, 0x21, 0x10, 0xff, 0xc4, 0x2, 0x1, 0x0,
    0x80, 0x40, 0x20, 0x11, 0xff, 0xcf, 0x2, 0x6,
    0x0, 0x80, 0xf, 0xff, 0x3, 0xff, 0xc0,

    /* U+7434 "琴" */
    0x7f, 0x7f, 0x82, 0x1, 0x0, 0x80, 0x41, 0xfc,
    0xfe, 0x8, 0x4, 0x1f, 0xcf, 0xf6, 0xc, 0x0,
    0x7, 0x0, 0x7, 0x70, 0x7, 0x87, 0x8f, 0xff,
    0xfd, 0x80, 0x2, 0x0, 0x0, 0x7, 0xff, 0x80,
    0x0, 0xc0, 0x0, 0x60, 0x0, 0x30, 0x0, 0x8,
    0x0,

    /* U+745C "瑜" */
    0x0, 0x18, 0x3e, 0xe, 0xf, 0x86, 0xc0, 0x87,
    0xc, 0x23, 0x1, 0xc9, 0xbf, 0x92, 0x0, 0x0,
    0x80, 0x0, 0xfb, 0xf4, 0x88, 0xcd, 0x22, 0x3f,
    0x48, 0x8c, 0xd2, 0x23, 0x34, 0x8a, 0xfd, 0x23,
    0xb3, 0x4b, 0x8c, 0xc2, 0x82, 0x30, 0x81, 0x8c,
    0x20, 0x66, 0x38,

    /* U+751C "甜" */
    0xff, 0x61, 0xbf, 0xd8, 0x61, 0x86, 0x18, 0x61,
    0x86, 0x19, 0xff, 0xc6, 0x7f, 0xff, 0xf6, 0x18,
    0x61, 0x86, 0x18, 0x61, 0x86, 0x1f, 0xef, 0xf7,
    0xfb, 0xfd, 0x86, 0xc3, 0x61, 0xb0, 0xd8, 0x6c,
    0x36, 0x1b, 0xd, 0x86, 0xff, 0x7f, 0xb0, 0xd8,
    0x6c, 0x6, 0x18,

    /* U+751F "生" */
    0x10, 0xc0, 0x6, 0x30, 0x1, 0x8c, 0x0, 0xc3,
    0x0, 0x3f, 0xff, 0x98, 0x30, 0x6, 0xc, 0x3,
    0x3, 0x0, 0x0, 0xc0, 0x0, 0x30, 0x3, 0xff,
    0xf0, 0x3, 0x0, 0x0, 0xc0, 0x0, 0x30, 0x0,
    0xc, 0x0, 0x3, 0x0, 0xff, 0xff, 0xff, 0xff,
    0xf0,

    /* U+7522 "產" */
    0x0, 0x40, 0x0, 0x4, 0x0, 0xff, 0xff, 0x3,
    0x81, 0x80, 0x1f, 0xc0, 0x3, 0xfc, 0x1, 0xc0,
    0xc1, 0xff, 0xff, 0x30, 0x0, 0x6, 0x42, 0x0,
    0xcc, 0x40, 0x1b, 0xff, 0xe3, 0x41, 0x0, 0x78,
    0x20, 0xc, 0xff, 0xe1, 0x0, 0x80, 0x60, 0x10,
    0xd, 0xff, 0xff, 0x0, 0x0, 0x0,

    /* U+7528 "用" */
    0x3f, 0xff, 0x9f, 0xff, 0xcc, 0x30, 0x66, 0x18,
    0x33, 0xc, 0x19, 0xff, 0xfc, 0xc3, 0x6, 0x61,
    0x83, 0x30, 0xc1, 0x98, 0x60, 0xcf, 0xff, 0xe6,
    0x18, 0x33, 0xc, 0x19, 0x6, 0xd, 0x83, 0x6,
    0xc1, 0x83, 0xc0, 0xc1, 0xe0, 0x67, 0x80,

    /* U+756B "畫" */
    0x0, 0xc0, 0xf, 0xff, 0xc0, 0xc, 0x33, 0xff,
    0xff, 0x0, 0xc3, 0xf, 0xff, 0xc0, 0xc, 0x0,
    0xff, 0xfe, 0x0, 0xc0, 0x3f, 0xff, 0xff, 0xff,
    0xfc, 0xff, 0xfc, 0x30, 0xc3, 0xf, 0xff, 0xc3,
    0xc, 0x30, 0xff, 0xfc, 0x0, 0x0, 0x3f, 0xff,
    0xf0,

    /* U+7570 "異" */
    0x1f, 0xff, 0x83, 0xff, 0xf0, 0x41, 0x6, 0x8,
    0x20, 0xc1, 0xff, 0xf8, 0x20, 0x83, 0x7, 0xff,
    0xe0, 0xff, 0xfc, 0x6, 0xc, 0x0, 0xc1, 0x81,
    0xff, 0xff, 0x3, 0x6, 0x0, 0x60, 0xc1, 0xff,
    0xff, 0xff, 0xff, 0xf8, 0x18, 0x60, 0x1e, 0xf,
    0x9f, 0x0, 0x3c,

    /* U+7576 "當" */
    0x20, 0x84, 0x30, 0x84, 0x10, 0x88, 0xff, 0xff,
    0xff, 0xff, 0x80, 0x1, 0x9f, 0xf9, 0x10, 0x8,
    0x10, 0x8, 0x1f, 0xf8, 0x0, 0x0, 0x7f, 0xfe,
    0x7f, 0xfe, 0x60, 0x82, 0x7f, 0xfe, 0x60, 0x82,
    0x60, 0x82, 0x7f, 0xfe, 0x7f, 0xfe,

    /* U+75AB "疫" */
    0x0, 0x30, 0x0, 0x2, 0x0, 0x7f, 0xff, 0xec,
    0x0, 0x5, 0x8f, 0xe0, 0xf1, 0x8c, 0xe, 0x31,
    0x80, 0xce, 0x32, 0x1b, 0x87, 0xc7, 0x40, 0x3,
    0xef, 0xfc, 0x4c, 0x81, 0x81, 0x18, 0x60, 0x61,
    0x98, 0xc, 0x1e, 0x3, 0x7, 0xf0, 0x67, 0x87,
    0xc0,

    /* U+7642 "療" */
    0x0, 0x20, 0x0, 0x4, 0x0, 0x7f, 0xff, 0x8c,
    0x18, 0x5, 0x82, 0x0, 0xb7, 0xff, 0xde, 0x19,
    0x1, 0xde, 0x36, 0x19, 0x83, 0x83, 0x7f, 0xf8,
    0x7a, 0x5, 0xfc, 0x7f, 0x81, 0x88, 0x10, 0x31,
    0xfe, 0x4, 0x4, 0x1, 0x8c, 0x98, 0x33, 0x11,
    0x8c, 0xc2, 0x19, 0x9, 0xc1, 0x0,

    /* U+767C "發" */
    0x0, 0x42, 0x7, 0xe4, 0xc0, 0xc, 0xf3, 0x19,
    0xc, 0xc1, 0xc0, 0xf0, 0x30, 0xe, 0x3f, 0xdf,
    0xfc, 0x1b, 0x32, 0x3, 0x66, 0x0, 0x6c, 0xc0,
    0xff, 0x1f, 0x10, 0x40, 0x2, 0xf, 0xf8, 0xfe,
    0x6, 0x0, 0xd8, 0xc0, 0x11, 0xf0, 0x2, 0xc,
    0x0, 0xc6, 0xc0, 0xf3, 0x6, 0x0,

    /* U+767E "百" */
    0xff, 0xff, 0x80, 0x60, 0x0, 0x20, 0x0, 0x30,
    0x1, 0xff, 0xf0, 0x80, 0x18, 0x40, 0xc, 0x20,
    0x6, 0x10, 0x3, 0xf, 0xff, 0x84, 0x0, 0xc2,
    0x0, 0x61, 0x0, 0x30, 0x80, 0x18, 0x7f, 0xfc,
    0x20, 0x6, 0x10, 0x3, 0x0,

    /* U+7684 "的" */
    0x18, 0x20, 0xc, 0x10, 0x4, 0x8, 0x1f, 0xef,
    0xfc, 0x34, 0x1e, 0x1e, 0xf, 0xe, 0x7, 0x86,
    0xc3, 0xff, 0x31, 0xe1, 0x98, 0xf0, 0xc6, 0x78,
    0x61, 0x3c, 0x30, 0x1e, 0x18, 0xf, 0xfc, 0x5,
    0x80, 0x2, 0xc0, 0x3, 0x0, 0xf, 0x0,

    /* U+76AE "皮" */
    0x0, 0x60, 0x0, 0xc, 0x0, 0x1, 0x80, 0x1f,
    0xff, 0xe3, 0x6, 0xc, 0x60, 0xc1, 0x8c, 0x18,
    0x61, 0x83, 0x0, 0x3f, 0xff, 0x87, 0xff, 0xf0,
    0xcc, 0xe, 0x19, 0x83, 0x83, 0x18, 0x60, 0xe1,
    0x98, 0x18, 0x1f, 0x3, 0x3, 0xc0, 0xe3, 0xfe,
    0x1b, 0xf0, 0xfe, 0x30, 0x3, 0x80,

    /* U+76E3 "監" */
    0x0, 0x10, 0x3f, 0xc4, 0xc, 0x83, 0x3, 0xfc,
    0xfe, 0xc1, 0x20, 0x30, 0x58, 0xc, 0x1c, 0x3,
    0xfc, 0x0, 0xc8, 0x3f, 0xbf, 0xef, 0xef, 0xf8,
    0x0, 0x0, 0x0, 0x3f, 0xff, 0x8, 0x88, 0x42,
    0x22, 0x10, 0x88, 0x84, 0x22, 0x21, 0x3f, 0xff,
    0xff, 0xff, 0xfc,

    /* U+770B "看" */
    0x0, 0x0, 0x87, 0xff, 0xe0, 0x3, 0x0, 0x0,
    0x40, 0x1, 0xff, 0xfc, 0x3, 0x0, 0x0, 0xc0,
    0x3, 0xff, 0xff, 0x6, 0x0, 0x1, 0xff, 0xf0,
    0x38, 0x6, 0x1f, 0x0, 0xc7, 0x7f, 0xf8, 0x8c,
    0x3, 0x1, 0xff, 0xe0, 0x30, 0xc, 0x6, 0x1,
    0x80, 0xff, 0xf0, 0x18, 0x6, 0x0,

    /* U+773C "眼" */
    0xfd, 0xff, 0xb1, 0x60, 0x6c, 0x58, 0x1b, 0x17,
    0xfe, 0xfd, 0x81, 0xb1, 0x60, 0x6c, 0x58, 0x1b,
    0x17, 0xfe, 0xfd, 0x98, 0x31, 0x62, 0x3c, 0x58,
    0xbb, 0x16, 0x38, 0xfd, 0x86, 0x30, 0x62, 0xcc,
    0x1f, 0x98, 0x7, 0x3,

    /* U+77E5 "知" */
    0x20, 0x0, 0x8, 0xf, 0xf7, 0xfb, 0xfd, 0xfe,
    0xc3, 0x4c, 0x30, 0xf3, 0xc, 0x38, 0xc3, 0xc,
    0x30, 0xc3, 0xff, 0xf0, 0xc3, 0xc, 0x30, 0xc3,
    0xc, 0x70, 0xc3, 0x1e, 0x30, 0xc6, 0xcc, 0x33,
    0x1b, 0xd, 0xc2, 0xff, 0xe0, 0x30, 0xf0, 0xc,
    0x0,

    /* U+7814 "研" */
    0xff, 0xff, 0xff, 0xff, 0xf3, 0x6, 0x10, 0xc1,
    0x84, 0x20, 0x61, 0x8, 0x18, 0x46, 0x6, 0x11,
    0xf9, 0x84, 0xe7, 0xff, 0xf9, 0x98, 0x4e, 0x66,
    0x11, 0x99, 0x84, 0x66, 0x61, 0x19, 0x90, 0x47,
    0xec, 0x11, 0x83, 0x4, 0x61, 0x81, 0x0, 0x40,
    0x40,

    /* U+78BA "確" */
    0x0, 0x4, 0xf, 0xe0, 0x81, 0xff, 0xff, 0x8c,
    0x44, 0x11, 0x89, 0xe2, 0x20, 0x24, 0x4, 0xc,
    0xc1, 0x83, 0xfe, 0x3f, 0xe2, 0x6, 0x7c, 0x41,
    0xcd, 0xff, 0x39, 0xb1, 0x3, 0x36, 0x20, 0x66,
    0xff, 0x8f, 0xd8, 0x81, 0xfb, 0x10, 0x30, 0x7f,
    0xe6, 0xf, 0xfc, 0x1, 0x80, 0x0,

    /* U+793E "社" */
    0x18, 0x6, 0x0, 0x80, 0x60, 0x0, 0x6, 0xf,
    0xf0, 0x60, 0x7, 0x6, 0x0, 0x60, 0x60, 0xc,
    0x7f, 0xe1, 0xc0, 0x60, 0x3e, 0x6, 0x6, 0xb0,
    0x60, 0xc9, 0x6, 0x0, 0x80, 0x60, 0x8, 0x6,
    0x0, 0x80, 0x60, 0x8, 0x6, 0x0, 0x8f, 0xff,
    0x8, 0xff, 0xf0, 0x80, 0x0,

    /* U+795D "祝" */
    0x18, 0x0, 0x1, 0xf, 0xf8, 0x21, 0x1, 0x3f,
    0xa0, 0x20, 0x74, 0x4, 0xc, 0x80, 0x83, 0x90,
    0x10, 0x63, 0xfe, 0x1e, 0x7f, 0xc7, 0xe2, 0x41,
    0xac, 0xc8, 0x24, 0x99, 0x0, 0x83, 0x20, 0x10,
    0x44, 0x2, 0x18, 0x88, 0x43, 0x11, 0x9, 0xc2,
    0x21, 0x70, 0x7c,

    /* U+795E "神" */
    0x8, 0x4, 0x1, 0x0, 0x80, 0x20, 0x10, 0x0,
    0x2, 0xf, 0xff, 0xfe, 0xd, 0x88, 0xc1, 0xb1,
    0x18, 0x66, 0x23, 0x18, 0xff, 0xe7, 0x98, 0x8d,
    0xab, 0x11, 0xe5, 0xe2, 0x30, 0x8f, 0xfe, 0x11,
    0x88, 0xc2, 0x1, 0x0, 0x40, 0x20, 0x8, 0x4,
    0x1, 0x0, 0x80, 0x20, 0x10, 0x0,

    /* U+79CB "秋" */
    0x2, 0x8, 0x7, 0xc2, 0x7, 0x80, 0x80, 0x20,
    0x20, 0x8, 0x88, 0xc2, 0x22, 0x27, 0xfc, 0x98,
    0x61, 0x24, 0x1c, 0x6b, 0x7, 0x83, 0x2, 0xa1,
    0xc0, 0xa8, 0x50, 0x68, 0x14, 0x32, 0xd, 0x88,
    0x82, 0x20, 0x21, 0x8c, 0x8, 0xc1, 0x82, 0x60,
    0x70, 0x90, 0x8,

    /* U+79D1 "科" */
    0xe, 0x1, 0xf, 0x86, 0x20, 0x20, 0x64, 0x4,
    0x6, 0x80, 0x80, 0x10, 0xfe, 0x2, 0x6, 0x18,
    0x40, 0xe1, 0x88, 0x1e, 0x19, 0x5, 0x40, 0x20,
    0xa8, 0x4, 0x34, 0x3, 0xfc, 0x8f, 0xf0, 0x91,
    0x82, 0x2, 0x0, 0x40, 0x40, 0x8, 0x8, 0x1,
    0x1, 0x0, 0x20,

    /* U+79D8 "秘" */
    0x4, 0x20, 0x7, 0x1c, 0x7, 0x81, 0x90, 0x40,
    0x3c, 0x10, 0xb, 0x4, 0x8, 0x8f, 0xd2, 0x60,
    0x46, 0x9c, 0x39, 0xa5, 0xe, 0x4b, 0x63, 0x52,
    0x89, 0x5c, 0xe2, 0x53, 0x30, 0xb4, 0xc, 0x39,
    0x6, 0x2, 0x43, 0x84, 0x11, 0xa1, 0x4, 0xc8,
    0x41, 0x3, 0xe0,

    /* U+79FB "移" */
    0x0, 0x8, 0x1, 0xc3, 0x1, 0xe0, 0xff, 0x4,
    0x30, 0xc0, 0x8f, 0x18, 0x11, 0x36, 0x1f, 0xc3,
    0x80, 0xc0, 0xe0, 0x18, 0x7c, 0x3, 0x9d, 0x80,
    0xb8, 0x7f, 0x95, 0x98, 0x36, 0x8f, 0xc, 0x91,
    0x33, 0x12, 0x3, 0xe0, 0x40, 0x38, 0x8, 0x1c,
    0x1, 0x1e, 0x0, 0x27, 0x0, 0x0,

    /* U+7A0B "程" */
    0x0, 0x0, 0x3, 0xef, 0xf1, 0xa1, 0x2, 0x4,
    0x20, 0x40, 0x84, 0x8, 0x10, 0x81, 0x1f, 0xdf,
    0xe0, 0xc0, 0x0, 0x18, 0x0, 0x3, 0x80, 0x78,
    0xa9, 0xf8, 0x14, 0x82, 0x6, 0x80, 0x41, 0x90,
    0xff, 0x82, 0x1, 0x0, 0x40, 0x20, 0x8, 0x4,
    0x1, 0x1f, 0xfc, 0x23, 0xff, 0x80,

    /* U+7A7A "空" */
    0x3, 0x80, 0x0, 0xc0, 0x3f, 0xff, 0xff, 0xff,
    0xf8, 0x62, 0x1c, 0x21, 0xe, 0x10, 0x86, 0x18,
    0x40, 0x78, 0x3f, 0xa0, 0x0, 0x0, 0x0, 0xf,
    0xff, 0xc7, 0xff, 0xe0, 0xc, 0x0, 0x6, 0x0,
    0x3, 0x0, 0x1, 0x80, 0x7f, 0xff, 0xff, 0xff,
    0xe0,

    /* U+7AEF "端" */
    0x30, 0xc, 0x4, 0x23, 0x21, 0x88, 0xcb, 0xfa,
    0x32, 0xfe, 0xff, 0x80, 0x3f, 0xe4, 0x40, 0x1,
    0x17, 0xff, 0x44, 0xc, 0x1b, 0x7f, 0xe6, 0xdf,
    0xf9, 0xa6, 0x4a, 0x29, 0x92, 0x83, 0xe4, 0xaf,
    0xd9, 0x2b, 0x6, 0x4a, 0x1, 0x92, 0x80, 0x64,
    0xe0,

    /* U+7AF9 "竹" */
    0x18, 0x18, 0x3, 0x3, 0x0, 0x60, 0x40, 0x18,
    0x18, 0x3, 0xff, 0xfe, 0x7f, 0xff, 0xdb, 0x18,
    0xc3, 0x63, 0x18, 0xcc, 0xc3, 0x11, 0x98, 0x60,
    0x30, 0xc, 0x6, 0x1, 0x80, 0xc0, 0x30, 0x18,
    0x6, 0x3, 0x0, 0xc0, 0x60, 0x18, 0xc, 0x3,
    0x1, 0x80, 0x60, 0x30, 0x7c, 0x0,

    /* U+7B2C "第" */
    0x0, 0x10, 0xc, 0x4, 0x3, 0xfb, 0xfd, 0xb1,
    0x90, 0xc6, 0x3, 0x0, 0x0, 0x3, 0xff, 0xf0,
    0x3, 0x4, 0x0, 0xc1, 0x7, 0xff, 0xc3, 0xc,
    0x0, 0x83, 0x0, 0x3f, 0xff, 0x80, 0x70, 0x60,
    0x3c, 0x18, 0x3b, 0x6, 0x1c, 0xc1, 0x1c, 0x33,
    0xc4, 0xc, 0x0,

    /* U+7BA1 "管" */
    0x0, 0x10, 0xc, 0x4, 0x3, 0xfb, 0xfd, 0xb1,
    0x90, 0xc6, 0x3, 0x0, 0x30, 0x7, 0xff, 0xf9,
    0x0, 0x2, 0x5f, 0xfe, 0x86, 0x1, 0x81, 0x80,
    0x60, 0x7f, 0xf8, 0x18, 0x0, 0x6, 0x0, 0x1,
    0xff, 0xf0, 0x60, 0xc, 0x18, 0x3, 0x7, 0xff,
    0xc1, 0x80, 0x30,

    /* U+7BC0 "節" */
    0x0, 0x0, 0x6, 0x6, 0x0, 0xfe, 0xff, 0xb4,
    0x32, 0xc, 0xc4, 0x61, 0x8, 0x84, 0x1f, 0xef,
    0xf3, 0xd, 0x6, 0x61, 0xa0, 0xcf, 0xf4, 0x19,
    0x86, 0x83, 0x30, 0xd0, 0x67, 0xfa, 0xc, 0xc0,
    0x41, 0x98, 0x88, 0x33, 0x19, 0x3c, 0x7f, 0xa0,
    0xe, 0x14, 0x0, 0x0, 0x80, 0x0,

    /* U+7C21 "簡" */
    0x10, 0x10, 0x7, 0xf7, 0xfd, 0xb1, 0x98, 0x23,
    0x31, 0x87, 0xf3, 0xfc, 0xc2, 0x61, 0x9f, 0xcf,
    0xf3, 0x9, 0x86, 0x7f, 0x3f, 0xcc, 0x0, 0x19,
    0x9f, 0xe3, 0x33, 0x4, 0x66, 0x60, 0x8c, 0xcf,
    0xf1, 0x99, 0x82, 0x33, 0x3f, 0xc6, 0x66, 0x0,
    0xcc, 0x0, 0xf8,

    /* U+7CBE "精" */
    0x10, 0x8, 0x4, 0x2, 0xd, 0x3f, 0xfd, 0x58,
    0x20, 0x54, 0xff, 0x84, 0x2, 0xf, 0xdf, 0xff,
    0xf7, 0xff, 0x10, 0x0, 0x4, 0x3f, 0xe7, 0x4c,
    0x19, 0x53, 0x6, 0x56, 0xff, 0xb4, 0xb0, 0x69,
    0xf, 0xfa, 0x43, 0x6, 0x10, 0xc1, 0x84, 0x60,
    0x61, 0x18, 0x78,

    /* U+7CD5 "糕" */
    0x10, 0x41, 0x4, 0x90, 0xc5, 0x66, 0x21, 0x57,
    0xff, 0x55, 0xff, 0xd7, 0x6, 0x1, 0x1, 0x83,
    0xfb, 0xfe, 0x10, 0x18, 0xe, 0x6, 0x7, 0xc1,
    0x81, 0x57, 0xff, 0x55, 0xff, 0xf5, 0x0, 0xd,
    0x1a, 0xda, 0x44, 0x92, 0x11, 0x24, 0xc4, 0xc9,
    0x11, 0x22, 0x44,

    /* U+7D04 "約" */
    0x4, 0x18, 0x0, 0x83, 0x0, 0x30, 0x40, 0xc,
    0x8, 0x1, 0x13, 0xfe, 0x66, 0x40, 0xdf, 0x98,
    0x1a, 0x62, 0x3, 0x9, 0x10, 0x62, 0x33, 0xc,
    0xfe, 0x31, 0xbf, 0x43, 0x30, 0x0, 0x66, 0x2,
    0x0, 0xc9, 0x60, 0x1b, 0x24, 0x2, 0x64, 0x80,
    0x48, 0x90, 0x19, 0x0, 0x1e, 0x0,

    /* U+7D1A "級" */
    0x0, 0x0, 0x1, 0x3f, 0xf0, 0x67, 0xfe, 0x8,
    0x30, 0xc3, 0x66, 0x38, 0xc8, 0xc6, 0x3f, 0x18,
    0xc4, 0xc3, 0xff, 0x16, 0x70, 0x46, 0x4f, 0x9,
    0xf9, 0xe3, 0x61, 0x36, 0x40, 0x4, 0xd8, 0x95,
    0x8e, 0x32, 0xb1, 0xc6, 0x5c, 0x7c, 0xc9, 0x98,
    0xd0, 0x26, 0xc,

    /* U+7D2B "紫" */
    0xc, 0x20, 0x13, 0x8, 0x4, 0xfb, 0xf9, 0x30,
    0x80, 0x4c, 0x20, 0x13, 0xe8, 0x1f, 0xf3, 0xfc,
    0xe, 0x0, 0x6, 0x1c, 0x7, 0xfc, 0x3, 0xec,
    0x40, 0xc, 0x18, 0x1c, 0x3, 0x1f, 0xff, 0xe4,
    0xc, 0xc, 0x33, 0x30, 0x18, 0xc7, 0x18, 0x30,
    0x6c, 0x3c, 0x8,

    /* U+7D93 "經" */
    0xc, 0x0, 0x1, 0x1f, 0xfc, 0x60, 0x0, 0x19,
    0x93, 0x22, 0x66, 0x4c, 0xd9, 0x99, 0x1f, 0x36,
    0x40, 0xd2, 0x64, 0x12, 0x64, 0xc4, 0x44, 0xcd,
    0xfc, 0x81, 0x30, 0xbf, 0xe0, 0x27, 0xfc, 0xd4,
    0x8, 0x1a, 0x81, 0x2, 0x58, 0x20, 0x48, 0x4,
    0x9, 0x1f, 0xfd, 0x3, 0xff, 0x80,

    /* U+7DAD "維" */
    0xc, 0x1e, 0x1, 0x2, 0x40, 0x60, 0xc8, 0x9,
    0x10, 0x2, 0x67, 0xfc, 0xc8, 0xc4, 0x1f, 0x38,
    0x83, 0xcf, 0x10, 0x12, 0x7f, 0xc4, 0x4c, 0x41,
    0xbd, 0x88, 0x3c, 0xb1, 0x0, 0x7, 0xfc, 0xd4,
    0xc4, 0x12, 0x98, 0x82, 0x4b, 0x10, 0x49, 0x7f,
    0xe9, 0xf, 0xfd, 0x1, 0x80, 0x0,

    /* U+7DCA "緊" */
    0xff, 0x7f, 0xb2, 0x18, 0x6f, 0xf2, 0x33, 0x4,
    0xcc, 0xc1, 0x1e, 0x3f, 0xc3, 0xc, 0x83, 0xe3,
    0xff, 0xce, 0x1, 0x0, 0x81, 0x8c, 0x3, 0xfc,
    0x80, 0xc, 0x30, 0x1c, 0x6, 0x1f, 0xff, 0xc4,
    0x8, 0x10, 0x62, 0x70, 0x70, 0x83, 0x31, 0xe0,
    0x20,

    /* U+7DDA "線" */
    0x8, 0x4, 0x3, 0x1, 0x80, 0x61, 0xff, 0x19,
    0x20, 0x22, 0x64, 0x4, 0xc8, 0xff, 0x9f, 0x10,
    0x10, 0xc2, 0x2, 0x36, 0x7f, 0xc4, 0x4f, 0xf9,
    0x18, 0x11, 0x3d, 0x7f, 0x60, 0x1, 0x78, 0xfc,
    0x6e, 0x1a, 0x89, 0x42, 0x53, 0x2c, 0x4a, 0xc4,
    0xc9, 0x30, 0x8d, 0x0, 0x70, 0x0,

    /* U+7DF4 "練" */
    0x8, 0x4, 0x1, 0x0, 0x80, 0x67, 0xff, 0x9b,
    0x2, 0x2, 0x40, 0x40, 0xd9, 0xff, 0x9e, 0x21,
    0x10, 0xc5, 0xaa, 0x32, 0x95, 0x4c, 0x52, 0xa9,
    0xfb, 0xff, 0x3f, 0x7f, 0xe4, 0x20, 0xe0, 0x8,
    0x3e, 0x1a, 0x8d, 0x43, 0x53, 0x24, 0x6a, 0xc4,
    0x49, 0x10, 0x89, 0x0, 0x10, 0x0,

    /* U+7E3D "總" */
    0x10, 0x18, 0xc, 0x4, 0x3, 0xf, 0xf8, 0x9a,
    0x12, 0x4c, 0xba, 0xb2, 0x26, 0xaf, 0x8a, 0xc8,
    0xc2, 0x3a, 0x24, 0x9a, 0x99, 0x20, 0x2f, 0xef,
    0xfb, 0xc8, 0x0, 0x0, 0x8, 0x1, 0x3, 0x5,
    0x4c, 0x49, 0x57, 0x12, 0xd7, 0x41, 0x64, 0x50,
    0x58, 0x7, 0xf0,

    /* U+7E6A "繪" */
    0x10, 0x18, 0x4, 0xe, 0x3, 0x6, 0x60, 0x87,
    0xe, 0x67, 0x7e, 0xf2, 0x0, 0xf, 0x9f, 0xfb,
    0xc7, 0xfe, 0x21, 0x5a, 0x99, 0x4f, 0x2f, 0xdf,
    0xfb, 0x17, 0xfe, 0x0, 0xff, 0xb5, 0x20, 0x6d,
    0x48, 0x1a, 0x53, 0xfe, 0x96, 0x81, 0xa4, 0x3f,
    0xe8, 0x8, 0x18,

    /* U+7E73 "繳" */
    0x0, 0x61, 0x1, 0xc, 0x20, 0x67, 0xe4, 0x8,
    0x85, 0x83, 0x70, 0xa0, 0x4b, 0xf7, 0xdf, 0x42,
    0x92, 0x4f, 0xf2, 0x1c, 0x66, 0x42, 0x8c, 0xe8,
    0xbf, 0xe5, 0x3f, 0xfc, 0xc4, 0x2c, 0x18, 0x59,
    0xf3, 0x1a, 0xa2, 0x63, 0x54, 0x4c, 0x49, 0x8b,
    0xc9, 0x21, 0xcd, 0xd, 0xd0, 0x80,

    /* U+7F72 "署" */
    0x3f, 0xff, 0x88, 0xc4, 0x22, 0x31, 0x8, 0xff,
    0xfe, 0x3f, 0xff, 0x80, 0x20, 0x3, 0xff, 0xd8,
    0x2, 0x18, 0xff, 0xff, 0xff, 0xff, 0xf0, 0x3c,
    0x0, 0x7f, 0xfe, 0xfc, 0x1, 0x83, 0xff, 0xe0,
    0xc0, 0x18, 0x30, 0x6, 0xf, 0xff, 0x83, 0x0,
    0x60,

    /* U+7F8E "美" */
    0x8, 0x0, 0x3, 0x3, 0x0, 0x40, 0x81, 0xff,
    0xfe, 0x7f, 0xff, 0x80, 0x30, 0x3, 0xff, 0xf0,
    0x3, 0x0, 0xff, 0xff, 0xff, 0xff, 0xf0, 0x8,
    0x0, 0x2, 0x0, 0x7f, 0xff, 0xc0, 0x60, 0x0,
    0x37, 0x80, 0x18, 0x38, 0x3c, 0x3, 0xbc, 0x0,
    0x30, 0x0, 0x0,

    /* U+7FA9 "義" */
    0x8, 0x8, 0x2, 0x6, 0xf, 0xff, 0xf3, 0xff,
    0xfc, 0x1, 0x80, 0x1f, 0xff, 0x80, 0x18, 0x3,
    0xff, 0xfe, 0xff, 0xff, 0xbf, 0x1b, 0x80, 0x86,
    0x70, 0x21, 0x80, 0xff, 0xff, 0x82, 0x8, 0x80,
    0xfb, 0x63, 0xfc, 0x70, 0x8, 0x38, 0x82, 0x3b,
    0x27, 0xb0, 0x78,

    /* U+7FD2 "習" */
    0x7f, 0xbf, 0xc8, 0x60, 0x33, 0x99, 0x8c, 0x26,
    0x23, 0x5, 0x86, 0xcf, 0x6f, 0x3e, 0x1a, 0xc,
    0x1f, 0xe, 0x0, 0xc0, 0x7, 0xff, 0xc1, 0x80,
    0x30, 0x60, 0xc, 0x18, 0x3, 0x7, 0xff, 0xc1,
    0x80, 0x30, 0x60, 0xc, 0x1f, 0xff, 0x6, 0x0,
    0xc0,

    /* U+8001 "老" */
    0x0, 0x80, 0x0, 0x10, 0x18, 0xff, 0xf6, 0x1f,
    0xff, 0x83, 0xff, 0xe0, 0x1, 0x18, 0x0, 0x26,
    0x3, 0xff, 0xff, 0x7f, 0xff, 0xe0, 0x38, 0x0,
    0x1c, 0x0, 0xf, 0x80, 0x7, 0xbf, 0xf8, 0xc6,
    0x0, 0x0, 0xc0, 0x10, 0x18, 0x3, 0x3, 0x0,
    0x60, 0x60, 0xc, 0x7, 0xff, 0x0,

    /* U+800C "而" */
    0xff, 0xff, 0xc0, 0x30, 0x0, 0x8, 0x0, 0x6,
    0x0, 0x7f, 0xff, 0x9f, 0xff, 0xe6, 0x21, 0x19,
    0x88, 0x46, 0x62, 0x11, 0x98, 0x84, 0x66, 0x21,
    0x19, 0x88, 0x46, 0x62, 0x11, 0x98, 0x84, 0x66,
    0x21, 0x19, 0x88, 0x46, 0x62, 0x11, 0x98, 0x1,
    0xe0,

    /* U+8033 "耳" */
    0xff, 0xff, 0xff, 0xff, 0xf1, 0x80, 0x60, 0x60,
    0x18, 0x18, 0x6, 0x7, 0xff, 0x81, 0x80, 0x60,
    0x60, 0x18, 0x18, 0x6, 0x7, 0xff, 0x81, 0x80,
    0x60, 0x60, 0x18, 0x18, 0x6, 0x3f, 0xff, 0xff,
    0xff, 0xfc, 0x0, 0x18, 0x0, 0x6, 0x0, 0x1,
    0x80,

    /* U+805A "聚" */
    0x7f, 0xe0, 0x6, 0x1f, 0xf8, 0xff, 0x86, 0x18,
    0x7c, 0xc3, 0xfc, 0xf0, 0x61, 0x9f, 0x1f, 0xfe,
    0x33, 0x6, 0x2, 0x0, 0xe, 0x7, 0xfe, 0x0,
    0x1, 0x88, 0x6, 0x33, 0x0, 0xc6, 0x70, 0x3c,
    0xda, 0xc, 0x9e, 0x33, 0x3, 0x82, 0x40, 0x60,
    0x0, 0xc, 0x0,

    /* U+8089 "肉" */
    0x0, 0xc0, 0x0, 0x60, 0x0, 0x30, 0x1f, 0xff,
    0xfc, 0x18, 0x1e, 0xe, 0xf, 0xf, 0x87, 0x86,
    0x73, 0xce, 0x1d, 0xee, 0x62, 0xf0, 0x60, 0x78,
    0x30, 0x3c, 0x1e, 0x1e, 0x1b, 0x8f, 0x18, 0x67,
    0xb8, 0x1b, 0xd0, 0x1, 0xe0, 0x0, 0xf0, 0x3,
    0xc0,

    /* U+809D "肝" */
    0x7f, 0x0, 0xf, 0xff, 0xf9, 0x8c, 0x30, 0x31,
    0x86, 0x7, 0x30, 0xc0, 0xde, 0x18, 0x19, 0xc3,
    0x3, 0x1f, 0xff, 0x67, 0xc, 0xd, 0xe1, 0x81,
    0xec, 0x30, 0x31, 0x86, 0x6, 0x30, 0xc0, 0xc6,
    0x18, 0x10, 0xc3, 0x2, 0x18, 0x60, 0xc3, 0xc,
    0x11, 0xc1, 0x80,

    /* U+80A1 "股" */
    0x7f, 0x3f, 0x8c, 0x64, 0x31, 0x8c, 0x86, 0x31,
    0x90, 0xc7, 0xb6, 0x18, 0xdf, 0x83, 0xd9, 0xe0,
    0x3, 0x18, 0x0, 0x63, 0xff, 0xcd, 0xe8, 0x19,
    0xed, 0x82, 0x39, 0x90, 0xc6, 0x33, 0x10, 0xc6,
    0x34, 0x10, 0xc3, 0x6, 0x18, 0xf0, 0xc3, 0x73,
    0x91, 0xd8, 0x1c,

    /* U+80C3 "胃" */
    0xff, 0xff, 0x2, 0xf, 0xff, 0xfc, 0x8, 0x38,
    0x10, 0x7f, 0xff, 0xff, 0xff, 0xbf, 0xfe, 0x60,
    0xc, 0xde, 0x19, 0x87, 0xb3, 0x3, 0x64, 0xf,
    0xcb, 0xf9, 0x96, 0x3, 0x60, 0x6, 0x80, 0x7c,

    /* U+80FD "能" */
    0x8, 0x30, 0x1, 0x6, 0x0, 0x6c, 0xc0, 0x18,
    0x9f, 0xc7, 0xfb, 0x0, 0xf9, 0x60, 0x0, 0x2c,
    0x0, 0x1, 0x80, 0x7f, 0x9f, 0xcc, 0x30, 0x1,
    0xe6, 0xc0, 0x32, 0xd8, 0x6, 0x1b, 0xfc, 0xc7,
    0x60, 0x1b, 0x6c, 0x3, 0xcd, 0x83, 0x71, 0xb0,
    0x78, 0x36, 0xf, 0x1c, 0x7f, 0x0,

    /* U+814E "腎" */
    0xff, 0x7f, 0xb3, 0x18, 0xcf, 0xf2, 0x33, 0xfc,
    0xd8, 0xff, 0x1c, 0x33, 0x7, 0x8f, 0xff, 0x7b,
    0xff, 0x6, 0x0, 0x0, 0xf, 0xff, 0x83, 0x0,
    0x60, 0xde, 0x18, 0x30, 0xf6, 0xc, 0x5, 0x83,
    0xf, 0xe0, 0xff, 0x18, 0x6c, 0x6, 0x18, 0xf,
    0x80,

    /* U+8166 "腦" */
    0x0, 0x40, 0x4f, 0x99, 0x89, 0x92, 0x23, 0x32,
    0x8c, 0xc6, 0x59, 0x98, 0xe9, 0x99, 0x9b, 0x11,
    0x9b, 0x63, 0x60, 0x64, 0x18, 0xc, 0xbf, 0xfd,
    0xb6, 0x1, 0xba, 0xd9, 0xb7, 0x59, 0xe6, 0xcb,
    0x18, 0xd9, 0x66, 0xda, 0x2f, 0x8f, 0x45, 0x80,
    0x78, 0xbf, 0xfe, 0x76, 0x1, 0x80,

    /* U+8178 "腸" */
    0x7e, 0x3f, 0xcc, 0xc4, 0x19, 0x98, 0x83, 0x33,
    0x1f, 0xe7, 0x62, 0xc, 0xfc, 0x7f, 0x9b, 0x80,
    0x3, 0x30, 0x0, 0x66, 0xff, 0xed, 0xc4, 0x1,
    0xf9, 0xff, 0x33, 0x65, 0xa6, 0x7d, 0xa4, 0xcd,
    0x24, 0x91, 0x8d, 0x92, 0x31, 0x22, 0xc6, 0x4c,
    0xd3, 0x83, 0x70,

    /* U+819A "膚" */
    0x0, 0x40, 0x0, 0xf, 0xf0, 0x1, 0x0, 0x1f,
    0xff, 0xf3, 0x4, 0x6, 0x6f, 0xfd, 0x8c, 0x1f,
    0xf9, 0x80, 0x0, 0x37, 0xff, 0xc6, 0x86, 0x18,
    0xdf, 0xff, 0x1b, 0xff, 0xe3, 0x0, 0x0, 0x67,
    0xff, 0xc, 0xd8, 0x63, 0x18, 0xec, 0x63, 0xff,
    0x88, 0x60, 0x31, 0x18, 0x1c, 0x0,

    /* U+81DF "臟" */
    0x0, 0x21, 0x7, 0xc2, 0x10, 0x65, 0xff, 0xe6,
    0x42, 0x10, 0x64, 0x20, 0x67, 0x40, 0x12, 0x7d,
    0x7f, 0xe6, 0xd4, 0x10, 0x65, 0x5f, 0x6, 0x5d,
    0x52, 0x6c, 0x5f, 0x67, 0x45, 0x34, 0x65, 0xdf,
    0xc6, 0x55, 0xec, 0x65, 0x54, 0x86, 0x55, 0xfa,
    0x45, 0xc1, 0xa4, 0x68, 0x26, 0xdc, 0x82, 0x60,

    /* U+81E8 "臨" */
    0x0, 0x60, 0x1f, 0xe8, 0x3, 0x23, 0xff, 0x64,
    0x40, 0xc, 0x98, 0x1, 0x92, 0xff, 0x3f, 0x9f,
    0xe7, 0xf3, 0x4, 0xc2, 0x60, 0x98, 0x4f, 0xf3,
    0x8, 0x0, 0x7f, 0x7d, 0xfc, 0x89, 0xa7, 0x91,
    0x34, 0xf2, 0x26, 0x9e, 0x44, 0xd3, 0xff, 0xfb,
    0xe0, 0x13, 0x4c, 0x2, 0x69, 0x80,

    /* U+81EA "自" */
    0x3, 0x0, 0x8, 0x0, 0x60, 0x3f, 0xff, 0xc0,
    0xf, 0x0, 0x3c, 0x0, 0xf0, 0x3, 0xff, 0xff,
    0x0, 0x3c, 0x0, 0xf0, 0x3, 0xff, 0xff, 0x0,
    0x3c, 0x0, 0xf0, 0x3, 0xff, 0xff, 0x0, 0x3c,
    0x0, 0xc0,

    /* U+8208 "興" */
    0x8, 0x0, 0x1f, 0xfd, 0xe6, 0x21, 0x19, 0x88,
    0x46, 0x62, 0xf1, 0x9e, 0x85, 0xe6, 0x2f, 0x19,
    0x8a, 0xc6, 0x62, 0xb1, 0x9e, 0xad, 0xe6, 0x2f,
    0x19, 0x88, 0x46, 0xff, 0xff, 0xff, 0xff, 0xf0,
    0x0, 0x0, 0x38, 0x70, 0x1c, 0x7, 0x3c, 0x0,
    0x74, 0x0, 0x8,

    /* U+821E "舞" */
    0x10, 0x0, 0xf, 0xff, 0xed, 0x22, 0x60, 0x48,
    0x98, 0x7f, 0xff, 0x84, 0x89, 0x81, 0x22, 0x63,
    0xff, 0xff, 0xff, 0xff, 0xc6, 0x1, 0x1, 0x0,
    0x40, 0xfd, 0xfe, 0x62, 0x64, 0x25, 0x91, 0x0,
    0xcf, 0xfc, 0x70, 0x10, 0x70, 0x4, 0x18, 0x1,
    0x0,

    /* U+822C "般" */
    0x8, 0x0, 0x2, 0xf, 0xc7, 0xf3, 0x31, 0x8c,
    0xcc, 0x63, 0x33, 0x1a, 0xcc, 0xc6, 0xb6, 0x3d,
    0x8d, 0x0, 0x63, 0x0, 0x3f, 0xdf, 0xfe, 0x32,
    0x9, 0xac, 0x86, 0x6b, 0x31, 0x9a, 0xc4, 0xc6,
    0xb0, 0xb1, 0xc, 0x38, 0xc3, 0x1e, 0x30, 0xdc,
    0x68, 0xf6, 0xc,

    /* U+82B1 "花" */
    0x6, 0x8, 0x1, 0x82, 0xf, 0xff, 0xfc, 0x18,
    0x20, 0x6, 0x8, 0x0, 0x0, 0x0, 0xc6, 0x0,
    0x31, 0x80, 0x18, 0x60, 0xe, 0x1f, 0xf7, 0x86,
    0x3, 0xa1, 0x80, 0xc8, 0x60, 0x2, 0x18, 0x0,
    0x86, 0x0, 0x21, 0x81, 0x8, 0x60, 0x42, 0x18,
    0x10, 0x83, 0xf8,

    /* U+82D7 "苗" */
    0x6, 0x8, 0x1, 0x82, 0xf, 0xfb, 0xfc, 0x18,
    0x20, 0x6, 0x8, 0x0, 0x0, 0x3, 0xff, 0xf8,
    0xff, 0xfe, 0x30, 0x41, 0x8c, 0x10, 0x63, 0x4,
    0x18, 0xc1, 0x6, 0x3f, 0xff, 0x8c, 0x10, 0x63,
    0x4, 0x18, 0xc1, 0x6, 0x3f, 0xff, 0x8c, 0x0,
    0x63, 0x0, 0x18,

    /* U+82F1 "英" */
    0xc, 0xc, 0x3, 0x3, 0xf, 0xff, 0xfc, 0x30,
    0x30, 0xc, 0xc, 0x0, 0x60, 0x0, 0x18, 0x0,
    0xff, 0xfc, 0x21, 0x83, 0x8, 0x60, 0xc2, 0x18,
    0x33, 0xff, 0xff, 0xff, 0xff, 0xc0, 0xd0, 0x0,
    0x37, 0x0, 0x38, 0x78, 0x3c, 0x7, 0xbc, 0x0,
    0x78, 0x0, 0x0,

    /* U+8336 "茶" */
    0xc, 0xc, 0x3, 0x3, 0xf, 0xff, 0xfc, 0x30,
    0x30, 0xc, 0xcc, 0x0, 0x78, 0x0, 0x33, 0x0,
    0x38, 0x70, 0x3c, 0xc7, 0x3c, 0x30, 0x78, 0xc,
    0x4, 0xff, 0xfc, 0x0, 0xc0, 0x3, 0x32, 0x1,
    0x8c, 0xe0, 0xc3, 0xc, 0x60, 0xc1, 0xb0, 0x30,
    0x20, 0xc, 0x0,

    /* U+83DC "菜" */
    0x4, 0x4, 0xf, 0xf7, 0xf8, 0x10, 0x10, 0x0,
    0x7, 0x83, 0xff, 0x80, 0x1, 0x3, 0xc, 0x20,
    0x40, 0xc6, 0x18, 0x8, 0xc2, 0x1, 0x18, 0xc0,
    0x3, 0x0, 0x3f, 0xff, 0xe0, 0x1f, 0x0, 0x7,
    0xb0, 0x3, 0xb3, 0x81, 0xc6, 0x1c, 0x70, 0xc1,
    0xc8, 0x18, 0x0,

    /* U+83EF "華" */
    0x4, 0x8, 0x3f, 0xef, 0xf0, 0x40, 0x81, 0xff,
    0xff, 0x7f, 0xff, 0xc0, 0x30, 0x0, 0x8c, 0x61,
    0xfb, 0x7f, 0x8, 0xc6, 0x2, 0x31, 0x80, 0xc,
    0x3, 0xff, 0xff, 0x0, 0xc0, 0x0, 0x30, 0x7,
    0xff, 0xf8, 0x3, 0x0, 0x0, 0xc0, 0x0, 0x30,
    0x0,

    /* U+842C "萬" */
    0x4, 0x8, 0x3f, 0xcf, 0xf0, 0x40, 0x80, 0xff,
    0xf8, 0x3f, 0xfe, 0xc, 0x20, 0x83, 0xff, 0xe0,
    0xc2, 0x8, 0x3f, 0xfe, 0x0, 0x20, 0x4, 0x8,
    0x3, 0xff, 0xfe, 0x40, 0x89, 0x90, 0x22, 0x64,
    0xff, 0xd9, 0x3f, 0xf6, 0x40, 0x5, 0x90, 0x1,
    0xe0,

    /* U+8457 "著" */
    0xc, 0xc, 0x3f, 0xdf, 0xf0, 0xc0, 0xc0, 0x34,
    0x32, 0x3f, 0xf9, 0x80, 0x41, 0xc0, 0x10, 0xc3,
    0xff, 0xff, 0xff, 0xff, 0xc3, 0xc0, 0x7, 0xff,
    0xf3, 0x30, 0x4, 0xc, 0x1, 0x3, 0xff, 0xc0,
    0xc0, 0x10, 0x30, 0x4, 0xf, 0xff, 0x3, 0x0,
    0x40,

    /* U+8463 "董" */
    0xc, 0xc, 0x3f, 0xff, 0xf0, 0xc0, 0xc1, 0xff,
    0xf8, 0x0, 0x80, 0x3f, 0xff, 0xf0, 0x8, 0x0,
    0xff, 0xf8, 0x20, 0x82, 0xf, 0xff, 0x82, 0x8,
    0x20, 0x82, 0x8, 0x3f, 0xfe, 0x0, 0x20, 0x7,
    0xff, 0xf0, 0x2, 0x0, 0xff, 0xff, 0xc0,

    /* U+84EE "蓮" */
    0xc, 0xc, 0x3f, 0xff, 0xf0, 0xc0, 0xc1, 0x80,
    0x40, 0x33, 0xff, 0x80, 0x4, 0xf, 0xbf, 0xf0,
    0xc8, 0x44, 0x23, 0xff, 0x10, 0x84, 0x4f, 0xa1,
    0x11, 0xef, 0xfc, 0x18, 0x10, 0x4, 0xff, 0xf3,
    0x1, 0x1, 0xa0, 0x0, 0x46, 0x0, 0x20, 0x7f,
    0xf0,

    /* U+852C "蔬" */
    0xc, 0xc, 0x3f, 0xff, 0xf0, 0xc0, 0xc0, 0x30,
    0x30, 0xfe, 0x8, 0x1, 0xbf, 0xf0, 0xc3, 0x0,
    0x60, 0x84, 0x58, 0x41, 0x96, 0x3f, 0xe5, 0xe0,
    0x9, 0x61, 0x24, 0x58, 0x49, 0x16, 0x12, 0x45,
    0xf4, 0x93, 0xe3, 0x24, 0xc1, 0x89, 0x0, 0x40,
    0x70,

    /* U+85DD "藝" */
    0x4, 0x8, 0x3f, 0xff, 0xf0, 0x40, 0x81, 0xfc,
    0x20, 0x8, 0x7f, 0x3f, 0xe2, 0x42, 0x42, 0x93,
    0xae, 0xe4, 0x7f, 0x1d, 0x42, 0xd, 0x5f, 0xfe,
    0x1c, 0x1, 0x0, 0x1f, 0xff, 0x0, 0x0, 0xf,
    0xff, 0xfc, 0x18, 0x30, 0x18, 0x6, 0x1f, 0xff,
    0xe0, 0x0, 0x8,

    /* U+85E5 "藥" */
    0xc, 0xc, 0x3f, 0xff, 0xf0, 0xc0, 0xc0, 0xc2,
    0xc, 0x23, 0xf2, 0x13, 0x85, 0xad, 0xa1, 0xdb,
    0xcf, 0xfc, 0x2a, 0x12, 0x9f, 0xfd, 0xf6, 0x7f,
    0x4, 0x2, 0x0, 0xff, 0xff, 0xc0, 0x20, 0x0,
    0x69, 0xc0, 0xe2, 0xe, 0xe0, 0x80, 0xc0, 0x20,
    0x0,

    /* U+8606 "蘆" */
    0x4, 0x18, 0x3f, 0xff, 0xf0, 0x41, 0x80, 0x2,
    0x0, 0x0, 0xff, 0x1f, 0xff, 0xe7, 0xff, 0xfd,
    0xbf, 0xf6, 0x60, 0xfe, 0x18, 0x0, 0x6, 0xff,
    0xe1, 0xbf, 0xf8, 0x6c, 0x42, 0x1b, 0xff, 0x86,
    0xff, 0xf1, 0x22, 0x4c, 0xc8, 0x93, 0x3f, 0xff,
    0xfb, 0xff, 0xfc,

    /* U+862D "蘭" */
    0x8, 0x8, 0x7f, 0xbf, 0xc2, 0x2, 0x0, 0x0,
    0xf, 0xe7, 0xfe, 0x13, 0xf, 0xf9, 0xff, 0x84,
    0xc3, 0xfe, 0xff, 0xe0, 0x40, 0xf3, 0xfe, 0x79,
    0xff, 0x3c, 0x88, 0x9e, 0x57, 0x4f, 0x3f, 0xe7,
    0x87, 0x83, 0xc6, 0xb1, 0xee, 0x4c, 0xf0, 0x21,
    0xe0,

    /* U+865F "號" */
    0x7e, 0x8, 0xf, 0xc1, 0xf9, 0x18, 0x20, 0x23,
    0xff, 0xf7, 0xf8, 0x6, 0x3, 0x17, 0xbf, 0xef,
    0x87, 0xfc, 0x40, 0x21, 0x8f, 0x8c, 0x30, 0x1,
    0xf6, 0x48, 0x2, 0xc9, 0x0, 0x59, 0x20, 0xb,
    0x24, 0x1, 0x6c, 0x88, 0x29, 0x11, 0xf, 0x62,
    0x67, 0x78, 0x78,

    /* U+86CB "蛋" */
    0x3f, 0xff, 0xc7, 0xff, 0xf8, 0x11, 0x83, 0x6,
    0x3f, 0x40, 0xc6, 0x0, 0x36, 0xc0, 0x1c, 0x3f,
    0xfb, 0x0, 0x0, 0x40, 0x60, 0x3, 0xff, 0xf0,
    0x41, 0x86, 0x8, 0x30, 0xc1, 0xff, 0xf8, 0x0,
    0xcc, 0x0, 0x18, 0xc3, 0xff, 0xfe, 0x7f, 0xff,
    0xe0, 0x0, 0x0,

    /* U+884C "行" */
    0xc, 0x0, 0x6, 0x3f, 0xf6, 0x0, 0x3, 0x0,
    0x0, 0xc, 0x0, 0x3, 0x0, 0x1, 0x9f, 0xfc,
    0xc0, 0xc, 0x70, 0x3, 0x34, 0x0, 0xc9, 0x0,
    0x30, 0x40, 0xc, 0x10, 0x3, 0x4, 0x0, 0xc1,
    0x0, 0x30, 0x40, 0xc, 0x10, 0x2, 0x4, 0x7,
    0x80,

    /* U+8853 "術" */
    0x8, 0x40, 0x3, 0xa, 0x0, 0xc1, 0x6f, 0xb0,
    0x24, 0x4, 0x44, 0x0, 0x1f, 0xf0, 0x6, 0x10,
    0xf8, 0x82, 0x1f, 0x31, 0x50, 0x8e, 0x2a, 0x11,
    0x45, 0x42, 0x8, 0xa8, 0x41, 0x15, 0x8, 0x26,
    0xa1, 0x5, 0x97, 0x20, 0x92, 0x4, 0x10, 0x40,
    0x82, 0x8, 0x10, 0x41, 0xe, 0x0,

    /* U+8857 "街" */
    0x0, 0x40, 0x1, 0x8, 0x0, 0x41, 0xf, 0x91,
    0xfc, 0x4, 0x44, 0x0, 0x18, 0x80, 0x2, 0xfe,
    0xf8, 0xdf, 0xdf, 0x30, 0x0, 0x8e, 0x8, 0x11,
    0x41, 0x2, 0x9, 0xfc, 0x41, 0x4, 0x8, 0x20,
    0x81, 0x4, 0x10, 0x20, 0x82, 0xc4, 0x17, 0xf8,
    0x82, 0xf0, 0x10, 0x40, 0x1e, 0x0,

    /* U+8863 "衣" */
    0x0, 0x60, 0x0, 0x6, 0x0, 0x0, 0x20, 0x7,
    0xff, 0xfe, 0x0, 0xe0, 0x0, 0x1b, 0x0, 0x3,
    0x30, 0x40, 0x61, 0xc, 0x1e, 0x1b, 0x83, 0xe1,
    0xe0, 0x66, 0xc, 0x0, 0x60, 0xc0, 0x6, 0x6,
    0x0, 0x60, 0x30, 0x6, 0x71, 0x80, 0x7e, 0xe,
    0xf, 0x0, 0x60, 0x0, 0x0,

    /* U+8868 "表" */
    0x0, 0xc0, 0x0, 0x18, 0x1, 0xff, 0xfe, 0x0,
    0x60, 0x0, 0xc, 0x0, 0x7f, 0xfe, 0x0, 0x30,
    0x0, 0x6, 0x0, 0xff, 0xff, 0xc0, 0x38, 0x0,
    0x1d, 0x82, 0x6, 0x19, 0xc3, 0xc3, 0x61, 0xd8,
    0x38, 0x3, 0x3, 0x0, 0x63, 0x38, 0xf, 0xc1,
    0xc3, 0xc0, 0x8, 0x0, 0x0, 0x0,

    /* U+88AB "被" */
    0x0, 0x8, 0x6, 0x1, 0x0, 0x40, 0x20, 0x8,
    0xff, 0xff, 0xdf, 0xfe, 0x1b, 0x10, 0x82, 0x62,
    0x30, 0xcc, 0x40, 0x17, 0xff, 0xc6, 0xbf, 0xf9,
    0xe6, 0x86, 0x6a, 0xd8, 0xc9, 0x59, 0x30, 0x23,
    0x3e, 0x4, 0x43, 0x80, 0x98, 0xf0, 0x13, 0x3b,
    0x82, 0xdc, 0x3c, 0x43, 0x1, 0x80,

    /* U+88DC "補" */
    0x0, 0x8, 0xc, 0x2, 0xe1, 0x80, 0x8c, 0x7,
    0xff, 0xfc, 0x8, 0x3, 0x2, 0x0, 0xc0, 0x80,
    0x67, 0xff, 0x13, 0x88, 0xcf, 0x62, 0x37, 0xdf,
    0xff, 0x5e, 0x23, 0x91, 0x88, 0xc4, 0x7f, 0xf1,
    0x18, 0x8c, 0x46, 0x23, 0x11, 0x88, 0xc4, 0x62,
    0x31, 0x18, 0xbc,

    /* U+88FD "製" */
    0x4, 0x0, 0x99, 0x0, 0x27, 0xf8, 0x8b, 0x10,
    0x22, 0xff, 0xc8, 0x81, 0x2, 0x27, 0xfc, 0x89,
    0x13, 0x22, 0x44, 0xc0, 0x91, 0x71, 0xe0, 0xc,
    0x3, 0xff, 0xff, 0x3, 0xe1, 0x3, 0x88, 0xcf,
    0x81, 0xc2, 0x20, 0x30, 0xf, 0xc7, 0x87, 0x0,
    0x70,

    /* U+8907 "複" */
    0x30, 0x60, 0x4, 0x10, 0x1, 0x8f, 0xff, 0xf2,
    0x0, 0xfd, 0x80, 0x3, 0xff, 0xe0, 0x88, 0x8,
    0x63, 0xfe, 0x32, 0x80, 0x8f, 0x20, 0x27, 0xcf,
    0xfb, 0x50, 0xc0, 0x95, 0xff, 0x84, 0x30, 0x61,
    0x3e, 0x30, 0x40, 0xd8, 0x10, 0x1c, 0x4, 0x7d,
    0xf1, 0x38, 0x1c,

    /* U+8981 "要" */
    0xff, 0xff, 0xff, 0xff, 0xf0, 0x21, 0x0, 0x8,
    0x40, 0x7f, 0xff, 0x98, 0x84, 0x66, 0x21, 0x19,
    0x88, 0x46, 0x7f, 0xff, 0x9f, 0xff, 0xe0, 0x30,
    0x0, 0x8, 0x18, 0xff, 0xff, 0xc3, 0x3, 0x1,
    0x81, 0x80, 0x7f, 0xc0, 0x1, 0xfc, 0x3f, 0xc1,
    0xe6, 0x0, 0x0,

    /* U+89BD "覽" */
    0x0, 0x8, 0xf, 0xf3, 0xf9, 0xfe, 0xc0, 0x3f,
    0xf7, 0xc6, 0x8, 0x0, 0xff, 0x3f, 0x99, 0x5,
    0x53, 0xfe, 0xaa, 0x7f, 0xdf, 0xc1, 0xff, 0xe0,
    0x20, 0xc, 0x7, 0xff, 0x80, 0x80, 0x30, 0x1f,
    0xfe, 0x3, 0xff, 0xc0, 0x18, 0xc2, 0x6, 0x18,
    0x41, 0x83, 0xb, 0xe0, 0x3f, 0x0,

    /* U+89C0 "觀" */
    0x13, 0x1f, 0xde, 0x7f, 0xf8, 0x4c, 0x41, 0x3d,
    0xcf, 0xe4, 0xa9, 0x4, 0x95, 0x20, 0x9e, 0xe4,
    0x10, 0x90, 0xfe, 0x3f, 0x90, 0x4f, 0xf2, 0x9,
    0x88, 0x7f, 0x7f, 0xc6, 0x86, 0x20, 0xd0, 0xff,
    0x12, 0x18, 0x86, 0x4b, 0xfc, 0xc9, 0x7f, 0xf1,
    0x2c, 0x4, 0x38,

    /* U+8A08 "計" */
    0x10, 0x0, 0x4, 0x3, 0x1, 0x80, 0xc0, 0x0,
    0x30, 0xff, 0xc, 0x0, 0x3, 0x7, 0xe0, 0xc0,
    0x3, 0xff, 0x0, 0xff, 0xdf, 0x83, 0x0, 0x0,
    0xc0, 0x0, 0x30, 0x7e, 0xc, 0x18, 0x83, 0x6,
    0x20, 0xc1, 0x88, 0x30, 0x7e, 0xc, 0x18, 0x3,
    0x6, 0x0, 0xc0,

    /* U+8A0E "討" */
    0x10, 0x3, 0x4, 0x0, 0xc1, 0x80, 0x30, 0x0,
    0xc, 0xff, 0x3, 0x0, 0x3f, 0xf7, 0xe0, 0x30,
    0x0, 0xc, 0x0, 0x43, 0x1f, 0x98, 0xc0, 0x2,
    0x30, 0x0, 0xcc, 0x7e, 0x33, 0x10, 0x80, 0xc4,
    0x20, 0x31, 0x8, 0xc, 0x7e, 0x3, 0x10, 0x0,
    0xc4, 0x1, 0xf0,

    /* U+8A13 "訓" */
    0x0, 0x0, 0x18, 0x20, 0x44, 0x11, 0x22, 0x8,
    0x9f, 0xe4, 0x48, 0x2, 0x25, 0xf1, 0x12, 0x0,
    0x89, 0x0, 0x44, 0xbe, 0x22, 0x40, 0x11, 0x20,
    0x8, 0x97, 0xc4, 0x4a, 0x22, 0x25, 0x13, 0x12,
    0x89, 0x9, 0x7d, 0x80, 0xa0, 0xc0, 0x50, 0x40,
    0x20,

    /* U+8A2A "訪" */
    0x0, 0x0, 0xc, 0x2, 0x1, 0x0, 0x80, 0x40,
    0x30, 0xff, 0xff, 0xc0, 0xc, 0x7, 0xc3, 0x0,
    0x0, 0xc0, 0x0, 0x3f, 0x9f, 0xf, 0xe0, 0x3,
    0x18, 0x0, 0x86, 0x7c, 0x61, 0x91, 0x18, 0x64,
    0x46, 0x19, 0x13, 0x6, 0x7d, 0xc1, 0x90, 0xe0,
    0xc4, 0x10, 0xf0,

    /* U+8A2D "設" */
    0x10, 0x0, 0x4, 0xf, 0xc1, 0x82, 0x30, 0x0,
    0x8c, 0xff, 0x63, 0x0, 0x18, 0xc7, 0xfc, 0x3c,
    0x6, 0x0, 0x0, 0x0, 0x1f, 0xff, 0xe0, 0x4,
    0x18, 0x1, 0x84, 0x7e, 0x63, 0x11, 0x8d, 0x84,
    0x61, 0xe1, 0x18, 0xf8, 0x7e, 0xff, 0x90, 0x78,
    0xf4, 0x18, 0xc,

    /* U+8A3A "診" */
    0x30, 0x8, 0x2, 0x3, 0x80, 0x40, 0xd8, 0x7f,
    0x31, 0x80, 0xc, 0x9c, 0xfb, 0x10, 0x80, 0x6,
    0x0, 0x1, 0x80, 0x7c, 0xe2, 0x0, 0x0, 0xc0,
    0x0, 0x30, 0x3f, 0x18, 0x44, 0x66, 0x18, 0x8c,
    0x6, 0x11, 0x83, 0x83, 0xf3, 0xe0, 0x40, 0xf0,
    0x8, 0x18, 0x0,

    /* U+8A66 "試" */
    0x0, 0x4, 0x6, 0x0, 0xb0, 0x60, 0x13, 0x8,
    0x2, 0x2f, 0xff, 0xfe, 0x3, 0xff, 0xdf, 0x81,
    0x0, 0x0, 0x20, 0x1, 0xf4, 0xf, 0xfe, 0x80,
    0x1, 0x10, 0x0, 0x23, 0x7, 0xe4, 0x20, 0x8c,
    0x84, 0x11, 0x92, 0x8a, 0x33, 0xd1, 0x7f, 0xc1,
    0x28, 0x20, 0x25, 0x0, 0x3, 0x0,

    /* U+8A71 "話" */
    0x30, 0x1, 0x84, 0x1f, 0xc1, 0xc, 0x83, 0xf8,
    0x20, 0x0, 0x8, 0x0, 0x2, 0x7, 0xcf, 0xfc,
    0x0, 0x20, 0x7c, 0x8, 0x0, 0x2, 0x0, 0xf,
    0xfd, 0xf3, 0xff, 0x44, 0xc0, 0xd1, 0x30, 0x34,
    0x4c, 0xd, 0x13, 0x3, 0x7c, 0xff, 0xd0, 0x30,
    0x30,

    /* U+8A8D "認" */
    0x30, 0xff, 0x84, 0x3f, 0xe1, 0x0, 0x88, 0x41,
    0x22, 0xfe, 0x68, 0x80, 0xe, 0x27, 0xe1, 0x88,
    0x0, 0xc2, 0x0, 0x67, 0x9f, 0xf9, 0xc0, 0x9,
    0x80, 0x0, 0x20, 0x7c, 0xa4, 0x91, 0x29, 0x34,
    0x5a, 0x5, 0x16, 0x84, 0x7d, 0x21, 0x10, 0x8,
    0x44, 0x3, 0xe0,

    /* U+8A9E "語" */
    0x10, 0x0, 0x4, 0x7f, 0xf1, 0x81, 0x80, 0x0,
    0x40, 0xfe, 0x10, 0x0, 0x3f, 0xc7, 0xe1, 0x10,
    0x0, 0xc4, 0x0, 0x31, 0x1f, 0xff, 0xf0, 0x0,
    0x0, 0x0, 0x0, 0x7e, 0xff, 0x91, 0xb0, 0x64,
    0x6c, 0x19, 0x1b, 0x6, 0x46, 0xc1, 0x9f, 0xbf,
    0xe4, 0xc, 0x18,

    /* U+8AA4 "誤" */
    0x0, 0x0, 0x4, 0xf, 0xc1, 0x9b, 0x10, 0x46,
    0xc4, 0xff, 0xb1, 0x0, 0x6f, 0xc7, 0xf8, 0x0,
    0x6, 0x0, 0x1, 0xff, 0x9f, 0x82, 0x60, 0x0,
    0x98, 0x0, 0x26, 0x7f, 0xff, 0xd1, 0x82, 0x4,
    0x61, 0xc1, 0x18, 0xdc, 0x7e, 0xe3, 0x90, 0x70,
    0x74, 0x18, 0xc,

    /* U+8AAA "說" */
    0x30, 0x32, 0x4, 0x18, 0x41, 0x6, 0x1b, 0xfb,
    0x2, 0x1, 0x80, 0x5f, 0x1f, 0xc0, 0x4, 0x10,
    0x1, 0x4, 0x7c, 0x41, 0x0, 0x1f, 0xc0, 0x7,
    0xf1, 0xf0, 0xc8, 0x44, 0x32, 0x11, 0xc, 0x84,
    0x46, 0x25, 0xf3, 0x89, 0x41, 0xc2, 0x50, 0x60,
    0xf0,

    /* U+8AB2 "課" */
    0x0, 0x0, 0xc, 0x3f, 0xe1, 0xf, 0xf8, 0x62,
    0x22, 0x0, 0x88, 0xbf, 0xa2, 0x20, 0xf, 0xf9,
    0xfa, 0x22, 0x0, 0xff, 0x80, 0x3f, 0xe7, 0xe0,
    0x80, 0x0, 0x20, 0x1, 0xff, 0xdf, 0x87, 0x4,
    0x63, 0xe1, 0x19, 0xac, 0x46, 0xc9, 0x9f, 0xe2,
    0x34, 0x10, 0x81, 0x0, 0x20,

    /* U+8ACB "請" */
    0x10, 0x8, 0x4, 0x2, 0x1, 0x9f, 0xfc, 0x40,
    0x20, 0xfe, 0x8, 0x0, 0x3f, 0xef, 0xdf, 0xfc,
    0x7, 0xff, 0x0, 0x0, 0x3f, 0x3f, 0xf0, 0xc,
    0xc, 0x3, 0x3, 0xfc, 0xff, 0xf1, 0x30, 0x3c,
    0x4f, 0xff, 0x13, 0x3, 0xfc, 0xc0, 0xf0, 0x60,
    0x3c, 0x8, 0x7c,

    /* U+8AD6 "論" */
    0x20, 0x18, 0x6, 0x7, 0x0, 0x41, 0xb0, 0x7e,
    0x63, 0x80, 0x18, 0x1c, 0xf7, 0xfe, 0x80, 0x0,
    0x0, 0x0, 0x0, 0x7b, 0xff, 0xc0, 0x64, 0x98,
    0xc, 0x93, 0x3f, 0x92, 0x64, 0xff, 0xfc, 0x9e,
    0x49, 0x93, 0xc9, 0x33, 0xf9, 0x26, 0x43, 0x24,
    0xc8, 0x64, 0xb0,

    /* U+8B1B "講" */
    0x10, 0x23, 0x2, 0x4, 0x60, 0x67, 0xff, 0x7f,
    0x11, 0x8f, 0xef, 0xf8, 0x0, 0x46, 0x1f, 0x7f,
    0xf8, 0xf, 0xff, 0x0, 0x8, 0xf, 0x9f, 0xf8,
    0x3, 0x23, 0x0, 0x64, 0x67, 0xcf, 0xfc, 0x89,
    0x91, 0x91, 0x7f, 0xfa, 0x2f, 0xff, 0x7c, 0xc0,
    0xc8, 0x18, 0x19, 0x3, 0x1e, 0x0,

    /* U+8B66 "警" */
    0x12, 0x8, 0x3c, 0xf6, 0x1, 0x21, 0xfc, 0xfe,
    0x84, 0x41, 0xfb, 0x3f, 0x63, 0x87, 0xdb, 0xf9,
    0xfd, 0xe6, 0x43, 0x80, 0x0, 0x30, 0xf, 0xf3,
    0xfc, 0x7f, 0xf8, 0x0, 0x0, 0x7, 0xff, 0x80,
    0x0, 0x0, 0x7f, 0xf8, 0x10, 0x2, 0x4, 0x0,
    0x81, 0xff, 0xe0,

    /* U+8B70 "議" */
    0x20, 0x41, 0xc, 0x18, 0x81, 0xf, 0xfc, 0x0,
    0x20, 0xfc, 0x8, 0x0, 0x3f, 0xe7, 0xc0, 0x81,
    0xff, 0xff, 0x3, 0xff, 0xdf, 0x7d, 0x60, 0x4,
    0x4c, 0x1, 0x10, 0x7f, 0xff, 0xd3, 0x11, 0xa4,
    0xff, 0x79, 0x39, 0xc, 0x7c, 0x46, 0x50, 0x13,
    0xd4, 0xc, 0x9c,

    /* U+8B77 "護" */
    0x30, 0x12, 0x3, 0x3e, 0x78, 0x0, 0x48, 0x7f,
    0x22, 0x0, 0xf, 0xfc, 0xf9, 0x88, 0x0, 0x7f,
    0xe0, 0xe, 0x20, 0x7c, 0xff, 0x80, 0x18, 0x80,
    0x3, 0xff, 0x3e, 0x7f, 0xe4, 0x5f, 0xf8, 0x88,
    0xc3, 0x11, 0xf, 0xc3, 0xe1, 0xf8, 0x41, 0xff,
    0xe8, 0x38, 0x38,

    /* U+8B8A "變" */
    0x10, 0x81, 0xc, 0x30, 0xc2, 0xff, 0x29, 0x20,
    0x1e, 0x73, 0xff, 0xe, 0x0, 0xa7, 0xde, 0x7f,
    0xf, 0xa0, 0x5a, 0x25, 0x55, 0x8a, 0x55, 0x3e,
    0x94, 0x18, 0x0, 0xf, 0xff, 0x8f, 0x1, 0x86,
    0x71, 0x80, 0x7, 0xc0, 0xf, 0xbe, 0x1f, 0x1,
    0xf0,

    /* U+8CB7 "買" */
    0x7f, 0xff, 0x21, 0x10, 0x90, 0x88, 0x4f, 0xff,
    0xe0, 0x0, 0x0, 0x0, 0x0, 0xff, 0xf8, 0x60,
    0xc, 0x3f, 0xfe, 0x18, 0x3, 0xc, 0x1, 0x87,
    0xff, 0xc3, 0x0, 0x61, 0xff, 0xf0, 0x10, 0x40,
    0x7c, 0x7c, 0xe0, 0x3, 0x80,

    /* U+8CBB "費" */
    0x2, 0x10, 0x1f, 0xff, 0xe0, 0x21, 0x18, 0xff,
    0xfe, 0x22, 0x10, 0x8, 0x84, 0x3, 0xff, 0xfc,
    0x30, 0x4f, 0x3f, 0xff, 0xbf, 0xff, 0xc1, 0xff,
    0xf0, 0x40, 0xc, 0x1f, 0xff, 0x4, 0x0, 0xc1,
    0x0, 0x30, 0x7f, 0xfc, 0x6, 0x1c, 0xe, 0x1,
    0xe6, 0x0, 0x8,

    /* U+8CEA "質" */
    0x1f, 0x1f, 0x9c, 0x1e, 0x6, 0x6, 0x1, 0xfd,
    0xff, 0x64, 0x62, 0x31, 0x30, 0x8c, 0x40, 0x20,
    0x7f, 0xf8, 0x10, 0x2, 0x4, 0x0, 0x81, 0xff,
    0xe0, 0x40, 0x8, 0x1f, 0xfe, 0x4, 0x0, 0x81,
    0xff, 0xe0, 0x10, 0x60, 0x38, 0xf, 0x38, 0x0,
    0x70,

    /* U+8CFC "購" */
    0x0, 0x23, 0xf, 0x84, 0x61, 0x17, 0xff, 0x22,
    0x11, 0x84, 0x4f, 0xf8, 0xf9, 0xff, 0x11, 0x8,
    0xc2, 0x2f, 0xff, 0x44, 0x8, 0xf, 0x9f, 0xf9,
    0x13, 0x23, 0x22, 0x64, 0x64, 0x4f, 0xfc, 0xf9,
    0x91, 0x8b, 0x7f, 0xfb, 0x2f, 0xff, 0x46, 0xc0,
    0xc8, 0xd8, 0x1a, 0x3, 0x1e, 0x0,

    /* U+8CFD "賽" */
    0x0, 0x60, 0xf, 0xff, 0xf9, 0x8, 0x21, 0x3f,
    0xff, 0xa0, 0x20, 0x80, 0x3f, 0xfc, 0x3f, 0xff,
    0xf0, 0x30, 0x20, 0x1f, 0xff, 0xf, 0x0, 0xfb,
    0x3f, 0xf9, 0x4, 0x3, 0x0, 0xff, 0xe0, 0x10,
    0xc, 0x3, 0xff, 0x80, 0x38, 0xe0, 0x7c, 0x3,
    0x88, 0x0, 0x0,

    /* U+8D85 "超" */
    0x8, 0x7f, 0x82, 0x1f, 0xe7, 0xf1, 0x88, 0x20,
    0x46, 0x8, 0x11, 0xbf, 0xed, 0xef, 0xfe, 0x70,
    0x21, 0x0, 0x8, 0x3f, 0x92, 0x8, 0x64, 0xf2,
    0x19, 0x20, 0x86, 0x68, 0x21, 0x9a, 0xf, 0xe5,
    0x80, 0x3, 0x70, 0x0, 0x87, 0xff, 0xc0, 0x0,
    0x0,

    /* U+8DD1 "跑" */
    0x0, 0x20, 0x1f, 0x98, 0x4, 0x27, 0xf9, 0xb,
    0x6, 0x42, 0x81, 0x9f, 0x9f, 0x61, 0x84, 0x58,
    0x61, 0x16, 0x58, 0x45, 0x97, 0x91, 0x65, 0x87,
    0xd9, 0x61, 0x1e, 0x58, 0x47, 0x16, 0x50, 0x5,
    0xf4, 0x5, 0xe1, 0x1, 0xe0, 0x40, 0xc0, 0x1f,
    0xe0,

    /* U+8DEF "路" */
    0x0, 0x10, 0x1f, 0xcc, 0x4, 0x33, 0xf9, 0xd,
    0x84, 0x43, 0x73, 0x1f, 0xf5, 0x87, 0xf8, 0xe0,
    0x20, 0x30, 0x8, 0x1e, 0x12, 0xc, 0xc4, 0xfe,
    0x1d, 0x23, 0xff, 0x48, 0x61, 0x92, 0x18, 0x64,
    0xb6, 0x19, 0x7d, 0x86, 0xf8, 0x61, 0xb0, 0x1f,
    0xe0, 0x6, 0x18,

    /* U+8E48 "蹈" */
    0x0, 0x0, 0x9f, 0x8f, 0xf4, 0x2f, 0x1, 0x8,
    0x23, 0x42, 0x4c, 0x90, 0x91, 0x27, 0xe6, 0x50,
    0x20, 0x40, 0x8, 0x77, 0xd3, 0xb0, 0x34, 0xec,
    0xd, 0x23, 0x3, 0x48, 0xfb, 0xd2, 0x30, 0x34,
    0xec, 0xd, 0xfb, 0x3, 0xf0, 0xc0, 0xe0, 0x3f,
    0xf0, 0xc, 0xc,

    /* U+8E64 "蹤" */
    0x0, 0x4c, 0xc7, 0xec, 0x8c, 0x46, 0x88, 0xc4,
    0x78, 0x88, 0x47, 0x5f, 0xc7, 0xe5, 0x56, 0x7e,
    0xf3, 0x21, 0x8a, 0x2, 0x18, 0x83, 0x5, 0x98,
    0x30, 0x5f, 0x93, 0x5, 0x89, 0x3e, 0x58, 0x93,
    0xe5, 0x89, 0x30, 0x58, 0x9b, 0x5, 0xea, 0xb0,
    0xf0, 0xaf, 0x8, 0xa, 0x60, 0x0, 0xa3, 0xe0,

    /* U+8EAB "身" */
    0x0, 0xc0, 0x0, 0x20, 0x1, 0xff, 0xe0, 0x60,
    0x18, 0x18, 0x6, 0x7, 0xff, 0x81, 0x80, 0x64,
    0x60, 0x1b, 0x1f, 0xff, 0x86, 0x1, 0xe1, 0x80,
    0x73, 0xff, 0xf8, 0xfe, 0x1e, 0x0, 0xd, 0x80,
    0xe, 0x60, 0xf, 0x18, 0xf, 0x6, 0x1f, 0x1,
    0x8e, 0x7, 0xe0,

    /* U+8FA6 "辦" */
    0x0, 0x80, 0x8, 0x20, 0x83, 0x8, 0x33, 0xf2,
    0x3f, 0x0, 0x80, 0x12, 0x79, 0x24, 0x8a, 0x49,
    0x62, 0x92, 0x10, 0xa1, 0xbf, 0x2b, 0xf3, 0xa,
    0x30, 0xc2, 0x8c, 0xfd, 0x2f, 0xcc, 0x48, 0xc2,
    0x12, 0x30, 0x8c, 0x8c, 0x22, 0x23, 0x11, 0x88,
    0xcc, 0x4e, 0x30,

    /* U+8FFD "追" */
    0x20, 0x8, 0x6, 0x3, 0x0, 0x67, 0xfe, 0x0,
    0xc0, 0x47, 0xd8, 0x8, 0xf3, 0x1, 0x6, 0x7f,
    0xe1, 0x8c, 0x0, 0x21, 0x80, 0x18, 0x30, 0x1,
    0xf7, 0xff, 0x6, 0xc0, 0x20, 0x98, 0x4, 0x13,
    0x0, 0x86, 0x7f, 0xf0, 0xc0, 0x0, 0x3c, 0x0,
    0x4, 0xe0, 0x1, 0x87, 0xff, 0x80,

    /* U+9001 "送" */
    0x20, 0x41, 0x6, 0x8, 0x20, 0x41, 0x8c, 0xc,
    0x11, 0x0, 0x1f, 0xfc, 0xf8, 0x10, 0x2, 0x2,
    0x0, 0x80, 0x40, 0x31, 0xff, 0xcc, 0x3f, 0xf9,
    0xf0, 0x20, 0x6, 0xe, 0x0, 0x81, 0x60, 0x10,
    0x46, 0x6, 0x38, 0x60, 0xce, 0x6, 0x3d, 0x0,
    0x44, 0xc0, 0x1, 0x87, 0xff, 0x80,

    /* U+9019 "這" */
    0x0, 0x0, 0x4, 0x3, 0x0, 0x40, 0x30, 0xd,
    0xff, 0xf0, 0x0, 0x0, 0xf9, 0xff, 0x6, 0x0,
    0x0, 0x80, 0x0, 0x20, 0xff, 0x8c, 0x0, 0x1,
    0xf0, 0x0, 0x3e, 0xff, 0xc0, 0x98, 0x8, 0x13,
    0x1, 0x6, 0x7f, 0xe0, 0xc0, 0x0, 0x3c, 0x0,
    0x4, 0xe0, 0x1, 0x83, 0xff, 0x80,

    /* U+901A "通" */
    0x20, 0x0, 0x6, 0x3f, 0xf8, 0x60, 0x6, 0xc,
    0x3b, 0x80, 0x1, 0xc0, 0xf8, 0xc, 0x1e, 0x7f,
    0xf0, 0xcc, 0x46, 0x31, 0xff, 0xcc, 0x31, 0x1b,
    0xf6, 0x23, 0x6, 0xff, 0xe0, 0x98, 0x8c, 0x13,
    0x11, 0x86, 0x62, 0xf0, 0xc0, 0x0, 0x34, 0x0,
    0x4, 0x60, 0x1, 0x3, 0xff, 0x80,

    /* U+9020 "造" */
    0x0, 0x8, 0x6, 0x9, 0x0, 0x43, 0x20, 0x4,
    0x7f, 0xe0, 0x18, 0x80, 0xfe, 0x10, 0x2, 0x2,
    0x0, 0x9f, 0xfe, 0x30, 0x0, 0xc, 0x0, 0x1,
    0xf3, 0xff, 0x6, 0x40, 0x60, 0xc8, 0xc, 0x11,
    0x1, 0x86, 0x3f, 0xf0, 0xc0, 0x0, 0x3c, 0x0,
    0x4, 0xe0, 0x1, 0x87, 0xff, 0x80,

    /* U+9031 "週" */
    0x40, 0x0, 0xc, 0x7f, 0xf0, 0xcf, 0xfe, 0x9,
    0x88, 0xc0, 0x3f, 0xf9, 0xf6, 0x23, 0x4, 0xc4,
    0x61, 0x1f, 0xfc, 0x63, 0xff, 0x98, 0x60, 0x33,
    0xed, 0xf6, 0x9, 0xa2, 0xc1, 0x24, 0x58, 0x2c,
    0xfb, 0xd, 0x90, 0x61, 0xa0, 0x3c, 0x78, 0x0,
    0x9, 0xc0, 0x2, 0xf, 0xff, 0x0,

    /* U+9032 "進" */
    0x20, 0x44, 0x6, 0x8, 0x80, 0x63, 0x18, 0x4,
    0x7f, 0xe0, 0x1f, 0xfc, 0xfb, 0x8, 0x2, 0xe1,
    0x0, 0xff, 0xfe, 0x31, 0x84, 0xc, 0x30, 0x83,
    0xf7, 0xff, 0x6, 0xc2, 0x0, 0x98, 0x40, 0x13,
    0xff, 0xc6, 0x7f, 0xf8, 0xc0, 0x0, 0x3c, 0x0,
    0x4, 0xe0, 0x1, 0x7, 0xff, 0x80,

    /* U+904B "運" */
    0x40, 0x0, 0x19, 0xff, 0xe3, 0x40, 0x8, 0x50,
    0x42, 0x1, 0xff, 0x3e, 0x4, 0x3, 0x3f, 0xf0,
    0x8c, 0x44, 0x63, 0x11, 0x30, 0xff, 0xcf, 0xb1,
    0x10, 0x4f, 0xfc, 0x10, 0x10, 0x5, 0xff, 0xf3,
    0x1, 0x0, 0xc0, 0x40, 0x68, 0x0, 0x11, 0x80,
    0xc, 0x3f, 0xfc,

    /* U+9053 "道" */
    0x20, 0x1, 0x6, 0x8, 0x20, 0x41, 0x88, 0x5,
    0xff, 0xf0, 0x1, 0x80, 0xf8, 0x30, 0x2, 0x3f,
    0xe0, 0xc4, 0x4, 0x30, 0x80, 0x8c, 0x1f, 0xf1,
    0xf2, 0x2, 0x6, 0x7f, 0xc0, 0x88, 0x8, 0x11,
    0x1, 0x6, 0x3f, 0xe0, 0xc0, 0x0, 0x3c, 0x0,
    0x4, 0xe0, 0x1, 0x87, 0xff, 0x80,

    /* U+9060 "遠" */
    0x0, 0x0, 0x18, 0x4, 0x3, 0x1f, 0xf8, 0x40,
    0x40, 0x7, 0xff, 0xfe, 0x0, 0x1, 0x0, 0x0,
    0xc7, 0xfc, 0x21, 0x1, 0x10, 0x40, 0x4f, 0x9f,
    0xf8, 0x61, 0x86, 0x18, 0xd9, 0x4, 0x73, 0xc1,
    0x7c, 0x30, 0xc3, 0x66, 0x38, 0xe0, 0x93, 0x40,
    0xc, 0x3f, 0xfc,

    /* U+9077 "遷" */
    0x40, 0x0, 0x19, 0xff, 0xf3, 0x4, 0x40, 0x4f,
    0xfe, 0x2, 0x44, 0xbe, 0x91, 0x21, 0x3f, 0xf8,
    0xc0, 0x80, 0x27, 0xff, 0xfe, 0x7f, 0x8f, 0xbf,
    0xf8, 0x7e, 0xb, 0x11, 0x82, 0x4, 0x67, 0x3,
    0x18, 0x8, 0xc3, 0xfc, 0x68, 0x0, 0x11, 0x80,
    0xc, 0x1f, 0xfc,

    /* U+9084 "還" */
    0x0, 0x0, 0xc, 0x7f, 0xf0, 0xc8, 0x92, 0x19,
    0x12, 0x40, 0x3f, 0xf9, 0xf0, 0x0, 0x3d, 0xff,
    0xf1, 0x80, 0x0, 0x21, 0xff, 0xc, 0x30, 0x23,
    0xe7, 0xfc, 0x4c, 0x18, 0x41, 0xc, 0xd8, 0x27,
    0x8e, 0xd, 0x92, 0xc1, 0x83, 0xcc, 0x78, 0xe0,
    0x89, 0xd0, 0x3, 0xf, 0xff, 0x0,

    /* U+90A3 "那" */
    0xff, 0x9f, 0x88, 0xc8, 0x44, 0x64, 0x42, 0x32,
    0x21, 0x19, 0x37, 0xfc, 0x90, 0x46, 0x58, 0x23,
    0x24, 0x11, 0x91, 0x8, 0xc8, 0xff, 0xe4, 0x26,
    0x32, 0x12, 0x19, 0x9, 0xc, 0x84, 0x86, 0x5c,
    0x83, 0x20, 0xc1, 0x10, 0x43, 0x88, 0x0,

    /* U+90E8 "部" */
    0xc, 0x0, 0x2, 0xf, 0xdf, 0xf4, 0x64, 0x12,
    0x23, 0x19, 0x10, 0x88, 0x98, 0x4c, 0x49, 0xff,
    0xa6, 0x0, 0x11, 0x0, 0x8, 0xdf, 0xf4, 0x2c,
    0x1a, 0x16, 0xd, 0xb, 0x6, 0xbd, 0x83, 0x58,
    0xff, 0xa0, 0x60, 0xd0, 0x30, 0x68, 0x0,

    /* U+90F5 "郵" */
    0x0, 0xc0, 0x1f, 0xf3, 0xf0, 0x40, 0x84, 0x10,
    0x23, 0xff, 0xe8, 0x81, 0x2, 0x62, 0x48, 0x98,
    0x92, 0x24, 0xf5, 0xc9, 0x89, 0x22, 0x22, 0x48,
    0x8c, 0x10, 0x21, 0x4, 0x8, 0x5f, 0xf2, 0x10,
    0x40, 0x84, 0x11, 0x2e, 0x7f, 0xc8, 0x1c, 0x2,
    0x0, 0x0, 0x80,

    /* U+9109 "鄉" */
    0x10, 0x80, 0xc, 0x31, 0xf3, 0x3f, 0x44, 0x8c,
    0xd3, 0x6f, 0x34, 0x92, 0xcd, 0x2f, 0xbf, 0x58,
    0x4c, 0xd4, 0x23, 0x35, 0x99, 0xcd, 0x2c, 0x7f,
    0x47, 0xfc, 0x11, 0x8b, 0x44, 0x42, 0xd9, 0x11,
    0xb2, 0x44, 0xcc, 0xd6, 0x23, 0xd4, 0x30, 0x87,
    0x0, 0x0, 0x40,

    /* U+91CC "里" */
    0x3f, 0xff, 0x8f, 0xff, 0xe3, 0xc, 0x18, 0xc3,
    0x6, 0x3f, 0xff, 0x8c, 0x30, 0x63, 0xc, 0x18,
    0xc3, 0x6, 0x3f, 0xff, 0x80, 0x30, 0x0, 0xc,
    0x0, 0x3, 0x0, 0x7f, 0xff, 0x80, 0x30, 0x0,
    0xc, 0x0, 0x3, 0x0, 0xff, 0xff, 0xff, 0xff,
    0xf0,

    /* U+91CD "重" */
    0x1, 0xff, 0xf, 0xfe, 0x0, 0xc, 0x3, 0xff,
    0xff, 0x0, 0xc0, 0xf, 0xff, 0xc2, 0xc, 0x30,
    0x83, 0xc, 0x3f, 0xff, 0x8, 0x30, 0xc3, 0xff,
    0xf0, 0x3, 0x0, 0x0, 0xc0, 0x1f, 0xff, 0xe0,
    0xc, 0x0, 0x3, 0x0, 0xff, 0xff, 0xff, 0xff,
    0xf0,

    /* U+9280 "銀" */
    0x8, 0x0, 0x1, 0x8f, 0xf8, 0x79, 0x83, 0x19,
    0xb0, 0x66, 0x16, 0xc, 0xfc, 0xff, 0x8f, 0x98,
    0x30, 0x43, 0x6, 0x8, 0x60, 0xcf, 0xef, 0xf8,
    0x21, 0x90, 0x15, 0xb2, 0x72, 0xa6, 0x78, 0x54,
    0xc6, 0xa, 0x98, 0xc0, 0x7b, 0xc, 0x7e, 0x7c,
    0xcc, 0xe, 0x8, 0x0, 0x0, 0x0,

    /* U+92B7 "銷" */
    0x10, 0x8, 0xc, 0x62, 0x33, 0x8c, 0x99, 0xb3,
    0x24, 0xc6, 0x6a, 0x3f, 0x2, 0xf, 0xdf, 0xf8,
    0x46, 0x6, 0x11, 0x81, 0xbf, 0xee, 0x61, 0x18,
    0xda, 0x5e, 0x6, 0x95, 0x83, 0x95, 0x6f, 0xe5,
    0x5b, 0x19, 0x46, 0x6, 0x1f, 0x81, 0xbe, 0x40,
    0x68, 0x10, 0x78,

    /* U+92FC "鋼" */
    0x8, 0x0, 0x3, 0xf, 0xfc, 0x79, 0x1, 0x91,
    0xa8, 0xb6, 0x14, 0x96, 0xfc, 0x94, 0xc2, 0x1f,
    0xf8, 0x43, 0xff, 0x8, 0x55, 0xef, 0xea, 0xbc,
    0x21, 0x57, 0xb5, 0x2a, 0xf2, 0xa5, 0x5e, 0x54,
    0xbf, 0xca, 0x17, 0xf8, 0x4a, 0x3, 0x1f, 0x40,
    0x6f, 0x88, 0xc, 0x1, 0x7, 0x0,

    /* U+932F "錯" */
    0x8, 0x11, 0x2, 0x4, 0x41, 0xe1, 0x10, 0xcd,
    0xff, 0x61, 0x11, 0x1f, 0x84, 0x43, 0xe1, 0x10,
    0x21, 0xff, 0x8, 0x7f, 0xdf, 0xc0, 0x0, 0x87,
    0xfd, 0x29, 0x83, 0x2a, 0x60, 0xca, 0x9f, 0xf2,
    0xa6, 0xc, 0x2d, 0x83, 0x3f, 0x60, 0xdc, 0x1f,
    0xf0, 0x6, 0xc,

    /* U+93AE "鎮" */
    0x10, 0xc, 0x4, 0x2, 0x3, 0xcf, 0xfd, 0x98,
    0x20, 0xc2, 0x18, 0x3f, 0x3f, 0xe7, 0xcc, 0x8,
    0x43, 0xfe, 0x10, 0xc0, 0xbf, 0xbf, 0xe1, 0xc,
    0x9, 0x53, 0xfe, 0x54, 0xc0, 0x95, 0x7f, 0xf5,
    0x5f, 0xfc, 0x58, 0x88, 0x7c, 0xe3, 0xb0, 0xf0,
    0x30, 0x10, 0x0,

    /* U+9577 "長" */
    0x1f, 0xfe, 0x4, 0x0, 0x1, 0x0, 0x0, 0x7f,
    0xf0, 0x10, 0x0, 0x4, 0x0, 0x1, 0xff, 0xc0,
    0x40, 0x0, 0xff, 0xff, 0xbf, 0xff, 0xe1, 0x8,
    0x0, 0x43, 0x1c, 0x10, 0x7c, 0x4, 0xc, 0x1,
    0x9, 0xc0, 0x7e, 0x3c, 0x38, 0x3, 0x80,

    /* U+9580 "門" */
    0xff, 0x7f, 0xe1, 0xb0, 0xf0, 0xd8, 0x7f, 0xef,
    0xfc, 0x36, 0x1e, 0x1b, 0xf, 0xfd, 0xff, 0x80,
    0x3, 0xc0, 0x1, 0xe0, 0x0, 0xf0, 0x0, 0x78,
    0x0, 0x3c, 0x0, 0x1e, 0x0, 0xf, 0x0, 0x7,
    0x80, 0x3, 0xc0, 0x1, 0xe0, 0x7, 0x80,

    /* U+958B "開" */
    0xff, 0x7f, 0xe1, 0xb0, 0xf0, 0xd8, 0x7f, 0xef,
    0xfc, 0x36, 0x1e, 0x1b, 0xf, 0xfd, 0xff, 0x80,
    0x3, 0xcf, 0xf9, 0xe1, 0x10, 0xf0, 0x88, 0x78,
    0x44, 0x3d, 0xff, 0xde, 0x11, 0xf, 0x8, 0x87,
    0x88, 0x43, 0xc4, 0x21, 0xe4, 0x13, 0xc0,

    /* U+9593 "間" */
    0xff, 0x7f, 0xe1, 0xb0, 0xf0, 0xd8, 0x7f, 0xef,
    0xfc, 0x36, 0x1e, 0x1b, 0xf, 0xfd, 0xff, 0x80,
    0x3, 0xc0, 0x1, 0xe7, 0xfc, 0xf3, 0x6, 0x79,
    0x83, 0x3c, 0xff, 0x9e, 0x60, 0xcf, 0x30, 0x67,
    0x9f, 0xf3, 0xcc, 0x1, 0xe0, 0x3, 0x80,

    /* U+9662 "院" */
    0x0, 0x10, 0x7c, 0x8, 0x3e, 0x6, 0x13, 0x7f,
    0xf9, 0x30, 0xc, 0x98, 0x6, 0xc3, 0xfd, 0x20,
    0x0, 0x98, 0x0, 0x45, 0xff, 0xe2, 0xff, 0xf1,
    0xc, 0x88, 0x86, 0x45, 0x82, 0x22, 0x1, 0x11,
    0x1, 0x89, 0x81, 0x84, 0xc1, 0x82, 0x63, 0x1,
    0xe0,

    /* U+9670 "陰" */
    0x0, 0x30, 0x3e, 0xc, 0x8, 0x86, 0x82, 0x63,
    0x10, 0x93, 0x3, 0x25, 0xbf, 0x7b, 0x0, 0x2,
    0xcf, 0xf8, 0x90, 0x6, 0x22, 0x1, 0x8, 0x9f,
    0xf2, 0x20, 0x0, 0x88, 0x0, 0x2d, 0xff, 0xe8,
    0x4, 0x42, 0x3, 0x18, 0x81, 0x83, 0x20, 0xff,
    0xe8, 0x0, 0x8,

    /* U+9686 "隆" */
    0x0, 0x60, 0x3e, 0x10, 0x8, 0x8f, 0xf2, 0x67,
    0x8, 0x93, 0x44, 0x24, 0x8a, 0xb, 0x3, 0x82,
    0xc3, 0xb8, 0x97, 0x83, 0xa2, 0x3f, 0x88, 0x90,
    0x2, 0x24, 0x40, 0x8b, 0xff, 0x2d, 0x84, 0x8,
    0x1f, 0xf2, 0x0, 0x40, 0x80, 0x10, 0x21, 0xff,
    0xe8, 0x7f, 0xf8,

    /* U+968A "隊" */
    0x0, 0x2, 0x7c, 0xe3, 0x22, 0x31, 0x13, 0x9,
    0x9, 0x7f, 0xfc, 0x83, 0x2, 0xc3, 0x85, 0x67,
    0x66, 0x96, 0x16, 0x44, 0x3e, 0x22, 0x37, 0x11,
    0x73, 0x48, 0xa3, 0xa5, 0x83, 0x5a, 0x7, 0x27,
    0xe, 0x11, 0x80, 0x8, 0x40, 0x8, 0x20, 0x3c,
    0x0,

    /* U+96C4 "雄" */
    0x8, 0x1b, 0x1, 0x3, 0x20, 0x20, 0x44, 0x3f,
    0xdf, 0xf7, 0xfb, 0xfe, 0x30, 0xe2, 0x6, 0x14,
    0x40, 0x94, 0x88, 0x16, 0x1f, 0xe6, 0xc2, 0x20,
    0x90, 0x44, 0x32, 0x88, 0x86, 0xd1, 0xff, 0x93,
    0x22, 0x6, 0x64, 0x40, 0xbc, 0x88, 0x1e, 0x9f,
    0xe0, 0x1b, 0xfc, 0x0, 0x40, 0x0,

    /* U+96E8 "雨" */
    0xff, 0xff, 0xff, 0xff, 0xc0, 0x20, 0x0, 0x10,
    0x0, 0x8, 0x3, 0xff, 0xfd, 0x2, 0x6, 0xa1,
    0xb, 0x58, 0x8d, 0xa3, 0x4c, 0xd0, 0xa8, 0x68,
    0x10, 0x34, 0x2a, 0x1a, 0x35, 0x8d, 0x32, 0x76,
    0xb1, 0xb, 0x40, 0x81, 0xa0, 0x47, 0x80,

    /* U+96EA "雪" */
    0x7f, 0xff, 0x3f, 0xff, 0x80, 0x20, 0x1f, 0xff,
    0xe8, 0x8, 0x15, 0xe4, 0xfa, 0x2, 0x84, 0xd,
    0x60, 0x78, 0x8e, 0x0, 0x1, 0x0, 0x0, 0x7,
    0xff, 0xc0, 0x0, 0x60, 0x0, 0x33, 0xff, 0xfe,
    0x0, 0xc, 0x0, 0x6, 0x1f, 0xff, 0x0,

    /* U+96FB "電" */
    0x7f, 0xff, 0x0, 0x20, 0xf, 0xff, 0xfa, 0x82,
    0x16, 0x9c, 0xb9, 0xa0, 0x20, 0x67, 0xcb, 0xc0,
    0x82, 0x10, 0x7f, 0xfe, 0x1f, 0xff, 0x86, 0x8,
    0x61, 0xff, 0xf8, 0x60, 0x86, 0x18, 0x21, 0x87,
    0xff, 0xe9, 0x82, 0x3, 0x0, 0x80, 0x80, 0x1f,
    0xe0,

    /* U+9727 "霧" */
    0x7f, 0xff, 0x80, 0x18, 0x1, 0xff, 0xff, 0xac,
    0x61, 0x34, 0x7d, 0xc6, 0x8d, 0xb8, 0xc6, 0x30,
    0xc0, 0x0, 0x80, 0x7f, 0x3f, 0xe6, 0xce, 0x33,
    0xfc, 0x3c, 0x7f, 0xfd, 0xf1, 0x90, 0x82, 0x56,
    0xff, 0x9a, 0x2, 0x36, 0x40, 0xc6, 0x8, 0x31,
    0x87, 0x18, 0xf0,

    /* U+9762 "面" */
    0xff, 0xff, 0xc0, 0x30, 0x0, 0x8, 0x1, 0xff,
    0xfe, 0x7f, 0xff, 0x99, 0x84, 0x66, 0x61, 0x19,
    0x9f, 0xc6, 0x66, 0x11, 0x99, 0x84, 0x66, 0x61,
    0x19, 0x9f, 0xc6, 0x66, 0x11, 0x99, 0x84, 0x67,
    0xff, 0xf9, 0xff, 0xfe, 0x60, 0x1, 0x80,

    /* U+97F3 "音" */
    0x0, 0x80, 0x0, 0x30, 0x7, 0xff, 0xf8, 0x30,
    0x10, 0xc, 0xc, 0x1, 0x2, 0x0, 0x61, 0x83,
    0xff, 0xff, 0x0, 0x0, 0x0, 0x0, 0x1, 0xff,
    0xe0, 0x40, 0x8, 0x10, 0x2, 0x7, 0xff, 0x81,
    0x0, 0x20, 0x40, 0x8, 0x10, 0x2, 0x7, 0xff,
    0x81, 0x0, 0x20,

    /* U+9810 "預" */
    0xff, 0xff, 0xc1, 0x83, 0x4, 0xc0, 0x81, 0xe1,
    0xfe, 0x38, 0x40, 0x83, 0x10, 0x2f, 0xff, 0xfb,
    0xfd, 0xfe, 0x13, 0x40, 0x84, 0xd0, 0x21, 0x27,
    0xf8, 0x41, 0x2, 0x10, 0x40, 0x84, 0x1f, 0xe1,
    0x0, 0x0, 0x40, 0xcc, 0x10, 0xe1, 0x9c, 0x60,
    0x30,

    /* U+985E "類" */
    0x49, 0x7f, 0xda, 0xc3, 0x0, 0xa0, 0xc0, 0x20,
    0x20, 0xff, 0xbf, 0x82, 0x8, 0x22, 0xe2, 0x9,
    0xac, 0xfe, 0xc8, 0x20, 0x82, 0x88, 0x20, 0x93,
    0xfb, 0xfe, 0x82, 0xff, 0xa0, 0x82, 0xf, 0xe1,
    0xc0, 0x0, 0xcc, 0x6c, 0xe1, 0x70, 0xc0, 0x10,
    0x10,

    /* U+98A8 "風" */
    0x3f, 0xff, 0x86, 0x0, 0x30, 0xc0, 0x6, 0x1b,
    0xfe, 0xc3, 0x7f, 0xd8, 0x60, 0x83, 0xc, 0xfe,
    0x61, 0x92, 0x4c, 0x32, 0x49, 0x86, 0x49, 0x30,
    0xc9, 0x26, 0x19, 0xfc, 0xc3, 0x4, 0x18, 0x40,
    0x93, 0x5b, 0xff, 0x6b, 0x7f, 0x3d, 0xc0, 0x6,
    0xa8, 0x0, 0x18,

    /* U+98EF "飯" */
    0x8, 0x0, 0x3, 0x0, 0x0, 0x59, 0xff, 0x31,
    0xb0, 0xd, 0xc6, 0x1, 0x0, 0xc0, 0x1f, 0xdf,
    0xf3, 0x1b, 0xc6, 0x63, 0x78, 0xcf, 0xed, 0x31,
    0x8d, 0xa6, 0x31, 0xb6, 0xc7, 0xf6, 0x70, 0xc0,
    0xce, 0x19, 0x99, 0xc3, 0x32, 0x68, 0x7f, 0xdd,
    0xcc, 0x77, 0x1c, 0x0, 0x0, 0x0,

    /* U+98F2 "飲" */
    0xc, 0x10, 0x7, 0x84, 0x3, 0x31, 0x1, 0x82,
    0xc0, 0xde, 0x3f, 0xe0, 0x8, 0x37, 0xfa, 0xc9,
    0x87, 0x32, 0x61, 0xcd, 0x9f, 0xe3, 0x6, 0x18,
    0xc1, 0x86, 0x30, 0x7f, 0x9c, 0x18, 0x7, 0x86,
    0x31, 0xa1, 0x8c, 0xcc, 0x7f, 0xa1, 0xbc, 0x30,
    0x30, 0x0, 0x0,

    /* U+990A "養" */
    0x2, 0x3, 0x0, 0x20, 0x60, 0x3f, 0xff, 0xc0,
    0x6, 0x0, 0x1f, 0xff, 0x80, 0x6, 0x0, 0x7f,
    0xff, 0xe7, 0xff, 0xfe, 0x7, 0xfb, 0x1, 0xc0,
    0x18, 0x77, 0xff, 0xe6, 0x60, 0x32, 0x7, 0xff,
    0x0, 0x60, 0x30, 0x7, 0xff, 0x40, 0x63, 0x18,
    0x6, 0xce, 0x0, 0xfc, 0x3c, 0x8, 0x0, 0x40,

    /* U+9910 "餐" */
    0x6, 0x0, 0x0, 0xff, 0xf8, 0x38, 0x6, 0xf,
    0xcd, 0xc2, 0x18, 0x71, 0xe6, 0x9f, 0x3, 0x3e,
    0x33, 0xcd, 0x80, 0x47, 0xfe, 0x3, 0x80, 0x79,
    0xdf, 0xff, 0x82, 0x1, 0x80, 0x7f, 0xf0, 0x8,
    0x6, 0x1, 0xff, 0xe0, 0x23, 0xc, 0x4, 0x1f,
    0x1, 0xf8, 0x70, 0x20, 0x3, 0x0,

    /* U+9A57 "驗" */
    0x0, 0x6, 0xf, 0xe1, 0x81, 0xfc, 0x28, 0x32,
    0x8, 0xc6, 0x46, 0xc, 0xff, 0xff, 0xd9, 0x0,
    0x3, 0xfb, 0xde, 0x64, 0x4a, 0x4c, 0x89, 0x49,
    0xfd, 0x29, 0x3f, 0xbd, 0xe0, 0x50, 0x0, 0xba,
    0x63, 0x16, 0xc8, 0x42, 0xa9, 0x88, 0x91, 0x7b,
    0xd0, 0x29, 0x4c, 0x1e, 0x18, 0x0,

    /* U+9AA8 "骨" */
    0x1f, 0xfc, 0x10, 0xc, 0x10, 0xc, 0x11, 0xfc,
    0x11, 0xc, 0xff, 0xff, 0xff, 0xff, 0x80, 0x1,
    0x9f, 0xfd, 0x10, 0x4, 0x17, 0x84, 0x10, 0xf4,
    0x10, 0x4, 0x10, 0xfc, 0x3f, 0xc4, 0x28, 0x4,
    0x60, 0x4, 0x60, 0x38,

    /* U+9AD4 "體" */
    0x0, 0x12, 0x1f, 0x9f, 0xe4, 0x67, 0xf9, 0x19,
    0x4a, 0x5e, 0x7f, 0x95, 0x94, 0xa5, 0x65, 0x2b,
    0xfd, 0xfe, 0x83, 0x0, 0x3f, 0xff, 0xf4, 0x60,
    0x1, 0xd9, 0xfe, 0x5e, 0x40, 0x91, 0x90, 0x24,
    0xe7, 0xf9, 0xd8, 0x84, 0x66, 0x33, 0x31, 0x84,
    0x89, 0xcf, 0xfc,

    /* U+9AD8 "高" */
    0x0, 0xc0, 0x0, 0x30, 0xf, 0xff, 0xfc, 0x0,
    0x0, 0x0, 0x0, 0x7, 0xff, 0x81, 0x80, 0x60,
    0x60, 0x18, 0x1f, 0xfe, 0x0, 0x0, 0x7, 0xff,
    0xf9, 0x0, 0x2, 0x47, 0xf8, 0x91, 0x2, 0x24,
    0x40, 0x89, 0x1f, 0xe2, 0x44, 0x0, 0x90, 0x0,
    0x24, 0x0, 0x78,

    /* U+9BAE "鮮" */
    0x30, 0x20, 0x88, 0xc, 0x63, 0xe1, 0x11, 0x98,
    0x6c, 0x4c, 0x7f, 0xdf, 0xdf, 0xff, 0xf0, 0x43,
    0x24, 0x10, 0x49, 0x4, 0x1f, 0xcf, 0xe4, 0x90,
    0x41, 0x24, 0x10, 0x7f, 0x7f, 0xc0, 0x41, 0x5,
    0xd0, 0x41, 0x56, 0x10, 0x54, 0xc4, 0x25, 0xa1,
    0x8, 0x0, 0x40,

    /* U+9DAF "鶯" */
    0xc, 0xc, 0x9a, 0x4b, 0x62, 0xc2, 0xc0, 0x4c,
    0xec, 0x61, 0x20, 0x9f, 0xff, 0xf4, 0x8, 0xd,
    0x7f, 0xfb, 0x18, 0x6, 0x7, 0xff, 0x81, 0x80,
    0x60, 0x7f, 0xf8, 0x18, 0x0, 0x7, 0xff, 0xf1,
    0xff, 0xf8, 0x0, 0x6, 0x26, 0xc9, 0x99, 0x93,
    0x64, 0x20, 0x70,

    /* U+9EB5 "麵" */
    0x8, 0x0, 0x2, 0x1f, 0xff, 0xf0, 0x40, 0x20,
    0x10, 0x2a, 0x7f, 0xda, 0xdf, 0xfb, 0xd6, 0xac,
    0x79, 0xbb, 0x73, 0x6a, 0xf4, 0x5a, 0xb1, 0x6,
    0xad, 0xfd, 0xbb, 0x62, 0x6a, 0xf9, 0x9a, 0xbe,
    0x47, 0xfc, 0x71, 0xff, 0x18, 0x0, 0xd, 0x80,
    0xe, 0x1f, 0xfc,

    /* U+9EDE "點" */
    0x7f, 0x80, 0xf, 0xf0, 0xc1, 0x22, 0x18, 0x35,
    0xc3, 0x6, 0xa8, 0x60, 0xd5, 0xf, 0xd2, 0x21,
    0x83, 0xfc, 0x30, 0x8, 0x6, 0x1f, 0xff, 0xf8,
    0x21, 0xff, 0x4, 0x30, 0x6f, 0xfe, 0xd, 0xff,
    0xc1, 0x90, 0x38, 0x32, 0xb7, 0x6, 0xd2, 0x7f,
    0xda, 0xc, 0x18, 0x1, 0x83, 0x0,

    /* U+9F3B "鼻" */
    0x0, 0x0, 0x0, 0x30, 0x1, 0xff, 0xf0, 0x60,
    0x1c, 0x1f, 0xff, 0x7, 0xff, 0xc1, 0x80, 0x70,
    0x7f, 0xfc, 0x0, 0x0, 0xf, 0xff, 0xe2, 0x4,
    0x8, 0xff, 0xfe, 0x3f, 0xff, 0x80, 0x0, 0xf,
    0xff, 0xff, 0xff, 0xff, 0xc, 0x8, 0x6, 0x2,
    0x6, 0x0, 0x80,

    /* U+FF01 "！" */
    0xff, 0xff, 0xf0, 0x3c,

    /* U+FF03 "＃" */
    0xc, 0x20, 0x31, 0x80, 0x84, 0x2, 0x10, 0x7f,
    0xfc, 0x21, 0x0, 0x84, 0x2, 0x10, 0x18, 0xc3,
    0xff, 0xe1, 0x8, 0x4, 0x20, 0x10, 0x80, 0x42,
    0x0,

    /* U+FF05 "％" */
    0x78, 0x18, 0x24, 0x8, 0x21, 0xc, 0x10, 0x8c,
    0x8, 0x44, 0x4, 0x26, 0x2, 0x12, 0x38, 0x93,
    0x22, 0x79, 0x20, 0x81, 0x90, 0x40, 0x88, 0x20,
    0xc4, 0x10, 0x42, 0x8, 0x60, 0x88, 0x20, 0x38,

    /* U+FF06 "＆" */
    0xe, 0x1, 0x10, 0x31, 0x3, 0x10, 0x33, 0x1,
    0x60, 0x1c, 0x3, 0xc3, 0x7e, 0x3e, 0x72, 0xc3,
    0xec, 0x1c, 0xc0, 0xe6, 0x17, 0x3e, 0x10,

    /* U+FF08 "（" */
    0x19, 0x88, 0x84, 0x62, 0x10, 0x84, 0x21, 0x8,
    0x21, 0xc, 0x21, 0x84,

    /* U+FF09 "）" */
    0xc3, 0x8, 0x61, 0x8, 0x21, 0x8, 0x42, 0x10,
    0x88, 0x46, 0x23, 0x10,

    /* U+FF0A "＊" */
    0x2, 0x0, 0x10, 0x0, 0x81, 0x4, 0x1e, 0x23,
    0x99, 0x30, 0x3e, 0x0, 0xe0, 0xf, 0x81, 0x93,
    0x38, 0x8f, 0x4, 0x10, 0x20, 0x1, 0x0, 0x8,
    0x0,

    /* U+FF0B "＋" */
    0x1, 0x0, 0x2, 0x0, 0x4, 0x0, 0x8, 0x0,
    0x10, 0x0, 0x20, 0x3f, 0xff, 0xff, 0xff, 0x1,
    0x0, 0x2, 0x0, 0x4, 0x0, 0x8, 0x0, 0x10,
    0x0, 0x20, 0x0,

    /* U+FF0C "，" */
    0x67, 0x71, 0x36, 0x40,

    /* U+FF0D "－" */
    0xff, 0xfe,

    /* U+FF0F "／" */
    0x0, 0x0, 0x40, 0x0, 0x30, 0x0, 0x18, 0x0,
    0xc, 0x0, 0x6, 0x0, 0x3, 0x0, 0x1, 0x80,
    0x0, 0xc0, 0x0, 0x60, 0x0, 0x30, 0x0, 0x18,
    0x0, 0xc, 0x0, 0x6, 0x0, 0x3, 0x0, 0x1,
    0x80, 0x0, 0xc0, 0x0, 0x60, 0x0, 0x30, 0x0,
    0x8, 0x0, 0x0,

    /* U+FF1A "：" */
    0xff, 0x80, 0x0, 0x3, 0xfe,

    /* U+FF1B "；" */
    0x77, 0x70, 0x0, 0x0, 0x3, 0x33, 0x11, 0x24,

    /* U+FF1D "＝" */
    0xff, 0xfe, 0x0, 0x0, 0x0, 0x0, 0x0, 0xf,
    0xff, 0xe0,

    /* U+FF1F "？" */
    0x3f, 0x38, 0x68, 0xc, 0x3, 0x0, 0xc0, 0xe0,
    0x70, 0x30, 0xc, 0x6, 0x0, 0x0, 0x0, 0x0,
    0x7, 0x1, 0xc0,

    /* U+FF20 "＠" */
    0x3, 0xf0, 0xc, 0xc, 0x10, 0x6, 0x20, 0x2,
    0x61, 0xc3, 0x43, 0x31, 0xc2, 0x31, 0x84, 0x21,
    0x84, 0x21, 0x84, 0x21, 0x84, 0x62, 0x86, 0xe6,
    0x83, 0xbc, 0x40, 0x0, 0x40, 0x0, 0x20, 0x0,
    0x18, 0x30, 0x7, 0xe0,

    /* U+FF3C "＼" */
    0x80, 0x0, 0x30, 0x0, 0x6, 0x0, 0x0, 0xc0,
    0x0, 0x18, 0x0, 0x3, 0x0, 0x0, 0x60, 0x0,
    0xc, 0x0, 0x1, 0x80, 0x0, 0x30, 0x0, 0x6,
    0x0, 0x0, 0xc0, 0x0, 0x18, 0x0, 0x3, 0x0,
    0x0, 0x60, 0x0, 0xc, 0x0, 0x1, 0x80, 0x0,
    0x30, 0x0, 0x4,

    /* U+FF5E "～" */
    0x1e, 0x0, 0x18, 0x60, 0x34, 0xc, 0xb, 0x1,
    0x86, 0x0, 0x1e, 0x0
};


/*---------------------
 *  GLYPH DESCRIPTION
 *--------------------*/

static const lv_font_fmt_txt_glyph_dsc_t glyph_dsc[] = {
    {.bitmap_index = 0, .adv_w = 0, .box_w = 0, .box_h = 0, .ofs_x = 0, .ofs_y = 0} /* id = 0 reserved */,
    {.bitmap_index = 0, .adv_w = 72, .box_w = 1, .box_h = 1, .ofs_x = 0, .ofs_y = 0},
    {.bitmap_index = 1, .adv_w = 103, .box_w = 2, .box_h = 14, .ofs_x = 2, .ofs_y = 0},
    {.bitmap_index = 5, .adv_w = 152, .box_w = 6, .box_h = 5, .ofs_x = 2, .ofs_y = 11},
    {.bitmap_index = 9, .adv_w = 178, .box_w = 10, .box_h = 14, .ofs_x = 1, .ofs_y = 0},
    {.bitmap_index = 27, .adv_w = 178, .box_w = 9, .box_h = 19, .ofs_x = 1, .ofs_y = -2},
    {.bitmap_index = 49, .adv_w = 295, .box_w = 17, .box_h = 14, .ofs_x = 1, .ofs_y = 0},
    {.bitmap_index = 79, .adv_w = 218, .box_w = 12, .box_h = 14, .ofs_x = 1, .ofs_y = 0},
    {.bitmap_index = 100, .adv_w = 89, .box_w = 2, .box_h = 5, .ofs_x = 2, .ofs_y = 11},
    {.bitmap_index = 102, .adv_w = 108, .box_w = 5, .box_h = 20, .ofs_x = 2, .ofs_y = -4},
    {.bitmap_index = 115, .adv_w = 108, .box_w = 5, .box_h = 20, .ofs_x = 0, .ofs_y = -4},
    {.bitmap_index = 128, .adv_w = 149, .box_w = 7, .box_h = 6, .ofs_x = 1, .ofs_y = 10},
    {.bitmap_index = 134, .adv_w = 178, .box_w = 10, .box_h = 10, .ofs_x = 1, .ofs_y = 2},
    {.bitmap_index = 147, .adv_w = 89, .box_w = 4, .box_h = 5, .ofs_x = 1, .ofs_y = -4},
    {.bitmap_index = 150, .adv_w = 111, .box_w = 5, .box_h = 1, .ofs_x = 1, .ofs_y = 5},
    {.bitmap_index = 151, .adv_w = 89, .box_w = 2, .box_h = 1, .ofs_x = 1, .ofs_y = 0},
    {.bitmap_index = 152, .adv_w = 125, .box_w = 8, .box_h = 19, .ofs_x = 0, .ofs_y = -3},
    {.bitmap_index = 171, .adv_w = 178, .box_w = 9, .box_h = 14, .ofs_x = 1, .ofs_y = 0},
    {.bitmap_index = 187, .adv_w = 178, .box_w = 8, .box_h = 14, .ofs_x = 2, .ofs_y = 0},
    {.bitmap_index = 201, .adv_w = 178, .box_w = 9, .box_h = 14, .ofs_x = 1, .ofs_y = 0},
    {.bitmap_index = 217, .adv_w = 178, .box_w = 9, .box_h = 14, .ofs_x = 1, .ofs_y = 0},
    {.bitmap_index = 233, .adv_w = 178, .box_w = 11, .box_h = 14, .ofs_x = 0, .ofs_y = 0},
    {.bitmap_index = 253, .adv_w = 178, .box_w = 9, .box_h = 14, .ofs_x = 1, .ofs_y = 0},
    {.bitmap_index = 269, .adv_w = 178, .box_w = 9, .box_h = 14, .ofs_x = 1, .ofs_y = 0},
    {.bitmap_index = 285, .adv_w = 178, .box_w = 9, .box_h = 14, .ofs_x = 1, .ofs_y = 0},
    {.bitmap_index = 301, .adv_w = 178, .box_w = 9, .box_h = 14, .ofs_x = 1, .ofs_y = 0},
    {.bitmap_index = 317, .adv_w = 178, .box_w = 9, .box_h = 14, .ofs_x = 1, .ofs_y = 0},
    {.bitmap_index = 333, .adv_w = 89, .box_w = 2, .box_h = 11, .ofs_x = 1, .ofs_y = 0},
    {.bitmap_index = 336, .adv_w = 89, .box_w = 3, .box_h = 15, .ofs_x = 1, .ofs_y = -4},
    {.bitmap_index = 342, .adv_w = 178, .box_w = 10, .box_h = 9, .ofs_x = 1, .ofs_y = 3},
    {.bitmap_index = 354, .adv_w = 178, .box_w = 10, .box_h = 6, .ofs_x = 1, .ofs_y = 5},
    {.bitmap_index = 362, .adv_w = 178, .box_w = 10, .box_h = 9, .ofs_x = 1, .ofs_y = 3},
    {.bitmap_index = 374, .adv_w = 152, .box_w = 7, .box_h = 14, .ofs_x = 1, .ofs_y = 0},
    {.bitmap_index = 387, .adv_w = 303, .box_w = 17, .box_h = 17, .ofs_x = 1, .ofs_y = -3},
    {.bitmap_index = 424, .adv_w = 195, .box_w = 13, .box_h = 14, .ofs_x = 0, .ofs_y = 0},
    {.bitmap_index = 447, .adv_w = 210, .box_w = 10, .box_h = 14, .ofs_x = 2, .ofs_y = 0},
    {.bitmap_index = 465, .adv_w = 204, .box_w = 11, .box_h = 14, .ofs_x = 1, .ofs_y = 0},
    {.bitmap_index = 485, .adv_w = 220, .box_w = 11, .box_h = 14, .ofs_x = 2, .ofs_y = 0},
    {.bitmap_index = 505, .adv_w = 188, .box_w = 9, .box_h = 14, .ofs_x = 2, .ofs_y = 0},
    {.bitmap_index = 521, .adv_w = 177, .box_w = 9, .box_h = 14, .ofs_x = 2, .ofs_y = 0},
    {.bitmap_index = 537, .adv_w = 220, .box_w = 11, .box_h = 14, .ofs_x = 1, .ofs_y = 0},
    {.bitmap_index = 557, .adv_w = 233, .box_w = 11, .box_h = 14, .ofs_x = 2, .ofs_y = 0},
    {.bitmap_index = 577, .adv_w = 94, .box_w = 2, .box_h = 14, .ofs_x = 2, .ofs_y = 0},
    {.bitmap_index = 581, .adv_w = 171, .box_w = 8, .box_h = 14, .ofs_x = 1, .ofs_y = 0},
    {.bitmap_index = 595, .adv_w = 207, .box_w = 11, .box_h = 14, .ofs_x = 2, .ofs_y = 0},
    {.bitmap_index = 615, .adv_w = 174, .box_w = 9, .box_h = 14, .ofs_x = 2, .ofs_y = 0},
    {.bitmap_index = 631, .adv_w = 260, .box_w = 12, .box_h = 14, .ofs_x = 2, .ofs_y = 0},
    {.bitmap_index = 652, .adv_w = 231, .box_w = 11, .box_h = 14, .ofs_x = 2, .ofs_y = 0},
    {.bitmap_index = 672, .adv_w = 237, .box_w = 13, .box_h = 14, .ofs_x = 1, .ofs_y = 0},
    {.bitmap_index = 695, .adv_w = 203, .box_w = 10, .box_h = 14, .ofs_x = 2, .ofs_y = 0},
    {.bitmap_index = 713, .adv_w = 237, .box_w = 13, .box_h = 17, .ofs_x = 1, .ofs_y = -3},
    {.bitmap_index = 741, .adv_w = 203, .box_w = 10, .box_h = 14, .ofs_x = 2, .ofs_y = 0},
    {.bitmap_index = 759, .adv_w = 191, .box_w = 10, .box_h = 14, .ofs_x = 1, .ofs_y = 0},
    {.bitmap_index = 777, .adv_w = 192, .box_w = 11, .box_h = 14, .ofs_x = 1, .ofs_y = 0},
    {.bitmap_index = 797, .adv_w = 231, .box_w = 11, .box_h = 14, .ofs_x = 2, .ofs_y = 0},
    {.bitmap_index = 817, .adv_w = 184, .box_w = 12, .box_h = 14, .ofs_x = 0, .ofs_y = 0},
    {.bitmap_index = 838, .adv_w = 281, .box_w = 16, .box_h = 14, .ofs_x = 1, .ofs_y = 0},
    {.bitmap_index = 866, .adv_w = 183, .box_w = 11, .box_h = 14, .ofs_x = 0, .ofs_y = 0},
    {.bitmap_index = 886, .adv_w = 170, .box_w = 10, .box_h = 14, .ofs_x = 0, .ofs_y = 0},
    {.bitmap_index = 904, .adv_w = 193, .box_w = 10, .box_h = 14, .ofs_x = 1, .ofs_y = 0},
    {.bitmap_index = 922, .adv_w = 108, .box_w = 5, .box_h = 19, .ofs_x = 2, .ofs_y = -3},
    {.bitmap_index = 934, .adv_w = 125, .box_w = 8, .box_h = 19, .ofs_x = 0, .ofs_y = -3},
    {.bitmap_index = 953, .adv_w = 108, .box_w = 5, .box_h = 19, .ofs_x = 0, .ofs_y = -3},
    {.bitmap_index = 965, .adv_w = 178, .box_w = 9, .box_h = 9, .ofs_x = 1, .ofs_y = 6},
    {.bitmap_index = 976, .adv_w = 179, .box_w = 11, .box_h = 1, .ofs_x = 1, .ofs_y = -3},
    {.bitmap_index = 978, .adv_w = 194, .box_w = 4, .box_h = 4, .ofs_x = 3, .ofs_y = 13},
    {.bitmap_index = 980, .adv_w = 180, .box_w = 9, .box_h = 11, .ofs_x = 1, .ofs_y = 0},
    {.bitmap_index = 993, .adv_w = 198, .box_w = 10, .box_h = 16, .ofs_x = 2, .ofs_y = 0},
    {.bitmap_index = 1013, .adv_w = 163, .box_w = 9, .box_h = 11, .ofs_x = 1, .ofs_y = 0},
    {.bitmap_index = 1026, .adv_w = 198, .box_w = 10, .box_h = 16, .ofs_x = 1, .ofs_y = 0},
    {.bitmap_index = 1046, .adv_w = 177, .box_w = 9, .box_h = 11, .ofs_x = 1, .ofs_y = 0},
    {.bitmap_index = 1059, .adv_w = 104, .box_w = 6, .box_h = 16, .ofs_x = 1, .ofs_y = 0},
    {.bitmap_index = 1071, .adv_w = 180, .box_w = 10, .box_h = 16, .ofs_x = 1, .ofs_y = -5},
    {.bitmap_index = 1091, .adv_w = 194, .box_w = 9, .box_h = 16, .ofs_x = 2, .ofs_y = 0},
    {.bitmap_index = 1109, .adv_w = 88, .box_w = 2, .box_h = 16, .ofs_x = 2, .ofs_y = 0},
    {.bitmap_index = 1113, .adv_w = 88, .box_w = 4, .box_h = 21, .ofs_x = 0, .ofs_y = -5},
    {.bitmap_index = 1124, .adv_w = 177, .box_w = 9, .box_h = 16, .ofs_x = 2, .ofs_y = 0},
    {.bitmap_index = 1142, .adv_w = 91, .box_w = 3, .box_h = 16, .ofs_x = 2, .ofs_y = 0},
    {.bitmap_index = 1148, .adv_w = 296, .box_w = 14, .box_h = 11, .ofs_x = 2, .ofs_y = 0},
    {.bitmap_index = 1168, .adv_w = 195, .box_w = 9, .box_h = 11, .ofs_x = 2, .ofs_y = 0},
    {.bitmap_index = 1181, .adv_w = 194, .box_w = 10, .box_h = 11, .ofs_x = 1, .ofs_y = 0},
    {.bitmap_index = 1195, .adv_w = 198, .box_w = 10, .box_h = 16, .ofs_x = 2, .ofs_y = -5},
    {.bitmap_index = 1215, .adv_w = 198, .box_w = 10, .box_h = 16, .ofs_x = 1, .ofs_y = -5},
    {.bitmap_index = 1235, .adv_w = 124, .box_w = 6, .box_h = 11, .ofs_x = 2, .ofs_y = 0},
    {.bitmap_index = 1244, .adv_w = 150, .box_w = 9, .box_h = 11, .ofs_x = 0, .ofs_y = 0},
    {.bitmap_index = 1257, .adv_w = 121, .box_w = 6, .box_h = 14, .ofs_x = 1, .ofs_y = 0},
    {.bitmap_index = 1268, .adv_w = 194, .box_w = 9, .box_h = 11, .ofs_x = 2, .ofs_y = 0},
    {.bitmap_index = 1281, .adv_w = 167, .box_w = 10, .box_h = 11, .ofs_x = 0, .ofs_y = 0},
    {.bitmap_index = 1295, .adv_w = 257, .box_w = 15, .box_h = 11, .ofs_x = 1, .ofs_y = 0},
    {.bitmap_index = 1316, .adv_w = 159, .box_w = 10, .box_h = 11, .ofs_x = 0, .ofs_y = 0},
    {.bitmap_index = 1330, .adv_w = 167, .box_w = 10, .box_h = 16, .ofs_x = 0, .ofs_y = -5},
    {.bitmap_index = 1350, .adv_w = 152, .box_w = 8, .box_h = 11, .ofs_x = 1, .ofs_y = 0},
    {.bitmap_index = 1361, .adv_w = 108, .box_w = 6, .box_h = 19, .ofs_x = 0, .ofs_y = -3},
    {.bitmap_index = 1376, .adv_w = 86, .box_w = 2, .box_h = 22, .ofs_x = 2, .ofs_y = -6},
    {.bitmap_index = 1382, .adv_w = 108, .box_w = 6, .box_h = 19, .ofs_x = 1, .ofs_y = -3},
    {.bitmap_index = 1397, .adv_w = 178, .box_w = 9, .box_h = 3, .ofs_x = 1, .ofs_y = 6},
    {.bitmap_index = 1401, .adv_w = 320, .box_w = 4, .box_h = 4, .ofs_x = 8, .ofs_y = 5},
    {.bitmap_index = 1403, .adv_w = 286, .box_w = 16, .box_h = 1, .ofs_x = 1, .ofs_y = 5},
    {.bitmap_index = 1405, .adv_w = 320, .box_w = 16, .box_h = 1, .ofs_x = 2, .ofs_y = 7},
    {.bitmap_index = 1407, .adv_w = 320, .box_w = 6, .box_h = 5, .ofs_x = 7, .ofs_y = 5},
    {.bitmap_index = 1411, .adv_w = 320, .box_w = 6, .box_h = 6, .ofs_x = 7, .ofs_y = 5},
    {.bitmap_index = 1416, .adv_w = 320, .box_w = 7, .box_h = 19, .ofs_x = 12, .ofs_y = -2},
    {.bitmap_index = 1433, .adv_w = 320, .box_w = 7, .box_h = 19, .ofs_x = 1, .ofs_y = -2},
    {.bitmap_index = 1450, .adv_w = 320, .box_w = 8, .box_h = 19, .ofs_x = 11, .ofs_y = -2},
    {.bitmap_index = 1469, .adv_w = 320, .box_w = 8, .box_h = 19, .ofs_x = 1, .ofs_y = -2},
    {.bitmap_index = 1488, .adv_w = 320, .box_w = 6, .box_h = 13, .ofs_x = 13, .ofs_y = 4},
    {.bitmap_index = 1498, .adv_w = 320, .box_w = 6, .box_h = 13, .ofs_x = 1, .ofs_y = -2},
    {.bitmap_index = 1508, .adv_w = 320, .box_w = 8, .box_h = 14, .ofs_x = 12, .ofs_y = 3},
    {.bitmap_index = 1522, .adv_w = 320, .box_w = 8, .box_h = 14, .ofs_x = 1, .ofs_y = -2},
    {.bitmap_index = 1536, .adv_w = 320, .box_w = 6, .box_h = 18, .ofs_x = 13, .ofs_y = -2},
    {.bitmap_index = 1550, .adv_w = 320, .box_w = 6, .box_h = 18, .ofs_x = 1, .ofs_y = -2},
    {.bitmap_index = 1564, .adv_w = 320, .box_w = 18, .box_h = 1, .ofs_x = 1, .ofs_y = 7},
    {.bitmap_index = 1567, .adv_w = 320, .box_w = 17, .box_h = 15, .ofs_x = 1, .ofs_y = 0},
    {.bitmap_index = 1599, .adv_w = 320, .box_w = 18, .box_h = 17, .ofs_x = 1, .ofs_y = -1},
    {.bitmap_index = 1638, .adv_w = 320, .box_w = 19, .box_h = 17, .ofs_x = 1, .ofs_y = -2},
    {.bitmap_index = 1679, .adv_w = 320, .box_w = 19, .box_h = 17, .ofs_x = 0, .ofs_y = -2},
    {.bitmap_index = 1720, .adv_w = 320, .box_w = 19, .box_h = 17, .ofs_x = 1, .ofs_y = 0},
    {.bitmap_index = 1761, .adv_w = 320, .box_w = 17, .box_h = 19, .ofs_x = 2, .ofs_y = -2},
    {.bitmap_index = 1802, .adv_w = 320, .box_w = 18, .box_h = 18, .ofs_x = 1, .ofs_y = -1},
    {.bitmap_index = 1843, .adv_w = 320, .box_w = 19, .box_h = 18, .ofs_x = 0, .ofs_y = -1},
    {.bitmap_index = 1886, .adv_w = 320, .box_w = 19, .box_h = 19, .ofs_x = 1, .ofs_y = -2},
    {.bitmap_index = 1932, .adv_w = 320, .box_w = 16, .box_h = 17, .ofs_x = 2, .ofs_y = -2},
    {.bitmap_index = 1966, .adv_w = 320, .box_w = 18, .box_h = 19, .ofs_x = 1, .ofs_y = -2},
    {.bitmap_index = 2009, .adv_w = 320, .box_w = 18, .box_h = 13, .ofs_x = 1, .ofs_y = 1},
    {.bitmap_index = 2039, .adv_w = 320, .box_w = 18, .box_h = 16, .ofs_x = 1, .ofs_y = -1},
    {.bitmap_index = 2075, .adv_w = 320, .box_w = 19, .box_h = 19, .ofs_x = 1, .ofs_y = -2},
    {.bitmap_index = 2121, .adv_w = 320, .box_w = 18, .box_h = 19, .ofs_x = 1, .ofs_y = -2},
    {.bitmap_index = 2164, .adv_w = 320, .box_w = 18, .box_h = 18, .ofs_x = 1, .ofs_y = -2},
    {.bitmap_index = 2205, .adv_w = 320, .box_w = 19, .box_h = 19, .ofs_x = 0, .ofs_y = -2},
    {.bitmap_index = 2251, .adv_w = 320, .box_w = 19, .box_h = 18, .ofs_x = 0, .ofs_y = -2},
    {.bitmap_index = 2294, .adv_w = 320, .box_w = 20, .box_h = 17, .ofs_x = 0, .ofs_y = -1},
    {.bitmap_index = 2337, .adv_w = 320, .box_w = 19, .box_h = 19, .ofs_x = 0, .ofs_y = -2},
    {.bitmap_index = 2383, .adv_w = 320, .box_w = 19, .box_h = 19, .ofs_x = 1, .ofs_y = -2},
    {.bitmap_index = 2429, .adv_w = 320, .box_w = 18, .box_h = 18, .ofs_x = 1, .ofs_y = -2},
    {.bitmap_index = 2470, .adv_w = 320, .box_w = 19, .box_h = 18, .ofs_x = 1, .ofs_y = -2},
    {.bitmap_index = 2513, .adv_w = 320, .box_w = 19, .box_h = 18, .ofs_x = 1, .ofs_y = -2},
    {.bitmap_index = 2556, .adv_w = 320, .box_w = 18, .box_h = 19, .ofs_x = 1, .ofs_y = -2},
    {.bitmap_index = 2599, .adv_w = 320, .box_w = 19, .box_h = 18, .ofs_x = 1, .ofs_y = -2},
    {.bitmap_index = 2642, .adv_w = 320, .box_w = 19, .box_h = 18, .ofs_x = 0, .ofs_y = -2},
    {.bitmap_index = 2685, .adv_w = 320, .box_w = 19, .box_h = 19, .ofs_x = 1, .ofs_y = -2},
    {.bitmap_index = 2731, .adv_w = 320, .box_w = 18, .box_h = 18, .ofs_x = 0, .ofs_y = -2},
    {.bitmap_index = 2772, .adv_w = 320, .box_w = 19, .box_h = 18, .ofs_x = 0, .ofs_y = -2},
    {.bitmap_index = 2815, .adv_w = 320, .box_w = 19, .box_h = 18, .ofs_x = 1, .ofs_y = -2},
    {.bitmap_index = 2858, .adv_w = 320, .box_w = 19, .box_h = 18, .ofs_x = 0, .ofs_y = -2},
    {.bitmap_index = 2901, .adv_w = 320, .box_w = 19, .box_h = 19, .ofs_x = 0, .ofs_y = -2},
    {.bitmap_index = 2947, .adv_w = 320, .box_w = 19, .box_h = 18, .ofs_x = 0, .ofs_y = -2},
    {.bitmap_index = 2990, .adv_w = 320, .box_w = 19, .box_h = 19, .ofs_x = 0, .ofs_y = -2},
    {.bitmap_index = 3036, .adv_w = 320, .box_w = 18, .box_h = 19, .ofs_x = 1, .ofs_y = -2},
    {.bitmap_index = 3079, .adv_w = 320, .box_w = 19, .box_h = 19, .ofs_x = 0, .ofs_y = -2},
    {.bitmap_index = 3125, .adv_w = 320, .box_w = 18, .box_h = 19, .ofs_x = 1, .ofs_y = -2},
    {.bitmap_index = 3168, .adv_w = 320, .box_w = 17, .box_h = 19, .ofs_x = 1, .ofs_y = -2},
    {.bitmap_index = 3209, .adv_w = 320, .box_w = 19, .box_h = 19, .ofs_x = 0, .ofs_y = -2},
    {.bitmap_index = 3255, .adv_w = 320, .box_w = 18, .box_h = 19, .ofs_x = 1, .ofs_y = -2},
    {.bitmap_index = 3298, .adv_w = 320, .box_w = 19, .box_h = 17, .ofs_x = 0, .ofs_y = -2},
    {.bitmap_index = 3339, .adv_w = 320, .box_w = 18, .box_h = 18, .ofs_x = 1, .ofs_y = -2},
    {.bitmap_index = 3380, .adv_w = 320, .box_w = 18, .box_h = 18, .ofs_x = 1, .ofs_y = -2},
    {.bitmap_index = 3421, .adv_w = 320, .box_w = 16, .box_h = 18, .ofs_x = 2, .ofs_y = -2},
    {.bitmap_index = 3457, .adv_w = 320, .box_w = 19, .box_h = 18, .ofs_x = 1, .ofs_y = -2},
    {.bitmap_index = 3500, .adv_w = 320, .box_w = 19, .box_h = 18, .ofs_x = 0, .ofs_y = -2},
    {.bitmap_index = 3543, .adv_w = 320, .box_w = 18, .box_h = 17, .ofs_x = 1, .ofs_y = -1},
    {.bitmap_index = 3582, .adv_w = 320, .box_w = 19, .box_h = 18, .ofs_x = 0, .ofs_y = -2},
    {.bitmap_index = 3625, .adv_w = 320, .box_w = 19, .box_h = 18, .ofs_x = 0, .ofs_y = -1},
    {.bitmap_index = 3668, .adv_w = 320, .box_w = 16, .box_h = 18, .ofs_x = 2, .ofs_y = -2},
    {.bitmap_index = 3704, .adv_w = 320, .box_w = 19, .box_h = 19, .ofs_x = 0, .ofs_y = -2},
    {.bitmap_index = 3750, .adv_w = 320, .box_w = 18, .box_h = 18, .ofs_x = 0, .ofs_y = -2},
    {.bitmap_index = 3791, .adv_w = 320, .box_w = 16, .box_h = 18, .ofs_x = 2, .ofs_y = -2},
    {.bitmap_index = 3827, .adv_w = 320, .box_w = 18, .box_h = 18, .ofs_x = 1, .ofs_y = -2},
    {.bitmap_index = 3868, .adv_w = 320, .box_w = 17, .box_h = 19, .ofs_x = 1, .ofs_y = -2},
    {.bitmap_index = 3909, .adv_w = 320, .box_w = 18, .box_h = 18, .ofs_x = 1, .ofs_y = -2},
    {.bitmap_index = 3950, .adv_w = 320, .box_w = 18, .box_h = 19, .ofs_x = 1, .ofs_y = -2},
    {.bitmap_index = 3993, .adv_w = 320, .box_w = 18, .box_h = 19, .ofs_x = 1, .ofs_y = -2},
    {.bitmap_index = 4036, .adv_w = 320, .box_w = 18, .box_h = 19, .ofs_x = 2, .ofs_y = -2},
    {.bitmap_index = 4079, .adv_w = 320, .box_w = 19, .box_h = 19, .ofs_x = 1, .ofs_y = -2},
    {.bitmap_index = 4125, .adv_w = 320, .box_w = 18, .box_h = 18, .ofs_x = 1, .ofs_y = -2},
    {.bitmap_index = 4166, .adv_w = 320, .box_w = 19, .box_h = 19, .ofs_x = 0, .ofs_y = -2},
    {.bitmap_index = 4212, .adv_w = 320, .box_w = 18, .box_h = 19, .ofs_x = 0, .ofs_y = -2},
    {.bitmap_index = 4255, .adv_w = 320, .box_w = 18, .box_h = 18, .ofs_x = 0, .ofs_y = -2},
    {.bitmap_index = 4296, .adv_w = 320, .box_w = 18, .box_h = 16, .ofs_x = 1, .ofs_y = 0},
    {.bitmap_index = 4332, .adv_w = 320, .box_w = 19, .box_h = 19, .ofs_x = 0, .ofs_y = -2},
    {.bitmap_index = 4378, .adv_w = 320, .box_w = 18, .box_h = 19, .ofs_x = 1, .ofs_y = -2},
    {.bitmap_index = 4421, .adv_w = 320, .box_w = 18, .box_h = 19, .ofs_x = 1, .ofs_y = -2},
    {.bitmap_index = 4464, .adv_w = 320, .box_w = 19, .box_h = 18, .ofs_x = 0, .ofs_y = -2},
    {.bitmap_index = 4507, .adv_w = 320, .box_w = 18, .box_h = 19, .ofs_x = 1, .ofs_y = -2},
    {.bitmap_index = 4550, .adv_w = 320, .box_w = 19, .box_h = 18, .ofs_x = 1, .ofs_y = -2},
    {.bitmap_index = 4593, .adv_w = 320, .box_w = 19, .box_h = 18, .ofs_x = 1, .ofs_y = -2},
    {.bitmap_index = 4636, .adv_w = 320, .box_w = 20, .box_h = 18, .ofs_x = 0, .ofs_y = -2},
    {.bitmap_index = 4681, .adv_w = 320, .box_w = 16, .box_h = 18, .ofs_x = 2, .ofs_y = -2},
    {.bitmap_index = 4717, .adv_w = 320, .box_w = 19, .box_h = 19, .ofs_x = 1, .ofs_y = -2},
    {.bitmap_index = 4763, .adv_w = 320, .box_w = 17, .box_h = 18, .ofs_x = 2, .ofs_y = -2},
    {.bitmap_index = 4802, .adv_w = 320, .box_w = 18, .box_h = 19, .ofs_x = 1, .ofs_y = -2},
    {.bitmap_index = 4845, .adv_w = 320, .box_w = 17, .box_h = 19, .ofs_x = 1, .ofs_y = -2},
    {.bitmap_index = 4886, .adv_w = 320, .box_w = 18, .box_h = 19, .ofs_x = 1, .ofs_y = -2},
    {.bitmap_index = 4929, .adv_w = 320, .box_w = 18, .box_h = 18, .ofs_x = 1, .ofs_y = -2},
    {.bitmap_index = 4970, .adv_w = 320, .box_w = 18, .box_h = 18, .ofs_x = 1, .ofs_y = -2},
    {.bitmap_index = 5011, .adv_w = 320, .box_w = 19, .box_h = 18, .ofs_x = 1, .ofs_y = -2},
    {.bitmap_index = 5054, .adv_w = 320, .box_w = 18, .box_h = 18, .ofs_x = 1, .ofs_y = -2},
    {.bitmap_index = 5095, .adv_w = 320, .box_w = 19, .box_h = 18, .ofs_x = 0, .ofs_y = -2},
    {.bitmap_index = 5138, .adv_w = 320, .box_w = 17, .box_h = 16, .ofs_x = 1, .ofs_y = -1},
    {.bitmap_index = 5172, .adv_w = 320, .box_w = 17, .box_h = 18, .ofs_x = 1, .ofs_y = -2},
    {.bitmap_index = 5211, .adv_w = 320, .box_w = 17, .box_h = 18, .ofs_x = 1, .ofs_y = -2},
    {.bitmap_index = 5250, .adv_w = 320, .box_w = 17, .box_h = 18, .ofs_x = 1, .ofs_y = -2},
    {.bitmap_index = 5289, .adv_w = 320, .box_w = 18, .box_h = 18, .ofs_x = 1, .ofs_y = -2},
    {.bitmap_index = 5330, .adv_w = 320, .box_w = 17, .box_h = 18, .ofs_x = 1, .ofs_y = -2},
    {.bitmap_index = 5369, .adv_w = 320, .box_w = 18, .box_h = 17, .ofs_x = 1, .ofs_y = -1},
    {.bitmap_index = 5408, .adv_w = 320, .box_w = 18, .box_h = 18, .ofs_x = 1, .ofs_y = -2},
    {.bitmap_index = 5449, .adv_w = 320, .box_w = 19, .box_h = 19, .ofs_x = 1, .ofs_y = -2},
    {.bitmap_index = 5495, .adv_w = 320, .box_w = 18, .box_h = 19, .ofs_x = 1, .ofs_y = -2},
    {.bitmap_index = 5538, .adv_w = 320, .box_w = 18, .box_h = 19, .ofs_x = 1, .ofs_y = -2},
    {.bitmap_index = 5581, .adv_w = 320, .box_w = 19, .box_h = 19, .ofs_x = 0, .ofs_y = -2},
    {.bitmap_index = 5627, .adv_w = 320, .box_w = 19, .box_h = 19, .ofs_x = 1, .ofs_y = -2},
    {.bitmap_index = 5673, .adv_w = 320, .box_w = 18, .box_h = 19, .ofs_x = 1, .ofs_y = -2},
    {.bitmap_index = 5716, .adv_w = 320, .box_w = 19, .box_h = 19, .ofs_x = 1, .ofs_y = -2},
    {.bitmap_index = 5762, .adv_w = 320, .box_w = 19, .box_h = 19, .ofs_x = 1, .ofs_y = -2},
    {.bitmap_index = 5808, .adv_w = 320, .box_w = 18, .box_h = 19, .ofs_x = 1, .ofs_y = -2},
    {.bitmap_index = 5851, .adv_w = 320, .box_w = 18, .box_h = 16, .ofs_x = 1, .ofs_y = 0},
    {.bitmap_index = 5887, .adv_w = 320, .box_w = 18, .box_h = 17, .ofs_x = 1, .ofs_y = -1},
    {.bitmap_index = 5926, .adv_w = 320, .box_w = 19, .box_h = 18, .ofs_x = 1, .ofs_y = -2},
    {.bitmap_index = 5969, .adv_w = 320, .box_w = 20, .box_h = 18, .ofs_x = 0, .ofs_y = -2},
    {.bitmap_index = 6014, .adv_w = 320, .box_w = 19, .box_h = 19, .ofs_x = 1, .ofs_y = -2},
    {.bitmap_index = 6060, .adv_w = 320, .box_w = 18, .box_h = 18, .ofs_x = 1, .ofs_y = -1},
    {.bitmap_index = 6101, .adv_w = 320, .box_w = 19, .box_h = 17, .ofs_x = 1, .ofs_y = -1},
    {.bitmap_index = 6142, .adv_w = 320, .box_w = 18, .box_h = 18, .ofs_x = 1, .ofs_y = -1},
    {.bitmap_index = 6183, .adv_w = 320, .box_w = 18, .box_h = 18, .ofs_x = 1, .ofs_y = -2},
    {.bitmap_index = 6224, .adv_w = 320, .box_w = 17, .box_h = 19, .ofs_x = 1, .ofs_y = -2},
    {.bitmap_index = 6265, .adv_w = 320, .box_w = 19, .box_h = 19, .ofs_x = 0, .ofs_y = -2},
    {.bitmap_index = 6311, .adv_w = 320, .box_w = 19, .box_h = 18, .ofs_x = 0, .ofs_y = -2},
    {.bitmap_index = 6354, .adv_w = 320, .box_w = 19, .box_h = 17, .ofs_x = 0, .ofs_y = -1},
    {.bitmap_index = 6395, .adv_w = 320, .box_w = 18, .box_h = 19, .ofs_x = 1, .ofs_y = -2},
    {.bitmap_index = 6438, .adv_w = 320, .box_w = 18, .box_h = 17, .ofs_x = 1, .ofs_y = -2},
    {.bitmap_index = 6477, .adv_w = 320, .box_w = 18, .box_h = 18, .ofs_x = 1, .ofs_y = -2},
    {.bitmap_index = 6518, .adv_w = 320, .box_w = 19, .box_h = 20, .ofs_x = 0, .ofs_y = -2},
    {.bitmap_index = 6566, .adv_w = 320, .box_w = 17, .box_h = 19, .ofs_x = 2, .ofs_y = -2},
    {.bitmap_index = 6607, .adv_w = 320, .box_w = 17, .box_h = 19, .ofs_x = 1, .ofs_y = -2},
    {.bitmap_index = 6648, .adv_w = 320, .box_w = 17, .box_h = 17, .ofs_x = 2, .ofs_y = -1},
    {.bitmap_index = 6685, .adv_w = 320, .box_w = 18, .box_h = 18, .ofs_x = 1, .ofs_y = -2},
    {.bitmap_index = 6726, .adv_w = 320, .box_w = 19, .box_h = 18, .ofs_x = 1, .ofs_y = -2},
    {.bitmap_index = 6769, .adv_w = 320, .box_w = 17, .box_h = 18, .ofs_x = 2, .ofs_y = -2},
    {.bitmap_index = 6808, .adv_w = 320, .box_w = 19, .box_h = 19, .ofs_x = 1, .ofs_y = -2},
    {.bitmap_index = 6854, .adv_w = 320, .box_w = 18, .box_h = 19, .ofs_x = 1, .ofs_y = -2},
    {.bitmap_index = 6897, .adv_w = 320, .box_w = 17, .box_h = 19, .ofs_x = 2, .ofs_y = -2},
    {.bitmap_index = 6938, .adv_w = 320, .box_w = 18, .box_h = 19, .ofs_x = 2, .ofs_y = -2},
    {.bitmap_index = 6981, .adv_w = 320, .box_w = 18, .box_h = 20, .ofs_x = 1, .ofs_y = -2},
    {.bitmap_index = 7026, .adv_w = 320, .box_w = 18, .box_h = 19, .ofs_x = 1, .ofs_y = -2},
    {.bitmap_index = 7069, .adv_w = 320, .box_w = 18, .box_h = 19, .ofs_x = 1, .ofs_y = -2},
    {.bitmap_index = 7112, .adv_w = 320, .box_w = 18, .box_h = 19, .ofs_x = 1, .ofs_y = -2},
    {.bitmap_index = 7155, .adv_w = 320, .box_w = 18, .box_h = 19, .ofs_x = 1, .ofs_y = -2},
    {.bitmap_index = 7198, .adv_w = 320, .box_w = 20, .box_h = 18, .ofs_x = 0, .ofs_y = -2},
    {.bitmap_index = 7243, .adv_w = 320, .box_w = 18, .box_h = 19, .ofs_x = 1, .ofs_y = -2},
    {.bitmap_index = 7286, .adv_w = 320, .box_w = 17, .box_h = 18, .ofs_x = 1, .ofs_y = -2},
    {.bitmap_index = 7325, .adv_w = 320, .box_w = 18, .box_h = 18, .ofs_x = 0, .ofs_y = -2},
    {.bitmap_index = 7366, .adv_w = 320, .box_w = 16, .box_h = 19, .ofs_x = 2, .ofs_y = -2},
    {.bitmap_index = 7404, .adv_w = 320, .box_w = 17, .box_h = 19, .ofs_x = 1, .ofs_y = -2},
    {.bitmap_index = 7445, .adv_w = 320, .box_w = 18, .box_h = 15, .ofs_x = 1, .ofs_y = 0},
    {.bitmap_index = 7479, .adv_w = 320, .box_w = 18, .box_h = 20, .ofs_x = 1, .ofs_y = -3},
    {.bitmap_index = 7524, .adv_w = 320, .box_w = 18, .box_h = 16, .ofs_x = 2, .ofs_y = -1},
    {.bitmap_index = 7560, .adv_w = 320, .box_w = 19, .box_h = 18, .ofs_x = 1, .ofs_y = -2},
    {.bitmap_index = 7603, .adv_w = 320, .box_w = 18, .box_h = 19, .ofs_x = 1, .ofs_y = -2},
    {.bitmap_index = 7646, .adv_w = 320, .box_w = 19, .box_h = 19, .ofs_x = 0, .ofs_y = -2},
    {.bitmap_index = 7692, .adv_w = 320, .box_w = 18, .box_h = 19, .ofs_x = 1, .ofs_y = -2},
    {.bitmap_index = 7735, .adv_w = 320, .box_w = 16, .box_h = 19, .ofs_x = 2, .ofs_y = -2},
    {.bitmap_index = 7773, .adv_w = 320, .box_w = 18, .box_h = 18, .ofs_x = 1, .ofs_y = -2},
    {.bitmap_index = 7814, .adv_w = 320, .box_w = 18, .box_h = 19, .ofs_x = 1, .ofs_y = -2},
    {.bitmap_index = 7857, .adv_w = 320, .box_w = 18, .box_h = 19, .ofs_x = 1, .ofs_y = -2},
    {.bitmap_index = 7900, .adv_w = 320, .box_w = 18, .box_h = 19, .ofs_x = 1, .ofs_y = -2},
    {.bitmap_index = 7943, .adv_w = 320, .box_w = 19, .box_h = 20, .ofs_x = 1, .ofs_y = -3},
    {.bitmap_index = 7991, .adv_w = 320, .box_w = 19, .box_h = 20, .ofs_x = 0, .ofs_y = -3},
    {.bitmap_index = 8039, .adv_w = 320, .box_w = 19, .box_h = 17, .ofs_x = 1, .ofs_y = -2},
    {.bitmap_index = 8080, .adv_w = 320, .box_w = 18, .box_h = 19, .ofs_x = 1, .ofs_y = -2},
    {.bitmap_index = 8123, .adv_w = 320, .box_w = 18, .box_h = 19, .ofs_x = 1, .ofs_y = -2},
    {.bitmap_index = 8166, .adv_w = 320, .box_w = 19, .box_h = 18, .ofs_x = 1, .ofs_y = -2},
    {.bitmap_index = 8209, .adv_w = 320, .box_w = 18, .box_h = 18, .ofs_x = 1, .ofs_y = -2},
    {.bitmap_index = 8250, .adv_w = 320, .box_w = 18, .box_h = 19, .ofs_x = 1, .ofs_y = -2},
    {.bitmap_index = 8293, .adv_w = 320, .box_w = 18, .box_h = 19, .ofs_x = 1, .ofs_y = -2},
    {.bitmap_index = 8336, .adv_w = 320, .box_w = 19, .box_h = 19, .ofs_x = 1, .ofs_y = -2},
    {.bitmap_index = 8382, .adv_w = 320, .box_w = 19, .box_h = 19, .ofs_x = 1, .ofs_y = -2},
    {.bitmap_index = 8428, .adv_w = 320, .box_w = 19, .box_h = 19, .ofs_x = 1, .ofs_y = -2},
    {.bitmap_index = 8474, .adv_w = 320, .box_w = 19, .box_h = 18, .ofs_x = 1, .ofs_y = -2},
    {.bitmap_index = 8517, .adv_w = 320, .box_w = 19, .box_h = 19, .ofs_x = 1, .ofs_y = -2},
    {.bitmap_index = 8563, .adv_w = 320, .box_w = 19, .box_h = 17, .ofs_x = 1, .ofs_y = -2},
    {.bitmap_index = 8604, .adv_w = 320, .box_w = 19, .box_h = 18, .ofs_x = 1, .ofs_y = -2},
    {.bitmap_index = 8647, .adv_w = 320, .box_w = 19, .box_h = 19, .ofs_x = 0, .ofs_y = -2},
    {.bitmap_index = 8693, .adv_w = 320, .box_w = 18, .box_h = 18, .ofs_x = 1, .ofs_y = -2},
    {.bitmap_index = 8734, .adv_w = 320, .box_w = 17, .box_h = 19, .ofs_x = 2, .ofs_y = -2},
    {.bitmap_index = 8775, .adv_w = 320, .box_w = 18, .box_h = 18, .ofs_x = 2, .ofs_y = -1},
    {.bitmap_index = 8816, .adv_w = 320, .box_w = 19, .box_h = 19, .ofs_x = 0, .ofs_y = -1},
    {.bitmap_index = 8862, .adv_w = 320, .box_w = 19, .box_h = 18, .ofs_x = 0, .ofs_y = -2},
    {.bitmap_index = 8905, .adv_w = 320, .box_w = 19, .box_h = 19, .ofs_x = 0, .ofs_y = -2},
    {.bitmap_index = 8951, .adv_w = 320, .box_w = 17, .box_h = 17, .ofs_x = 0, .ofs_y = -1},
    {.bitmap_index = 8988, .adv_w = 320, .box_w = 18, .box_h = 18, .ofs_x = 1, .ofs_y = -2},
    {.bitmap_index = 9029, .adv_w = 320, .box_w = 19, .box_h = 19, .ofs_x = 1, .ofs_y = -2},
    {.bitmap_index = 9075, .adv_w = 320, .box_w = 19, .box_h = 19, .ofs_x = 1, .ofs_y = -2},
    {.bitmap_index = 9121, .adv_w = 320, .box_w = 19, .box_h = 19, .ofs_x = 0, .ofs_y = -2},
    {.bitmap_index = 9167, .adv_w = 320, .box_w = 18, .box_h = 19, .ofs_x = 1, .ofs_y = -2},
    {.bitmap_index = 9210, .adv_w = 320, .box_w = 18, .box_h = 19, .ofs_x = 1, .ofs_y = -2},
    {.bitmap_index = 9253, .adv_w = 320, .box_w = 18, .box_h = 19, .ofs_x = 1, .ofs_y = -2},
    {.bitmap_index = 9296, .adv_w = 320, .box_w = 19, .box_h = 19, .ofs_x = 1, .ofs_y = -2},
    {.bitmap_index = 9342, .adv_w = 320, .box_w = 19, .box_h = 18, .ofs_x = 0, .ofs_y = -2},
    {.bitmap_index = 9385, .adv_w = 320, .box_w = 19, .box_h = 19, .ofs_x = 1, .ofs_y = -2},
    {.bitmap_index = 9431, .adv_w = 320, .box_w = 19, .box_h = 19, .ofs_x = 1, .ofs_y = -2},
    {.bitmap_index = 9477, .adv_w = 320, .box_w = 19, .box_h = 19, .ofs_x = 0, .ofs_y = -2},
    {.bitmap_index = 9523, .adv_w = 320, .box_w = 18, .box_h = 18, .ofs_x = 1, .ofs_y = -2},
    {.bitmap_index = 9564, .adv_w = 320, .box_w = 18, .box_h = 18, .ofs_x = 1, .ofs_y = -1},
    {.bitmap_index = 9605, .adv_w = 320, .box_w = 19, .box_h = 19, .ofs_x = 0, .ofs_y = -2},
    {.bitmap_index = 9651, .adv_w = 320, .box_w = 18, .box_h = 18, .ofs_x = 1, .ofs_y = -2},
    {.bitmap_index = 9692, .adv_w = 320, .box_w = 18, .box_h = 18, .ofs_x = 1, .ofs_y = -2},
    {.bitmap_index = 9733, .adv_w = 320, .box_w = 18, .box_h = 17, .ofs_x = 1, .ofs_y = -1},
    {.bitmap_index = 9772, .adv_w = 320, .box_w = 18, .box_h = 18, .ofs_x = 1, .ofs_y = -1},
    {.bitmap_index = 9813, .adv_w = 320, .box_w = 18, .box_h = 18, .ofs_x = 1, .ofs_y = -2},
    {.bitmap_index = 9854, .adv_w = 320, .box_w = 18, .box_h = 19, .ofs_x = 1, .ofs_y = -2},
    {.bitmap_index = 9897, .adv_w = 320, .box_w = 19, .box_h = 19, .ofs_x = 1, .ofs_y = -2},
    {.bitmap_index = 9943, .adv_w = 320, .box_w = 18, .box_h = 19, .ofs_x = 1, .ofs_y = -2},
    {.bitmap_index = 9986, .adv_w = 320, .box_w = 14, .box_h = 17, .ofs_x = 3, .ofs_y = -2},
    {.bitmap_index = 10016, .adv_w = 320, .box_w = 18, .box_h = 18, .ofs_x = 1, .ofs_y = -2},
    {.bitmap_index = 10057, .adv_w = 320, .box_w = 18, .box_h = 17, .ofs_x = 1, .ofs_y = -1},
    {.bitmap_index = 10096, .adv_w = 320, .box_w = 18, .box_h = 19, .ofs_x = 1, .ofs_y = -2},
    {.bitmap_index = 10139, .adv_w = 320, .box_w = 18, .box_h = 18, .ofs_x = 1, .ofs_y = -2},
    {.bitmap_index = 10180, .adv_w = 320, .box_w = 17, .box_h = 18, .ofs_x = 1, .ofs_y = -2},
    {.bitmap_index = 10219, .adv_w = 320, .box_w = 18, .box_h = 19, .ofs_x = 1, .ofs_y = -2},
    {.bitmap_index = 10262, .adv_w = 320, .box_w = 17, .box_h = 19, .ofs_x = 2, .ofs_y = -2},
    {.bitmap_index = 10303, .adv_w = 320, .box_w = 18, .box_h = 19, .ofs_x = 1, .ofs_y = -2},
    {.bitmap_index = 10346, .adv_w = 320, .box_w = 18, .box_h = 19, .ofs_x = 1, .ofs_y = -2},
    {.bitmap_index = 10389, .adv_w = 320, .box_w = 18, .box_h = 18, .ofs_x = 1, .ofs_y = -2},
    {.bitmap_index = 10430, .adv_w = 320, .box_w = 18, .box_h = 18, .ofs_x = 1, .ofs_y = -2},
    {.bitmap_index = 10471, .adv_w = 320, .box_w = 18, .box_h = 18, .ofs_x = 2, .ofs_y = -2},
    {.bitmap_index = 10512, .adv_w = 320, .box_w = 20, .box_h = 19, .ofs_x = 0, .ofs_y = -2},
    {.bitmap_index = 10560, .adv_w = 320, .box_w = 17, .box_h = 18, .ofs_x = 0, .ofs_y = -2},
    {.bitmap_index = 10599, .adv_w = 320, .box_w = 18, .box_h = 19, .ofs_x = 1, .ofs_y = -2},
    {.bitmap_index = 10642, .adv_w = 320, .box_w = 19, .box_h = 18, .ofs_x = 0, .ofs_y = -2},
    {.bitmap_index = 10685, .adv_w = 320, .box_w = 19, .box_h = 18, .ofs_x = 1, .ofs_y = -2},
    {.bitmap_index = 10728, .adv_w = 320, .box_w = 19, .box_h = 18, .ofs_x = 0, .ofs_y = -2},
    {.bitmap_index = 10771, .adv_w = 320, .box_w = 20, .box_h = 18, .ofs_x = 0, .ofs_y = -2},
    {.bitmap_index = 10816, .adv_w = 320, .box_w = 19, .box_h = 18, .ofs_x = 1, .ofs_y = -2},
    {.bitmap_index = 10859, .adv_w = 320, .box_w = 19, .box_h = 18, .ofs_x = 1, .ofs_y = -2},
    {.bitmap_index = 10902, .adv_w = 320, .box_w = 19, .box_h = 19, .ofs_x = 1, .ofs_y = -2},
    {.bitmap_index = 10948, .adv_w = 320, .box_w = 18, .box_h = 18, .ofs_x = 1, .ofs_y = -2},
    {.bitmap_index = 10989, .adv_w = 320, .box_w = 19, .box_h = 18, .ofs_x = 0, .ofs_y = -2},
    {.bitmap_index = 11032, .adv_w = 320, .box_w = 18, .box_h = 18, .ofs_x = 1, .ofs_y = -2},
    {.bitmap_index = 11073, .adv_w = 320, .box_w = 20, .box_h = 18, .ofs_x = 0, .ofs_y = -2},
    {.bitmap_index = 11118, .adv_w = 320, .box_w = 18, .box_h = 18, .ofs_x = 1, .ofs_y = -1},
    {.bitmap_index = 11159, .adv_w = 320, .box_w = 18, .box_h = 19, .ofs_x = 1, .ofs_y = -2},
    {.bitmap_index = 11202, .adv_w = 320, .box_w = 19, .box_h = 19, .ofs_x = 1, .ofs_y = -2},
    {.bitmap_index = 11248, .adv_w = 320, .box_w = 18, .box_h = 19, .ofs_x = 1, .ofs_y = -2},
    {.bitmap_index = 11291, .adv_w = 320, .box_w = 17, .box_h = 19, .ofs_x = 2, .ofs_y = -2},
    {.bitmap_index = 11332, .adv_w = 320, .box_w = 19, .box_h = 19, .ofs_x = 0, .ofs_y = -2},
    {.bitmap_index = 11378, .adv_w = 320, .box_w = 19, .box_h = 19, .ofs_x = 0, .ofs_y = -2},
    {.bitmap_index = 11424, .adv_w = 320, .box_w = 18, .box_h = 19, .ofs_x = 1, .ofs_y = -2},
    {.bitmap_index = 11467, .adv_w = 320, .box_w = 18, .box_h = 19, .ofs_x = 1, .ofs_y = -2},
    {.bitmap_index = 11510, .adv_w = 320, .box_w = 18, .box_h = 19, .ofs_x = 1, .ofs_y = -2},
    {.bitmap_index = 11553, .adv_w = 320, .box_w = 18, .box_h = 19, .ofs_x = 1, .ofs_y = -2},
    {.bitmap_index = 11596, .adv_w = 320, .box_w = 19, .box_h = 18, .ofs_x = 1, .ofs_y = -2},
    {.bitmap_index = 11639, .adv_w = 320, .box_w = 19, .box_h = 19, .ofs_x = 1, .ofs_y = -2},
    {.bitmap_index = 11685, .adv_w = 320, .box_w = 19, .box_h = 19, .ofs_x = 1, .ofs_y = -2},
    {.bitmap_index = 11731, .adv_w = 320, .box_w = 18, .box_h = 18, .ofs_x = 1, .ofs_y = -1},
    {.bitmap_index = 11772, .adv_w = 320, .box_w = 19, .box_h = 17, .ofs_x = 1, .ofs_y = -1},
    {.bitmap_index = 11813, .adv_w = 320, .box_w = 18, .box_h = 18, .ofs_x = 1, .ofs_y = -2},
    {.bitmap_index = 11854, .adv_w = 320, .box_w = 18, .box_h = 18, .ofs_x = 1, .ofs_y = -2},
    {.bitmap_index = 11895, .adv_w = 320, .box_w = 18, .box_h = 19, .ofs_x = 1, .ofs_y = -2},
    {.bitmap_index = 11938, .adv_w = 320, .box_w = 17, .box_h = 18, .ofs_x = 2, .ofs_y = -2},
    {.bitmap_index = 11977, .adv_w = 320, .box_w = 18, .box_h = 18, .ofs_x = 1, .ofs_y = -2},
    {.bitmap_index = 12018, .adv_w = 320, .box_w = 19, .box_h = 19, .ofs_x = 1, .ofs_y = -2},
    {.bitmap_index = 12064, .adv_w = 320, .box_w = 20, .box_h = 18, .ofs_x = 0, .ofs_y = -2},
    {.bitmap_index = 12109, .adv_w = 320, .box_w = 19, .box_h = 18, .ofs_x = 0, .ofs_y = -2},
    {.bitmap_index = 12152, .adv_w = 320, .box_w = 19, .box_h = 18, .ofs_x = 0, .ofs_y = -2},
    {.bitmap_index = 12195, .adv_w = 320, .box_w = 19, .box_h = 18, .ofs_x = 1, .ofs_y = -2},
    {.bitmap_index = 12238, .adv_w = 320, .box_w = 18, .box_h = 18, .ofs_x = 1, .ofs_y = -2},
    {.bitmap_index = 12279, .adv_w = 320, .box_w = 18, .box_h = 19, .ofs_x = 1, .ofs_y = -2},
    {.bitmap_index = 12322, .adv_w = 320, .box_w = 18, .box_h = 18, .ofs_x = 1, .ofs_y = -2},
    {.bitmap_index = 12363, .adv_w = 320, .box_w = 19, .box_h = 18, .ofs_x = 1, .ofs_y = -1},
    {.bitmap_index = 12406, .adv_w = 320, .box_w = 18, .box_h = 19, .ofs_x = 1, .ofs_y = -2},
    {.bitmap_index = 12449, .adv_w = 320, .box_w = 20, .box_h = 18, .ofs_x = 0, .ofs_y = -2},
    {.bitmap_index = 12494, .adv_w = 320, .box_w = 19, .box_h = 18, .ofs_x = 0, .ofs_y = -2},
    {.bitmap_index = 12537, .adv_w = 320, .box_w = 16, .box_h = 18, .ofs_x = 1, .ofs_y = -2},
    {.bitmap_index = 12573, .adv_w = 320, .box_w = 18, .box_h = 19, .ofs_x = 2, .ofs_y = -2},
    {.bitmap_index = 12616, .adv_w = 320, .box_w = 19, .box_h = 19, .ofs_x = 0, .ofs_y = -2},
    {.bitmap_index = 12662, .adv_w = 320, .box_w = 18, .box_h = 18, .ofs_x = 1, .ofs_y = -2},
    {.bitmap_index = 12703, .adv_w = 320, .box_w = 19, .box_h = 19, .ofs_x = 0, .ofs_y = -2},
    {.bitmap_index = 12749, .adv_w = 320, .box_w = 19, .box_h = 18, .ofs_x = 0, .ofs_y = -2},
    {.bitmap_index = 12792, .adv_w = 320, .box_w = 18, .box_h = 18, .ofs_x = 0, .ofs_y = -2},
    {.bitmap_index = 12833, .adv_w = 320, .box_w = 18, .box_h = 18, .ofs_x = 1, .ofs_y = -2},
    {.bitmap_index = 12874, .adv_w = 320, .box_w = 19, .box_h = 19, .ofs_x = 0, .ofs_y = -2},
    {.bitmap_index = 12920, .adv_w = 320, .box_w = 18, .box_h = 18, .ofs_x = 1, .ofs_y = -2},
    {.bitmap_index = 12961, .adv_w = 320, .box_w = 18, .box_h = 19, .ofs_x = 1, .ofs_y = -2},
    {.bitmap_index = 13004, .adv_w = 320, .box_w = 18, .box_h = 19, .ofs_x = 1, .ofs_y = -2},
    {.bitmap_index = 13047, .adv_w = 320, .box_w = 17, .box_h = 18, .ofs_x = 1, .ofs_y = -1},
    {.bitmap_index = 13086, .adv_w = 320, .box_w = 18, .box_h = 18, .ofs_x = 1, .ofs_y = -2},
    {.bitmap_index = 13127, .adv_w = 320, .box_w = 18, .box_h = 18, .ofs_x = 1, .ofs_y = -2},
    {.bitmap_index = 13168, .adv_w = 320, .box_w = 18, .box_h = 18, .ofs_x = 1, .ofs_y = -2},
    {.bitmap_index = 13209, .adv_w = 320, .box_w = 18, .box_h = 18, .ofs_x = 1, .ofs_y = -2},
    {.bitmap_index = 13250, .adv_w = 320, .box_w = 17, .box_h = 18, .ofs_x = 2, .ofs_y = -2},
    {.bitmap_index = 13289, .adv_w = 320, .box_w = 19, .box_h = 18, .ofs_x = 0, .ofs_y = -1},
    {.bitmap_index = 13332, .adv_w = 320, .box_w = 18, .box_h = 18, .ofs_x = 1, .ofs_y = -2},
    {.bitmap_index = 13373, .adv_w = 320, .box_w = 18, .box_h = 19, .ofs_x = 1, .ofs_y = -2},
    {.bitmap_index = 13416, .adv_w = 320, .box_w = 20, .box_h = 19, .ofs_x = 0, .ofs_y = -2},
    {.bitmap_index = 13464, .adv_w = 320, .box_w = 18, .box_h = 18, .ofs_x = 1, .ofs_y = -2},
    {.bitmap_index = 13505, .adv_w = 320, .box_w = 19, .box_h = 18, .ofs_x = 1, .ofs_y = -2},
    {.bitmap_index = 13548, .adv_w = 320, .box_w = 18, .box_h = 19, .ofs_x = 1, .ofs_y = -3},
    {.bitmap_index = 13591, .adv_w = 320, .box_w = 18, .box_h = 18, .ofs_x = 1, .ofs_y = -2},
    {.bitmap_index = 13632, .adv_w = 320, .box_w = 19, .box_h = 18, .ofs_x = 1, .ofs_y = -2},
    {.bitmap_index = 13675, .adv_w = 320, .box_w = 18, .box_h = 17, .ofs_x = 1, .ofs_y = -1},
    {.bitmap_index = 13714, .adv_w = 320, .box_w = 18, .box_h = 18, .ofs_x = 1, .ofs_y = -2},
    {.bitmap_index = 13755, .adv_w = 320, .box_w = 18, .box_h = 19, .ofs_x = 1, .ofs_y = -2},
    {.bitmap_index = 13798, .adv_w = 320, .box_w = 18, .box_h = 19, .ofs_x = 1, .ofs_y = -2},
    {.bitmap_index = 13841, .adv_w = 320, .box_w = 18, .box_h = 18, .ofs_x = 1, .ofs_y = -1},
    {.bitmap_index = 13882, .adv_w = 320, .box_w = 19, .box_h = 19, .ofs_x = 0, .ofs_y = -2},
    {.bitmap_index = 13928, .adv_w = 320, .box_w = 17, .box_h = 18, .ofs_x = 1, .ofs_y = -2},
    {.bitmap_index = 13967, .adv_w = 320, .box_w = 18, .box_h = 18, .ofs_x = 1, .ofs_y = -1},
    {.bitmap_index = 14008, .adv_w = 320, .box_w = 19, .box_h = 18, .ofs_x = 0, .ofs_y = -1},
    {.bitmap_index = 14051, .adv_w = 320, .box_w = 16, .box_h = 19, .ofs_x = 2, .ofs_y = -2},
    {.bitmap_index = 14089, .adv_w = 320, .box_w = 19, .box_h = 17, .ofs_x = 1, .ofs_y = -1},
    {.bitmap_index = 14130, .adv_w = 320, .box_w = 19, .box_h = 19, .ofs_x = 0, .ofs_y = -2},
    {.bitmap_index = 14176, .adv_w = 320, .box_w = 19, .box_h = 19, .ofs_x = 1, .ofs_y = -2},
    {.bitmap_index = 14222, .adv_w = 320, .box_w = 17, .box_h = 17, .ofs_x = 1, .ofs_y = -2},
    {.bitmap_index = 14259, .adv_w = 320, .box_w = 17, .box_h = 18, .ofs_x = 1, .ofs_y = -2},
    {.bitmap_index = 14298, .adv_w = 320, .box_w = 19, .box_h = 19, .ofs_x = 1, .ofs_y = -2},
    {.bitmap_index = 14344, .adv_w = 320, .box_w = 18, .box_h = 19, .ofs_x = 1, .ofs_y = -2},
    {.bitmap_index = 14387, .adv_w = 320, .box_w = 19, .box_h = 19, .ofs_x = 0, .ofs_y = -2},
    {.bitmap_index = 14433, .adv_w = 320, .box_w = 18, .box_h = 16, .ofs_x = 1, .ofs_y = -1},
    {.bitmap_index = 14469, .adv_w = 320, .box_w = 18, .box_h = 18, .ofs_x = 1, .ofs_y = -1},
    {.bitmap_index = 14510, .adv_w = 320, .box_w = 18, .box_h = 18, .ofs_x = 1, .ofs_y = -2},
    {.bitmap_index = 14551, .adv_w = 320, .box_w = 19, .box_h = 19, .ofs_x = 0, .ofs_y = -2},
    {.bitmap_index = 14597, .adv_w = 320, .box_w = 20, .box_h = 18, .ofs_x = 0, .ofs_y = -2},
    {.bitmap_index = 14642, .adv_w = 320, .box_w = 19, .box_h = 18, .ofs_x = 0, .ofs_y = -2},
    {.bitmap_index = 14685, .adv_w = 320, .box_w = 19, .box_h = 19, .ofs_x = 0, .ofs_y = -2},
    {.bitmap_index = 14731, .adv_w = 320, .box_w = 18, .box_h = 19, .ofs_x = 1, .ofs_y = -2},
    {.bitmap_index = 14774, .adv_w = 320, .box_w = 19, .box_h = 18, .ofs_x = 0, .ofs_y = -2},
    {.bitmap_index = 14817, .adv_w = 320, .box_w = 18, .box_h = 19, .ofs_x = 1, .ofs_y = -2},
    {.bitmap_index = 14860, .adv_w = 320, .box_w = 19, .box_h = 19, .ofs_x = 0, .ofs_y = -2},
    {.bitmap_index = 14906, .adv_w = 320, .box_w = 19, .box_h = 19, .ofs_x = 0, .ofs_y = -2},
    {.bitmap_index = 14952, .adv_w = 320, .box_w = 17, .box_h = 19, .ofs_x = 2, .ofs_y = -2},
    {.bitmap_index = 14993, .adv_w = 320, .box_w = 18, .box_h = 18, .ofs_x = 1, .ofs_y = -2},
    {.bitmap_index = 15034, .adv_w = 320, .box_w = 19, .box_h = 19, .ofs_x = 1, .ofs_y = -2},
    {.bitmap_index = 15080, .adv_w = 320, .box_w = 18, .box_h = 19, .ofs_x = 1, .ofs_y = -2},
    {.bitmap_index = 15123, .adv_w = 320, .box_w = 18, .box_h = 19, .ofs_x = 1, .ofs_y = -2},
    {.bitmap_index = 15166, .adv_w = 320, .box_w = 19, .box_h = 19, .ofs_x = 1, .ofs_y = -2},
    {.bitmap_index = 15212, .adv_w = 320, .box_w = 19, .box_h = 18, .ofs_x = 1, .ofs_y = -2},
    {.bitmap_index = 15255, .adv_w = 320, .box_w = 18, .box_h = 19, .ofs_x = 1, .ofs_y = -2},
    {.bitmap_index = 15298, .adv_w = 320, .box_w = 18, .box_h = 19, .ofs_x = 1, .ofs_y = -2},
    {.bitmap_index = 15341, .adv_w = 320, .box_w = 19, .box_h = 19, .ofs_x = 0, .ofs_y = -2},
    {.bitmap_index = 15387, .adv_w = 320, .box_w = 19, .box_h = 18, .ofs_x = 1, .ofs_y = -1},
    {.bitmap_index = 15430, .adv_w = 320, .box_w = 18, .box_h = 19, .ofs_x = 1, .ofs_y = -2},
    {.bitmap_index = 15473, .adv_w = 320, .box_w = 19, .box_h = 19, .ofs_x = 0, .ofs_y = -2},
    {.bitmap_index = 15519, .adv_w = 320, .box_w = 19, .box_h = 19, .ofs_x = 0, .ofs_y = -2},
    {.bitmap_index = 15565, .adv_w = 320, .box_w = 18, .box_h = 18, .ofs_x = 1, .ofs_y = -2},
    {.bitmap_index = 15606, .adv_w = 320, .box_w = 19, .box_h = 19, .ofs_x = 0, .ofs_y = -2},
    {.bitmap_index = 15652, .adv_w = 320, .box_w = 19, .box_h = 19, .ofs_x = 0, .ofs_y = -2},
    {.bitmap_index = 15698, .adv_w = 320, .box_w = 18, .box_h = 19, .ofs_x = 1, .ofs_y = -2},
    {.bitmap_index = 15741, .adv_w = 320, .box_w = 18, .box_h = 19, .ofs_x = 1, .ofs_y = -2},
    {.bitmap_index = 15784, .adv_w = 320, .box_w = 19, .box_h = 19, .ofs_x = 0, .ofs_y = -2},
    {.bitmap_index = 15830, .adv_w = 320, .box_w = 18, .box_h = 18, .ofs_x = 0, .ofs_y = -2},
    {.bitmap_index = 15871, .adv_w = 320, .box_w = 18, .box_h = 19, .ofs_x = 1, .ofs_y = -2},
    {.bitmap_index = 15914, .adv_w = 320, .box_w = 18, .box_h = 19, .ofs_x = 2, .ofs_y = -2},
    {.bitmap_index = 15957, .adv_w = 320, .box_w = 18, .box_h = 18, .ofs_x = 0, .ofs_y = -2},
    {.bitmap_index = 15998, .adv_w = 320, .box_w = 19, .box_h = 19, .ofs_x = 0, .ofs_y = -2},
    {.bitmap_index = 16044, .adv_w = 320, .box_w = 18, .box_h = 18, .ofs_x = 1, .ofs_y = -2},
    {.bitmap_index = 16085, .adv_w = 320, .box_w = 18, .box_h = 18, .ofs_x = 1, .ofs_y = -2},
    {.bitmap_index = 16126, .adv_w = 320, .box_w = 19, .box_h = 18, .ofs_x = 0, .ofs_y = -2},
    {.bitmap_index = 16169, .adv_w = 320, .box_w = 17, .box_h = 19, .ofs_x = 2, .ofs_y = -2},
    {.bitmap_index = 16210, .adv_w = 320, .box_w = 19, .box_h = 18, .ofs_x = 1, .ofs_y = -2},
    {.bitmap_index = 16253, .adv_w = 320, .box_w = 19, .box_h = 18, .ofs_x = 1, .ofs_y = -2},
    {.bitmap_index = 16296, .adv_w = 320, .box_w = 15, .box_h = 17, .ofs_x = 3, .ofs_y = -2},
    {.bitmap_index = 16328, .adv_w = 320, .box_w = 19, .box_h = 19, .ofs_x = 1, .ofs_y = -2},
    {.bitmap_index = 16374, .adv_w = 320, .box_w = 18, .box_h = 18, .ofs_x = 1, .ofs_y = -2},
    {.bitmap_index = 16415, .adv_w = 320, .box_w = 19, .box_h = 19, .ofs_x = 0, .ofs_y = -2},
    {.bitmap_index = 16461, .adv_w = 320, .box_w = 19, .box_h = 18, .ofs_x = 0, .ofs_y = -2},
    {.bitmap_index = 16504, .adv_w = 320, .box_w = 19, .box_h = 19, .ofs_x = 0, .ofs_y = -2},
    {.bitmap_index = 16550, .adv_w = 320, .box_w = 20, .box_h = 19, .ofs_x = 0, .ofs_y = -2},
    {.bitmap_index = 16598, .adv_w = 320, .box_w = 19, .box_h = 19, .ofs_x = 1, .ofs_y = -2},
    {.bitmap_index = 16644, .adv_w = 320, .box_w = 14, .box_h = 19, .ofs_x = 3, .ofs_y = -2},
    {.bitmap_index = 16678, .adv_w = 320, .box_w = 18, .box_h = 19, .ofs_x = 1, .ofs_y = -2},
    {.bitmap_index = 16721, .adv_w = 320, .box_w = 18, .box_h = 18, .ofs_x = 1, .ofs_y = -2},
    {.bitmap_index = 16762, .adv_w = 320, .box_w = 18, .box_h = 19, .ofs_x = 1, .ofs_y = -2},
    {.bitmap_index = 16805, .adv_w = 320, .box_w = 18, .box_h = 19, .ofs_x = 1, .ofs_y = -2},
    {.bitmap_index = 16848, .adv_w = 320, .box_w = 18, .box_h = 19, .ofs_x = 1, .ofs_y = -2},
    {.bitmap_index = 16891, .adv_w = 320, .box_w = 18, .box_h = 19, .ofs_x = 1, .ofs_y = -2},
    {.bitmap_index = 16934, .adv_w = 320, .box_w = 18, .box_h = 19, .ofs_x = 1, .ofs_y = -2},
    {.bitmap_index = 16977, .adv_w = 320, .box_w = 19, .box_h = 18, .ofs_x = 1, .ofs_y = -2},
    {.bitmap_index = 17020, .adv_w = 320, .box_w = 18, .box_h = 18, .ofs_x = 1, .ofs_y = -2},
    {.bitmap_index = 17061, .adv_w = 320, .box_w = 18, .box_h = 18, .ofs_x = 1, .ofs_y = -2},
    {.bitmap_index = 17102, .adv_w = 320, .box_w = 18, .box_h = 18, .ofs_x = 1, .ofs_y = -2},
    {.bitmap_index = 17143, .adv_w = 320, .box_w = 18, .box_h = 17, .ofs_x = 1, .ofs_y = -1},
    {.bitmap_index = 17182, .adv_w = 320, .box_w = 18, .box_h = 18, .ofs_x = 1, .ofs_y = -2},
    {.bitmap_index = 17223, .adv_w = 320, .box_w = 18, .box_h = 18, .ofs_x = 1, .ofs_y = -2},
    {.bitmap_index = 17264, .adv_w = 320, .box_w = 18, .box_h = 19, .ofs_x = 1, .ofs_y = -3},
    {.bitmap_index = 17307, .adv_w = 320, .box_w = 18, .box_h = 18, .ofs_x = 1, .ofs_y = -2},
    {.bitmap_index = 17348, .adv_w = 320, .box_w = 18, .box_h = 19, .ofs_x = 1, .ofs_y = -2},
    {.bitmap_index = 17391, .adv_w = 320, .box_w = 17, .box_h = 19, .ofs_x = 2, .ofs_y = -2},
    {.bitmap_index = 17432, .adv_w = 320, .box_w = 19, .box_h = 18, .ofs_x = 1, .ofs_y = -2},
    {.bitmap_index = 17475, .adv_w = 320, .box_w = 19, .box_h = 18, .ofs_x = 0, .ofs_y = -2},
    {.bitmap_index = 17518, .adv_w = 320, .box_w = 18, .box_h = 18, .ofs_x = 1, .ofs_y = -2},
    {.bitmap_index = 17559, .adv_w = 320, .box_w = 19, .box_h = 19, .ofs_x = 0, .ofs_y = -2},
    {.bitmap_index = 17605, .adv_w = 320, .box_w = 19, .box_h = 19, .ofs_x = 0, .ofs_y = -2},
    {.bitmap_index = 17651, .adv_w = 320, .box_w = 20, .box_h = 18, .ofs_x = 0, .ofs_y = -2},
    {.bitmap_index = 17696, .adv_w = 320, .box_w = 19, .box_h = 19, .ofs_x = 1, .ofs_y = -2},
    {.bitmap_index = 17742, .adv_w = 320, .box_w = 19, .box_h = 19, .ofs_x = 1, .ofs_y = -2},
    {.bitmap_index = 17788, .adv_w = 320, .box_w = 18, .box_h = 19, .ofs_x = 1, .ofs_y = -2},
    {.bitmap_index = 17831, .adv_w = 320, .box_w = 18, .box_h = 18, .ofs_x = 1, .ofs_y = -1},
    {.bitmap_index = 17872, .adv_w = 320, .box_w = 18, .box_h = 19, .ofs_x = 1, .ofs_y = -2},
    {.bitmap_index = 17915, .adv_w = 320, .box_w = 18, .box_h = 19, .ofs_x = 1, .ofs_y = -2},
    {.bitmap_index = 17958, .adv_w = 320, .box_w = 19, .box_h = 19, .ofs_x = 0, .ofs_y = -2},
    {.bitmap_index = 18004, .adv_w = 320, .box_w = 19, .box_h = 18, .ofs_x = 1, .ofs_y = -2},
    {.bitmap_index = 18047, .adv_w = 320, .box_w = 18, .box_h = 19, .ofs_x = 1, .ofs_y = -2},
    {.bitmap_index = 18090, .adv_w = 320, .box_w = 18, .box_h = 19, .ofs_x = 1, .ofs_y = -2},
    {.bitmap_index = 18133, .adv_w = 320, .box_w = 17, .box_h = 19, .ofs_x = 1, .ofs_y = -2},
    {.bitmap_index = 18174, .adv_w = 320, .box_w = 18, .box_h = 19, .ofs_x = 1, .ofs_y = -2},
    {.bitmap_index = 18217, .adv_w = 320, .box_w = 18, .box_h = 19, .ofs_x = 1, .ofs_y = -2},
    {.bitmap_index = 18260, .adv_w = 320, .box_w = 19, .box_h = 18, .ofs_x = 1, .ofs_y = -2},
    {.bitmap_index = 18303, .adv_w = 320, .box_w = 19, .box_h = 19, .ofs_x = 1, .ofs_y = -2},
    {.bitmap_index = 18349, .adv_w = 320, .box_w = 18, .box_h = 18, .ofs_x = 1, .ofs_y = -2},
    {.bitmap_index = 18390, .adv_w = 320, .box_w = 18, .box_h = 19, .ofs_x = 1, .ofs_y = -2},
    {.bitmap_index = 18433, .adv_w = 320, .box_w = 18, .box_h = 19, .ofs_x = 1, .ofs_y = -2},
    {.bitmap_index = 18476, .adv_w = 320, .box_w = 18, .box_h = 19, .ofs_x = 1, .ofs_y = -2},
    {.bitmap_index = 18519, .adv_w = 320, .box_w = 18, .box_h = 18, .ofs_x = 1, .ofs_y = -2},
    {.bitmap_index = 18560, .adv_w = 320, .box_w = 18, .box_h = 20, .ofs_x = 1, .ofs_y = -2},
    {.bitmap_index = 18605, .adv_w = 320, .box_w = 18, .box_h = 19, .ofs_x = 1, .ofs_y = -2},
    {.bitmap_index = 18648, .adv_w = 320, .box_w = 19, .box_h = 18, .ofs_x = 1, .ofs_y = -2},
    {.bitmap_index = 18691, .adv_w = 320, .box_w = 19, .box_h = 19, .ofs_x = 1, .ofs_y = -2},
    {.bitmap_index = 18737, .adv_w = 320, .box_w = 18, .box_h = 19, .ofs_x = 1, .ofs_y = -2},
    {.bitmap_index = 18780, .adv_w = 320, .box_w = 18, .box_h = 19, .ofs_x = 1, .ofs_y = -2},
    {.bitmap_index = 18823, .adv_w = 320, .box_w = 19, .box_h = 18, .ofs_x = 1, .ofs_y = -2},
    {.bitmap_index = 18866, .adv_w = 320, .box_w = 18, .box_h = 18, .ofs_x = 1, .ofs_y = -1},
    {.bitmap_index = 18907, .adv_w = 320, .box_w = 17, .box_h = 17, .ofs_x = 2, .ofs_y = -1},
    {.bitmap_index = 18944, .adv_w = 320, .box_w = 18, .box_h = 19, .ofs_x = 1, .ofs_y = -2},
    {.bitmap_index = 18987, .adv_w = 320, .box_w = 18, .box_h = 18, .ofs_x = 1, .ofs_y = -1},
    {.bitmap_index = 19028, .adv_w = 320, .box_w = 19, .box_h = 19, .ofs_x = 1, .ofs_y = -2},
    {.bitmap_index = 19074, .adv_w = 320, .box_w = 19, .box_h = 18, .ofs_x = 1, .ofs_y = -2},
    {.bitmap_index = 19117, .adv_w = 320, .box_w = 18, .box_h = 18, .ofs_x = 1, .ofs_y = -2},
    {.bitmap_index = 19158, .adv_w = 320, .box_w = 18, .box_h = 18, .ofs_x = 1, .ofs_y = -2},
    {.bitmap_index = 19199, .adv_w = 320, .box_w = 18, .box_h = 19, .ofs_x = 1, .ofs_y = -2},
    {.bitmap_index = 19242, .adv_w = 320, .box_w = 18, .box_h = 19, .ofs_x = 1, .ofs_y = -2},
    {.bitmap_index = 19285, .adv_w = 320, .box_w = 20, .box_h = 19, .ofs_x = 1, .ofs_y = -2},
    {.bitmap_index = 19333, .adv_w = 320, .box_w = 18, .box_h = 19, .ofs_x = 1, .ofs_y = -2},
    {.bitmap_index = 19376, .adv_w = 320, .box_w = 18, .box_h = 19, .ofs_x = 1, .ofs_y = -2},
    {.bitmap_index = 19419, .adv_w = 320, .box_w = 19, .box_h = 19, .ofs_x = 0, .ofs_y = -2},
    {.bitmap_index = 19465, .adv_w = 320, .box_w = 19, .box_h = 19, .ofs_x = 0, .ofs_y = -2},
    {.bitmap_index = 19511, .adv_w = 320, .box_w = 19, .box_h = 19, .ofs_x = 0, .ofs_y = -2},
    {.bitmap_index = 19557, .adv_w = 320, .box_w = 19, .box_h = 19, .ofs_x = 0, .ofs_y = -2},
    {.bitmap_index = 19603, .adv_w = 320, .box_w = 19, .box_h = 19, .ofs_x = 0, .ofs_y = -2},
    {.bitmap_index = 19649, .adv_w = 320, .box_w = 19, .box_h = 19, .ofs_x = 1, .ofs_y = -2},
    {.bitmap_index = 19695, .adv_w = 320, .box_w = 19, .box_h = 19, .ofs_x = 0, .ofs_y = -2},
    {.bitmap_index = 19741, .adv_w = 320, .box_w = 18, .box_h = 19, .ofs_x = 1, .ofs_y = -2},
    {.bitmap_index = 19784, .adv_w = 320, .box_w = 19, .box_h = 19, .ofs_x = 0, .ofs_y = -2},
    {.bitmap_index = 19830, .adv_w = 320, .box_w = 18, .box_h = 19, .ofs_x = 1, .ofs_y = -2},
    {.bitmap_index = 19873, .adv_w = 320, .box_w = 18, .box_h = 19, .ofs_x = 1, .ofs_y = -2},
    {.bitmap_index = 19916, .adv_w = 320, .box_w = 19, .box_h = 19, .ofs_x = 1, .ofs_y = -2},
    {.bitmap_index = 19962, .adv_w = 320, .box_w = 17, .box_h = 18, .ofs_x = 1, .ofs_y = -2},
    {.bitmap_index = 20001, .adv_w = 320, .box_w = 17, .box_h = 18, .ofs_x = 1, .ofs_y = -2},
    {.bitmap_index = 20040, .adv_w = 320, .box_w = 18, .box_h = 19, .ofs_x = 1, .ofs_y = -2},
    {.bitmap_index = 20083, .adv_w = 320, .box_w = 18, .box_h = 19, .ofs_x = 1, .ofs_y = -2},
    {.bitmap_index = 20126, .adv_w = 320, .box_w = 18, .box_h = 18, .ofs_x = 1, .ofs_y = -2},
    {.bitmap_index = 20167, .adv_w = 320, .box_w = 18, .box_h = 18, .ofs_x = 1, .ofs_y = -2},
    {.bitmap_index = 20208, .adv_w = 320, .box_w = 19, .box_h = 19, .ofs_x = 0, .ofs_y = -2},
    {.bitmap_index = 20254, .adv_w = 320, .box_w = 18, .box_h = 19, .ofs_x = 1, .ofs_y = -2},
    {.bitmap_index = 20297, .adv_w = 320, .box_w = 19, .box_h = 19, .ofs_x = 0, .ofs_y = -2},
    {.bitmap_index = 20343, .adv_w = 320, .box_w = 18, .box_h = 19, .ofs_x = 0, .ofs_y = -2},
    {.bitmap_index = 20386, .adv_w = 320, .box_w = 18, .box_h = 19, .ofs_x = 1, .ofs_y = -2},
    {.bitmap_index = 20429, .adv_w = 320, .box_w = 18, .box_h = 17, .ofs_x = 2, .ofs_y = -1},
    {.bitmap_index = 20468, .adv_w = 320, .box_w = 17, .box_h = 18, .ofs_x = 1, .ofs_y = -2},
    {.bitmap_index = 20507, .adv_w = 320, .box_w = 17, .box_h = 18, .ofs_x = 1, .ofs_y = -2},
    {.bitmap_index = 20546, .adv_w = 320, .box_w = 17, .box_h = 18, .ofs_x = 1, .ofs_y = -2},
    {.bitmap_index = 20585, .adv_w = 320, .box_w = 17, .box_h = 19, .ofs_x = 2, .ofs_y = -2},
    {.bitmap_index = 20626, .adv_w = 320, .box_w = 18, .box_h = 19, .ofs_x = 2, .ofs_y = -2},
    {.bitmap_index = 20669, .adv_w = 320, .box_w = 18, .box_h = 19, .ofs_x = 2, .ofs_y = -2},
    {.bitmap_index = 20712, .adv_w = 320, .box_w = 17, .box_h = 19, .ofs_x = 2, .ofs_y = -2},
    {.bitmap_index = 20753, .adv_w = 320, .box_w = 19, .box_h = 19, .ofs_x = 0, .ofs_y = -2},
    {.bitmap_index = 20799, .adv_w = 320, .box_w = 17, .box_h = 18, .ofs_x = 1, .ofs_y = -2},
    {.bitmap_index = 20838, .adv_w = 320, .box_w = 17, .box_h = 18, .ofs_x = 2, .ofs_y = -1},
    {.bitmap_index = 20877, .adv_w = 320, .box_w = 18, .box_h = 18, .ofs_x = 2, .ofs_y = -2},
    {.bitmap_index = 20918, .adv_w = 320, .box_w = 19, .box_h = 18, .ofs_x = 1, .ofs_y = -2},
    {.bitmap_index = 20961, .adv_w = 320, .box_w = 18, .box_h = 17, .ofs_x = 1, .ofs_y = -2},
    {.bitmap_index = 21000, .adv_w = 320, .box_w = 18, .box_h = 19, .ofs_x = 1, .ofs_y = -2},
    {.bitmap_index = 21043, .adv_w = 320, .box_w = 18, .box_h = 18, .ofs_x = 1, .ofs_y = -2},
    {.bitmap_index = 21084, .adv_w = 320, .box_w = 18, .box_h = 18, .ofs_x = 1, .ofs_y = -2},
    {.bitmap_index = 21125, .adv_w = 320, .box_w = 19, .box_h = 18, .ofs_x = 1, .ofs_y = -2},
    {.bitmap_index = 21168, .adv_w = 320, .box_w = 19, .box_h = 19, .ofs_x = 1, .ofs_y = -2},
    {.bitmap_index = 21214, .adv_w = 320, .box_w = 18, .box_h = 19, .ofs_x = 1, .ofs_y = -2},
    {.bitmap_index = 21257, .adv_w = 320, .box_w = 20, .box_h = 19, .ofs_x = -1, .ofs_y = -2},
    {.bitmap_index = 21305, .adv_w = 320, .box_w = 19, .box_h = 19, .ofs_x = 0, .ofs_y = -2},
    {.bitmap_index = 21351, .adv_w = 320, .box_w = 19, .box_h = 19, .ofs_x = 0, .ofs_y = -2},
    {.bitmap_index = 21397, .adv_w = 320, .box_w = 16, .box_h = 18, .ofs_x = 2, .ofs_y = -2},
    {.bitmap_index = 21433, .adv_w = 320, .box_w = 18, .box_h = 19, .ofs_x = 1, .ofs_y = -2},
    {.bitmap_index = 21476, .adv_w = 320, .box_w = 18, .box_h = 19, .ofs_x = 1, .ofs_y = -2},
    {.bitmap_index = 21519, .adv_w = 320, .box_w = 18, .box_h = 19, .ofs_x = 1, .ofs_y = -2},
    {.bitmap_index = 21562, .adv_w = 320, .box_w = 18, .box_h = 19, .ofs_x = 1, .ofs_y = -2},
    {.bitmap_index = 21605, .adv_w = 320, .box_w = 18, .box_h = 19, .ofs_x = 1, .ofs_y = -2},
    {.bitmap_index = 21648, .adv_w = 320, .box_w = 19, .box_h = 19, .ofs_x = 1, .ofs_y = -2},
    {.bitmap_index = 21694, .adv_w = 320, .box_w = 18, .box_h = 19, .ofs_x = 1, .ofs_y = -2},
    {.bitmap_index = 21737, .adv_w = 320, .box_w = 2, .box_h = 15, .ofs_x = 9, .ofs_y = 0},
    {.bitmap_index = 21741, .adv_w = 320, .box_w = 14, .box_h = 14, .ofs_x = 3, .ofs_y = 1},
    {.bitmap_index = 21766, .adv_w = 320, .box_w = 17, .box_h = 15, .ofs_x = 2, .ofs_y = 0},
    {.bitmap_index = 21798, .adv_w = 320, .box_w = 12, .box_h = 15, .ofs_x = 4, .ofs_y = 0},
    {.bitmap_index = 21821, .adv_w = 320, .box_w = 5, .box_h = 19, .ofs_x = 14, .ofs_y = -2},
    {.bitmap_index = 21833, .adv_w = 320, .box_w = 5, .box_h = 19, .ofs_x = 1, .ofs_y = -2},
    {.bitmap_index = 21845, .adv_w = 320, .box_w = 13, .box_h = 15, .ofs_x = 4, .ofs_y = 0},
    {.bitmap_index = 21870, .adv_w = 320, .box_w = 15, .box_h = 14, .ofs_x = 2, .ofs_y = 0},
    {.bitmap_index = 21897, .adv_w = 320, .box_w = 4, .box_h = 7, .ofs_x = 8, .ofs_y = 4},
    {.bitmap_index = 21901, .adv_w = 320, .box_w = 15, .box_h = 1, .ofs_x = 2, .ofs_y = 7},
    {.bitmap_index = 21903, .adv_w = 320, .box_w = 18, .box_h = 19, .ofs_x = 1, .ofs_y = -2},
    {.bitmap_index = 21946, .adv_w = 320, .box_w = 3, .box_h = 13, .ofs_x = 8, .ofs_y = 1},
    {.bitmap_index = 21951, .adv_w = 320, .box_w = 4, .box_h = 16, .ofs_x = 7, .ofs_y = -2},
    {.bitmap_index = 21959, .adv_w = 320, .box_w = 15, .box_h = 5, .ofs_x = 2, .ofs_y = 5},
    {.bitmap_index = 21969, .adv_w = 320, .box_w = 10, .box_h = 15, .ofs_x = 5, .ofs_y = 0},
    {.bitmap_index = 21988, .adv_w = 320, .box_w = 16, .box_h = 18, .ofs_x = 2, .ofs_y = -2},
    {.bitmap_index = 22024, .adv_w = 320, .box_w = 18, .box_h = 19, .ofs_x = 1, .ofs_y = -2},
    {.bitmap_index = 22067, .adv_w = 320, .box_w = 18, .box_h = 5, .ofs_x = 1, .ofs_y = 5}
};

/*---------------------
 *  CHARACTER MAPPING
 *--------------------*/

static const uint16_t unicode_list_1[] = {
    0x0, 0x1f5d, 0x1f6f, 0x2f4a, 0x2f4b, 0x2f51, 0x2f52, 0x2f53,
    0x2f54, 0x2f55, 0x2f56, 0x2f57, 0x2f58, 0x2f59, 0x2f5a, 0x4d49,
    0x4d52, 0x4d53, 0x4d54, 0x4d56, 0x4d5f, 0x4d76, 0x4d84, 0x4d94,
    0x4da8, 0x4dcf, 0x4dd4, 0x4dd5, 0x4ddd, 0x4e03, 0x4e09, 0x4e0a,
    0x4e1f, 0x4e21, 0x4e2e, 0x4e46, 0x4e4a, 0x4e5a, 0x4e7d, 0x4e8f,
    0x4e96, 0x4e98, 0x4ea9, 0x4ecf, 0x4ed4, 0x4f08, 0x4f2a, 0x4f37,
    0x4f52, 0x4f54, 0x4f5a, 0x4f90, 0x4fa5, 0x4fae, 0x4fe2, 0x5073,
    0x507b, 0x508d, 0x5091, 0x509b, 0x50b0, 0x50b1, 0x50b5, 0x50b6,
    0x50bf, 0x50f5, 0x5143, 0x514f, 0x5172, 0x5179, 0x5196, 0x51cc,
    0x51e8, 0x51e9, 0x51f2, 0x521e, 0x5222, 0x5227, 0x524e, 0x525f,
    0x5260, 0x5289, 0x5290, 0x5291, 0x52a0, 0x52e8, 0x530c, 0x5313,
    0x5314, 0x531f, 0x5339, 0x5351, 0x5355, 0x5393, 0x53d5, 0x53df,
    0x540a, 0x548f, 0x54aa, 0x54d2, 0x5552, 0x5624, 0x5627, 0x5643,
    0x5654, 0x565b, 0x5661, 0x5668, 0x5671, 0x5679, 0x5717, 0x5740,
    0x5742, 0x5743, 0x574b, 0x577a, 0x577d, 0x582b, 0x5834, 0x5858,
    0x585f, 0x5865, 0x586e, 0x5870, 0x5872, 0x587a, 0x58bf, 0x58cb,
    0x5902, 0x5914, 0x5919, 0x59af, 0x5a99, 0x5aa6, 0x5ab2, 0x5ac1,
    0x5acc, 0x5ad2, 0x5ad5, 0x5ae3, 0x5ae5, 0x5aeb, 0x5aed, 0x5afe,
    0x5aff, 0x5b2f, 0x5b32, 0x5b50, 0x5b51, 0x5b56, 0x5b58, 0x5b7a,
    0x5b89, 0x5b9e, 0x5bba, 0x5c46, 0x5d2e, 0x5d37, 0x5d3b, 0x5d40,
    0x5d4b, 0x5d4c, 0x5d74, 0x5d81, 0x5dbc, 0x5dbd, 0x5def, 0x5e29,
    0x5e3f, 0x5e43, 0x5e4d, 0x5e58, 0x5e68, 0x5eab, 0x5eb2, 0x5eb9,
    0x5ece, 0x5ed1, 0x5ed5, 0x5ee0, 0x5ee7, 0x5ef2, 0x5f0c, 0x5f29,
    0x5f6e, 0x5fab, 0x6058, 0x6064, 0x60bf, 0x6159, 0x615a, 0x617f,
    0x6196, 0x619c, 0x61c9, 0x61d3, 0x61de, 0x6225, 0x62cc, 0x62db,
    0x62e4, 0x62ea, 0x62ee, 0x6319, 0x647f, 0x64a0, 0x64a2, 0x64af,
    0x64bd, 0x64c1, 0x64d0, 0x64e2, 0x64f9, 0x650e, 0x6518, 0x652e,
    0x6532, 0x6568, 0x656e, 0x6578, 0x658b, 0x65a3, 0x65b7, 0x65bd,
    0x65f4, 0x663d, 0x6641, 0x6649, 0x664c, 0x6651, 0x6652, 0x6654,
    0x6656, 0x6668, 0x6673, 0x6674, 0x669a, 0x66ba, 0x66c7, 0x66c8,
    0x66e0, 0x66e5, 0x672e, 0x6781, 0x678c, 0x6791, 0x68b6, 0x694b,
    0x695c, 0x6982, 0x6994, 0x69eb, 0x6a53, 0x6a6a, 0x6a87, 0x6a95,
    0x6aab, 0x6aac, 0x6aae, 0x6b16, 0x6b18, 0x6b1d, 0x6b5a, 0x6b6c,
    0x6b7d, 0x6b81, 0x6b99, 0x6ba8, 0x6bc3, 0x6c04, 0x6c1e, 0x6c31,
    0x6c39, 0x6c3c, 0x6c60, 0x6c7b, 0x6c84, 0x6c8a, 0x6cc0, 0x6cd1,
    0x6d4e, 0x6d75, 0x6d78, 0x6d81, 0x6d9f, 0x6ddf, 0x6df4, 0x6e5d,
    0x6e9d, 0x6f1e, 0x7003, 0x706a, 0x707f, 0x70b7, 0x7128, 0x717f,
    0x7183, 0x71a2, 0x71b2, 0x7311, 0x7347, 0x734c, 0x734f, 0x737d,
    0x73a5, 0x7465, 0x7468, 0x746b, 0x7471, 0x74b4, 0x74b9, 0x74bf,
    0x74f4, 0x758b, 0x75c5, 0x75c7, 0x75cd, 0x75f7, 0x762c, 0x7654,
    0x7685, 0x772e, 0x775d, 0x7803, 0x7887, 0x78a6, 0x78a7, 0x7914,
    0x791a, 0x7921, 0x7944, 0x7954, 0x79c3, 0x7a38, 0x7a42, 0x7a75,
    0x7aea, 0x7b09, 0x7b6a, 0x7c07, 0x7c1e, 0x7c4d, 0x7c63, 0x7c74,
    0x7cdc, 0x7cf6, 0x7d13, 0x7d23, 0x7d3d, 0x7d86, 0x7db3, 0x7dbc,
    0x7ebb, 0x7ed7, 0x7ef2, 0x7f1b, 0x7f4a, 0x7f55, 0x7f7c, 0x7fa3,
    0x7fd2, 0x7fe6, 0x7fea, 0x800c, 0x8046, 0x8097, 0x80af, 0x80c1,
    0x80e3, 0x8128, 0x8131, 0x8133, 0x8151, 0x8167, 0x8175, 0x81fa,
    0x8220, 0x823a, 0x827f, 0x8325, 0x8338, 0x8375, 0x83a0, 0x83ac,
    0x8437, 0x8475, 0x8526, 0x852e, 0x854f, 0x8576, 0x85a8, 0x8614,
    0x8795, 0x879c, 0x87a0, 0x87ac, 0x87b1, 0x87f4, 0x8825, 0x8846,
    0x8850, 0x88ca, 0x8906, 0x8909, 0x8951, 0x8957, 0x895c, 0x8973,
    0x8976, 0x8983, 0x89af, 0x89ba, 0x89d6, 0x89e7, 0x89ed, 0x89f3,
    0x89fb, 0x8a14, 0x8a1f, 0x8a64, 0x8aaf, 0x8ab9, 0x8ac0, 0x8ad3,
    0x8c00, 0x8c04, 0x8c33, 0x8c45, 0x8c46, 0x8cce, 0x8d1a, 0x8d38,
    0x8d91, 0x8dad, 0x8df4, 0x8eef, 0x8f46, 0x8f4a, 0x8f62, 0x8f63,
    0x8f69, 0x8f7a, 0x8f7b, 0x8f94, 0x8f9c, 0x8fa9, 0x8fc0, 0x8fcd,
    0x8fec, 0x9031, 0x903e, 0x9052, 0x9115, 0x9116, 0x91c9, 0x9200,
    0x9245, 0x9278, 0x92f7, 0x94c0, 0x94c9, 0x94d4, 0x94dc, 0x95ab,
    0x95b9, 0x95cf, 0x95d3, 0x960d, 0x9631, 0x9633, 0x9644, 0x9670,
    0x96ab, 0x973c, 0x9759, 0x97a7, 0x97f1, 0x9838, 0x983b, 0x9853,
    0x9859, 0x99a0, 0x99f1, 0x9a1d, 0x9a21, 0x9af7, 0x9cf8, 0x9dfe,
    0x9e27, 0x9e84, 0xfe4a, 0xfe4c, 0xfe4e, 0xfe4f, 0xfe51, 0xfe52,
    0xfe53, 0xfe54, 0xfe55, 0xfe56, 0xfe58, 0xfe63, 0xfe64, 0xfe66,
    0xfe68, 0xfe69, 0xfe85, 0xfea7
};

/*Collect the unicode lists and glyph_id offsets*/
static const lv_font_fmt_txt_cmap_t cmaps[] =
{
    {
        .range_start = 32, .range_length = 95, .glyph_id_start = 1,
        .unicode_list = NULL, .glyph_id_ofs_list = NULL, .list_length = 0, .type = LV_FONT_FMT_TXT_CMAP_FORMAT0_TINY
    },
    {
        .range_start = 183, .range_length = 65192, .glyph_id_start = 96,
        .unicode_list = unicode_list_1, .glyph_id_ofs_list = NULL, .list_length = 508, .type = LV_FONT_FMT_TXT_CMAP_SPARSE_TINY
    }
};

/*-----------------
 *    KERNING
 *----------------*/


/*Map glyph_ids to kern left classes*/
static const uint8_t kern_left_class_mapping[] =
{
    0, 0, 0, 1, 0, 0, 0, 0,
    1, 2, 0, 0, 0, 3, 4, 3,
    5, 0, 0, 0, 0, 0, 0, 0,
    0, 0, 0, 6, 6, 0, 0, 0,
    0, 0, 7, 8, 9, 10, 11, 12,
    13, 0, 0, 14, 15, 16, 0, 0,
    10, 17, 10, 18, 19, 20, 21, 22,
    23, 24, 25, 26, 2, 27, 0, 0,
    0, 0, 28, 29, 30, 0, 31, 32,
    33, 34, 0, 0, 35, 36, 34, 34,
    29, 29, 37, 38, 39, 40, 37, 41,
    42, 43, 44, 45, 2, 0, 0, 0,
    0, 4, 0, 0, 0, 0, 0, 0,
    0, 0, 0, 0, 0, 0, 0, 0,
    0, 0, 0, 0, 0, 0, 0, 0,
    0, 0, 0, 0, 0, 0, 0, 0,
    0, 0, 0, 0, 0, 0, 0, 0,
    0, 0, 0, 0, 0, 0, 0, 0,
    0, 0, 0, 0, 0, 0, 0, 0,
    0, 0, 0, 0, 0, 0, 0, 0,
    0, 0, 0, 0, 0, 0, 0, 0,
    0, 0, 0, 0, 0, 0, 0, 0,
    0, 0, 0, 0, 0, 0, 0, 0,
    0, 0, 0, 0, 0, 0, 0, 0,
    0, 0, 0, 0, 0, 0, 0, 0,
    0, 0, 0, 0, 0, 0, 0, 0,
    0, 0, 0, 0, 0, 0, 0, 0,
    0, 0, 0, 0, 0, 0, 0, 0,
    0, 0, 0, 0, 0, 0, 0, 0,
    0, 0, 0, 0, 0, 0, 0, 0,
    0, 0, 0, 0, 0, 0, 0, 0,
    0, 0, 0, 0, 0, 0, 0, 0,
    0, 0, 0, 0, 0, 0, 0, 0,
    0, 0, 0, 0, 0, 0, 0, 0,
    0, 0, 0, 0, 0, 0, 0, 0,
    0, 0, 0, 0, 0, 0, 0, 0,
    0, 0, 0, 0, 0, 0, 0, 0,
    0, 0, 0, 0, 0, 0, 0, 0,
    0, 0, 0, 0, 0, 0, 0, 0,
    0, 0, 0, 0, 0, 0, 0, 0,
    0, 0, 0, 0, 0, 0, 0, 0,
    0, 0, 0, 0, 0, 0, 0, 0,
    0, 0, 0, 0, 0, 0, 0, 0,
    0, 0, 0, 0, 0, 0, 0, 0,
    0, 0, 0, 0, 0, 0, 0, 0,
    0, 0, 0, 0, 0, 0, 0, 0,
    0, 0, 0, 0, 0, 0, 0, 0,
    0, 0, 0, 0, 0, 0, 0, 0,
    0, 0, 0, 0, 0, 0, 0, 0,
    0, 0, 0, 0, 0, 0, 0, 0,
    0, 0, 0, 0, 0, 0, 0, 0,
    0, 0, 0, 0, 0, 0, 0, 0,
    0, 0, 0, 0, 0, 0, 0, 0,
    0, 0, 0, 0, 0, 0, 0, 0,
    0, 0, 0, 0, 0, 0, 0, 0,
    0, 0, 0, 0, 0, 0, 0, 0,
    0, 0, 0, 0, 0, 0, 0, 0,
    0, 0, 0, 0, 0, 0, 0, 0,
    0, 0, 0, 0, 0, 0, 0, 0,
    0, 0, 0, 0, 0, 0, 0, 0,
    0, 0, 0, 0, 0, 0, 0, 0,
    0, 0, 0, 0, 0, 0, 0, 0,
    0, 0, 0, 0, 0, 0, 0, 0,
    0, 0, 0, 0, 0, 0, 0, 0,
    0, 0, 0, 0, 0, 0, 0, 0,
    0, 0, 0, 0, 0, 0, 0, 0,
    0, 0, 0, 0, 0, 0, 0, 0,
    0, 0, 0, 0, 0, 0, 0, 0,
    0, 0, 0, 0, 0, 0, 0, 0,
    0, 0, 0, 0, 0, 0, 0, 0,
    0, 0, 0, 0, 0, 0, 0, 0,
    0, 0, 0, 0, 0, 0, 0, 0,
    0, 0, 0, 0, 0, 0, 0, 0,
    0, 0, 0, 0, 0, 0, 0, 0,
    0, 0, 0, 0, 0, 0, 0, 0,
    0, 0, 0, 0
};

/*Map glyph_ids to kern right classes*/
static const uint8_t kern_right_class_mapping[] =
{
    0, 0, 1, 2, 0, 0, 0, 0,
    2, 0, 3, 4, 0, 5, 6, 7,
    8, 0, 0, 0, 0, 0, 0, 0,
    0, 0, 0, 9, 10, 0, 0, 0,
    11, 0, 12, 0, 13, 0, 0, 0,
    13, 0, 0, 14, 0, 0, 0, 0,
    13, 0, 13, 0, 15, 16, 17, 18,
    19, 20, 21, 22, 0, 23, 3, 0,
    0, 0, 24, 0, 25, 25, 25, 26,
    27, 0, 28, 29, 0, 0, 30, 30,
    25, 30, 25, 30, 31, 32, 33, 34,
    35, 36, 37, 38, 0, 0, 3, 0,
    0, 6, 0, 0, 0, 0, 0, 0,
    0, 0, 0, 0, 0, 0, 0, 0,
    0, 0, 0, 0, 0, 0, 0, 0,
    0, 0, 0, 0, 0, 0, 0, 0,
    0, 0, 0, 0, 0, 0, 0, 0,
    0, 0, 0, 0, 0, 0, 0, 0,
    0, 0, 0, 0, 0, 0, 0, 0,
    0, 0, 0, 0, 0, 0, 0, 0,
    0, 0, 0, 0, 0, 0, 0, 0,
    0, 0, 0, 0, 0, 0, 0, 0,
    0, 0, 0, 0, 0, 0, 0, 0,
    0, 0, 0, 0, 0, 0, 0, 0,
    0, 0, 0, 0, 0, 0, 0, 0,
    0, 0, 0, 0, 0, 0, 0, 0,
    0, 0, 0, 0, 0, 0, 0, 0,
    0, 0, 0, 0, 0, 0, 0, 0,
    0, 0, 0, 0, 0, 0, 0, 0,
    0, 0, 0, 0, 0, 0, 0, 0,
    0, 0, 0, 0, 0, 0, 0, 0,
    0, 0, 0, 0, 0, 0, 0, 0,
    0, 0, 0, 0, 0, 0, 0, 0,
    0, 0, 0, 0, 0, 0, 0, 0,
    0, 0, 0, 0, 0, 0, 0, 0,
    0, 0, 0, 0, 0, 0, 0, 0,
    0, 0, 0, 0, 0, 0, 0, 0,
    0, 0, 0, 0, 0, 0, 0, 0,
    0, 0, 0, 0, 0, 0, 0, 0,
    0, 0, 0, 0, 0, 0, 0, 0,
    0, 0, 0, 0, 0, 0, 0, 0,
    0, 0, 0, 0, 0, 0, 0, 0,
    0, 0, 0, 0, 0, 0, 0, 0,
    0, 0, 0, 0, 0, 0, 0, 0,
    0, 0, 0, 0, 0, 0, 0, 0,
    0, 0, 0, 0, 0, 0, 0, 0,
    0, 0, 0, 0, 0, 0, 0, 0,
    0, 0, 0, 0, 0, 0, 0, 0,
    0, 0, 0, 0, 0, 0, 0, 0,
    0, 0, 0, 0, 0, 0, 0, 0,
    0, 0, 0, 0, 0, 0, 0, 0,
    0, 0, 0, 0, 0, 0, 0, 0,
    0, 0, 0, 0, 0, 0, 0, 0,
    0, 0, 0, 0, 0, 0, 0, 0,
    0, 0, 0, 0, 0, 0, 0, 0,
    0, 0, 0, 0, 0, 0, 0, 0,
    0, 0, 0, 0, 0, 0, 0, 0,
    0, 0, 0, 0, 0, 0, 0, 0,
    0, 0, 0, 0, 0, 0, 0, 0,
    0, 0, 0, 0, 0, 0, 0, 0,
    0, 0, 0, 0, 0, 0, 0, 0,
    0, 0, 0, 0, 0, 0, 0, 0,
    0, 0, 0, 0, 0, 0, 0, 0,
    0, 0, 0, 0, 0, 0, 0, 0,
    0, 0, 0, 0, 0, 0, 0, 0,
    0, 0, 0, 0, 0, 0, 0, 0,
    0, 0, 0, 0, 0, 0, 0, 0,
    0, 0, 0, 0, 0, 0, 0, 0,
    0, 0, 0, 0, 0, 0, 0, 0,
    0, 0, 0, 0, 0, 0, 0, 0,
    0, 0, 0, 0, 0, 0, 0, 0,
    0, 0, 0, 0, 0, 0, 0, 0,
    0, 0, 0, 0, 0, 0, 0, 0,
    0, 0, 0, 0, 0, 0, 0, 0,
    0, 0, 0, 0, 0, 0, 0, 0,
    0, 0, 0, 0
};

/*Kern values between classes*/
static const int8_t kern_class_values[] =
{
    0, 0, 0, 0, -42, 0, -42, 0,
    0, 0, 0, -20, 0, -35, -4, 0,
    0, 0, 0, -4, 0, 0, 0, 0,
    -12, 0, 0, 0, 0, 0, -8, 0,
    0, 0, 0, 0, 0, 0, 0, 0,
    0, 0, 0, 0, 0, 0, 0, 0,
    0, 0, 0, -8, 0, 0, 0, 0,
    0, 0, 0, 0, 0, 0, 0, 0,
    0, 0, 28, 0, 0, 0, 0, 0,
    0, 0, 0, 0, 0, -35, 0, -50,
    0, 0, 0, 0, 0, 0, 0, 0,
    0, 0, 0, -36, -8, -24, -13, 0,
    -34, 0, 0, 0, -5, 0, 0, 0,
    8, 0, 0, -17, 0, -13, -9, 0,
    -8, 0, 0, 0, 0, 0, 0, 0,
    0, 0, 0, 0, 0, 0, 0, -8,
    -7, -18, 0, -8, -4, -11, -24, -8,
    0, 0, 0, 0, 0, 0, 0, 0,
    0, -10, 0, -4, 0, -6, 0, 0,
    0, 0, 0, 0, 0, 0, 0, 0,
    0, 0, 0, -15, -4, -29, 0, 0,
    0, 0, 0, 0, 0, 0, 0, -9,
    -12, 0, -4, 8, 8, 0, 0, 2,
    -8, 0, 0, 0, 0, 0, 0, 0,
    0, -19, 0, 0, 0, 0, 0, 0,
    0, 0, 0, 0, 0, 0, 0, 0,
    0, 0, -10, 0, 0, 0, 0, 0,
    0, 0, 0, 0, 0, 0, 0, 0,
    0, 0, 0, 0, 0, -20, 0, -35,
    0, 0, 0, 0, 0, 0, -10, -3,
    -4, 0, 0, -20, -6, -6, 0, 1,
    -6, -4, -15, 7, 0, -4, 0, 0,
    0, 0, 7, -6, -3, -4, -2, -2,
    -4, 0, 0, 0, 0, -12, 0, 0,
    0, 0, 0, 0, 0, 0, 0, -6,
    -6, -9, 0, -3, -2, -2, -6, -2,
    0, 0, 0, 0, 0, 0, 0, 0,
    0, -4, 0, -6, -4, -4, -6, 0,
    0, 0, 0, 0, 0, -10, 0, 0,
    0, 0, 0, 0, -11, -4, -9, -7,
    -6, -2, -2, -2, -4, -4, 0, 0,
    0, 0, -8, 0, 0, 0, 0, -11,
    -4, -6, -4, 0, -6, 0, 0, 0,
    0, -13, 0, 0, 0, -7, 0, 0,
    0, -4, 0, -15, 0, -9, 0, -4,
    -3, -7, -8, -8, 0, 0, 0, 0,
    0, 0, 0, 0, 0, 0, 0, 0,
    0, -6, 0, -4, 0, 0, 0, 0,
    0, 0, 0, 0, 0, 0, 0, 0,
    0, 0, 0, 0, 0, 0, 0, 0,
    0, 0, 0, 0, -4, 0, 0, 0,
    0, 0, 0, -9, 0, -4, 0, -12,
    -4, 0, 0, 0, 0, 0, -27, 0,
    -27, -26, 0, 0, 0, -14, -4, -51,
    -8, 0, 0, 1, 1, -9, 0, -12,
    0, -13, -6, 0, -9, 0, 0, -8,
    -8, -4, -6, -8, -7, -10, -7, -11,
    0, 0, 0, -11, 0, 0, 0, 0,
    0, 0, 0, -2, 0, 0, 0, -8,
    0, -6, -2, 0, 0, 0, 0, 0,
    0, 0, 0, 0, 0, 0, 0, 0,
    0, 0, 0, 0, 0, 0, 0, 0,
    0, 0, -9, 0, -9, 0, 0, 0,
    0, 0, 0, -15, 0, 0, 0, 0,
    0, 0, 0, 0, 0, 0, 0, 0,
    0, 0, 0, 0, 0, 0, 0, 0,
    0, 0, 0, 0, 0, -8, 0, -15,
    0, -11, 0, 0, 0, 0, -4, -4,
    -8, 0, -4, -7, -6, -5, -4, 0,
    -7, 0, 0, 0, -4, 0, 0, 0,
    -4, 0, 0, -13, -6, -8, -7, -7,
    -8, -6, 0, -32, 0, -55, 0, -20,
    0, 0, 0, 0, -12, 0, -10, 0,
    -9, -44, -11, -28, -21, 0, -28, 0,
    -29, 0, -5, -6, -2, 0, 0, 0,
    0, -8, -4, -14, -13, 0, -14, 0,
    0, 0, 0, 0, -41, -13, -41, -29,
    0, 0, 0, -19, 0, -53, -4, -10,
    0, 0, 0, -9, -4, -30, 0, -16,
    -10, 0, -12, 0, 0, 0, -4, 0,
    0, 0, 0, -6, 0, -8, 0, 0,
    0, -4, 0, -11, 0, 0, 0, 0,
    0, -2, 0, -7, -6, -6, 0, 1,
    1, -2, -1, -4, 0, -2, -4, 0,
    -2, 0, 0, 0, 0, 0, 0, 0,
    0, -4, 0, -4, 0, 0, 0, -7,
    0, 4, 0, 0, 0, 0, 0, 0,
    0, -6, -6, -8, 0, 0, 0, 0,
    -6, 0, 0, 0, 0, 0, 0, 0,
    0, 0, 0, -9, 0, 0, 0, 0,
    0, -1, 0, 0, 0, 0, -39, -27,
    -39, -33, -8, -8, 0, -15, -9, -46,
    -15, 0, 0, 0, 0, -8, -6, -20,
    0, -27, -24, -7, -27, 0, 0, -18,
    -22, -7, -18, -13, -13, -15, -13, -28,
    0, 0, 0, 0, -7, 0, -7, -12,
    0, 0, 0, -7, 0, -18, -4, 0,
    0, -2, 0, -4, -6, 0, 0, -2,
    0, 0, -4, 0, 0, 0, -2, 0,
    0, 0, 0, -4, 0, 0, 0, 0,
    0, 0, -24, -8, -24, -18, 0, 0,
    0, -6, -4, -27, -4, 0, -4, 3,
    0, 0, 0, -8, 0, -9, -6, 0,
    -9, 0, 0, -8, -5, 0, -12, -4,
    -4, -6, -4, -10, 0, 0, 0, 0,
    -13, -4, -13, -12, 0, 0, 0, 0,
    -3, -25, -3, 0, 0, 0, 0, 0,
    0, -3, 0, -7, 0, 0, -5, 0,
    0, 0, 0, 0, 0, 0, 0, 0,
    0, -4, 0, -4, 0, -4, 0, -11,
    0, 0, 0, 0, 0, 0, -7, -1,
    -6, -8, -4, 0, 0, 0, 0, 0,
    0, -4, -4, -7, 0, 0, 0, 0,
    0, -7, -4, -7, -6, -4, -7, -6,
    0, 0, 0, 0, -33, -24, -33, -25,
    -10, -10, -4, -6, -6, -36, -6, -6,
    -4, 0, 0, 0, 0, -10, 0, -25,
    -16, 0, -22, 0, 0, -15, -16, -11,
    -13, -6, -9, -13, -6, -18, 0, 0,
    0, 0, 0, -13, 0, 0, 0, 0,
    0, -3, -8, -13, -12, 0, -4, -3,
    -3, 0, -6, -7, 0, -7, -9, -8,
    -6, 0, 0, 0, 0, -6, -9, -7,
    -7, -9, -7, 0, 0, 0, 0, 0,
    0, 0, 0, 0, 0, 0, 0, 0,
    0, 0, 0, -32, -12, -20, -12, 0,
    -27, 0, 0, 0, 0, 0, 11, 0,
    25, 0, 0, 0, 0, -8, -4, 0,
    4, 0, 0, 0, 0, -20, 0, 0,
    0, 0, 0, 0, -5, 0, 0, 0,
    0, -9, 0, -7, -2, 0, -9, 0,
    0, 0, 0, 0, 0, 0, 0, 0,
    0, -6, 0, 0, 0, 0, 0, 0,
    0, -12, 0, -10, -4, 1, -4, 0,
    0, 0, -5, 0, 0, 0, 0, -21,
    0, -8, 0, -2, -17, 0, -10, -6,
    0, -2, 0, 0, 0, 0, -2, -7,
    0, -2, -2, -7, -2, -3, 0, 0,
    0, 0, 0, -8, 0, 0, 0, 0,
    0, 0, 0, 0, 0, -8, 0, -6,
    0, 0, -9, 0, 0, -4, -9, 0,
    -4, 0, 0, 0, 0, -4, 0, 1,
    1, 2, 1, 0, 0, 0, 0, -13,
    0, 3, 0, 0, 0, 0, -4, 0,
    0, -8, -8, -9, 0, -7, -4, 0,
    -10, 0, -8, -6, 0, -2, -4, 0,
    0, 0, 0, -4, 0, 1, 1, -4,
    1, -1, 4, 13, 17, 0, -19, -6,
    -19, -6, 0, 0, 9, 0, 0, 0,
    0, 16, 0, 23, 16, 11, 20, 0,
    21, -8, -4, 0, -6, 0, -4, 0,
    -2, 0, 0, 4, 0, -2, 0, -6,
    0, 0, 4, -13, 0, 0, 0, 16,
    0, 0, -14, 0, 0, 0, 0, -10,
    0, 0, 0, 0, -6, 0, 0, -6,
    -6, 0, 0, 0, 12, 0, 0, 0,
    0, -2, -2, 0, 4, -6, 0, 0,
    0, -13, 0, 0, 0, 0, 0, 0,
    -4, 0, 0, 0, 0, -9, 0, -4,
    0, 0, -7, 0, 0, 0, 0, 0,
    0, 0, 0, 0, 0, 0, 0, 0,
    0, 0, 0, 0, 0, 0, 0, -9,
    4, -16, 4, 0, 4, 4, -5, 0,
    0, 0, 0, -13, 0, 0, 0, 0,
    -5, 0, 0, -4, -7, 0, -4, 0,
    -4, 0, 0, -8, -6, 0, 0, -4,
    0, -4, 0, 0, 0, 0, 0, 0,
    0, 0, 0, 0, 0, 0, 0, 0,
    0, 0, 0, 0, 0, 0, 0, 0,
    0, 0, 0, 0, 0, 0, 2, 0,
    0, 0, 0, 0, 0, 0, 0, 0,
    0, 0, 0, -10, 0, 0, 0, 0,
    0, 0, 0, 0, 0, 0, 0, -8,
    0, -6, 0, 0, -12, 0, 0, 0,
    0, 0, 0, 0, 0, 0, 0, 0,
    0, 0, 0, 0, 0, 0, 0, 0,
    0, 0, -20, -9, -20, -13, 8, 8,
    0, -6, 0, -20, 0, 0, 0, 0,
    0, 0, 0, -4, 4, -9, -4, 0,
    -4, 0, 0, 0, -2, 0, 0, 8,
    6, 0, 8, -2, 0, 0, 0, -19,
    0, 3, 0, 0, 0, 0, -5, 0,
    0, 0, 0, -9, 0, -4, 0, 0,
    -8, 0, 0, 0, 0, 0, 0, 0,
    0, 0, 0, -8, 0, 0, 0, 0,
    0, 0, 0, 0, 0, 0, 2, -10,
    2, 3, 4, 4, -10, 0, 0, 0,
    0, -6, 0, 0, 0, 0, -2, 0,
    0, -9, -6, 0, -4, 0, 0, 0,
    -4, -8, 0, 0, 0, -7, 0, 0,
    0, 0, 0, -5, -13, -4, -13, -8,
    0, 0, 0, -5, 0, -15, 0, -8,
    0, -4, 0, 0, -6, -4, 0, -8,
    -2, 0, 0, 0, -4, 0, 0, 0,
    0, 0, 0, 0, 0, -9, 0, 0,
    0, -5, -14, 0, -14, -4, 0, 0,
    0, -2, 0, -12, 0, -9, 0, -4,
    0, -6, -9, 0, 0, -4, -2, 0,
    0, 0, -4, 0, 0, 0, 0, 0,
    0, 0, 0, -7, -6, 0, 0, -9,
    2, -6, -4, 0, 0, 2, 0, 0,
    -4, 0, -2, -13, 0, -6, 0, -4,
    -13, 0, 0, -4, -7, 0, 0, 0,
    0, 0, 0, -9, 0, 0, 0, 0,
    -1, 0, 0, 0, 0, 0, -13, 0,
    -13, -6, 0, 0, 0, 0, 0, -15,
    0, -8, 0, -2, 0, -2, -4, 0,
    0, -8, -2, 0, 0, 0, -4, 0,
    0, 0, 0, 0, 0, -6, 0, -9,
    0, 0, 0, 0, 0, -7, 0, 0,
    0, 0, 0, 0, 0, 0, 0, -10,
    0, 0, 0, 0, -12, 0, 0, -9,
    -4, 0, -3, 0, 0, 0, 0, 0,
    -4, -2, 0, 0, -2, 0
};


/*Collect the kern class' data in one place*/
static const lv_font_fmt_txt_kern_classes_t kern_classes =
{
    .class_pair_values   = kern_class_values,
    .left_class_mapping  = kern_left_class_mapping,
    .right_class_mapping = kern_right_class_mapping,
    .left_class_cnt      = 45,
    .right_class_cnt     = 38,
};

/*--------------------
 *  ALL CUSTOM DATA
 *--------------------*/

#if LVGL_VERSION_MAJOR == 8
/*Store all the custom data of the font*/
static  lv_font_fmt_txt_glyph_cache_t cache;
#endif

#if LVGL_VERSION_MAJOR >= 8
static const lv_font_fmt_txt_dsc_t font_dsc = {
#else
static lv_font_fmt_txt_dsc_t font_dsc = {
#endif
    .glyph_bitmap = glyph_bitmap,
    .glyph_dsc = glyph_dsc,
    .cmaps = cmaps,
    .kern_dsc = &kern_classes,
    .kern_scale = 16,
    .cmap_num = 2,
    .bpp = 1,
    .kern_classes = 1,
    .bitmap_format = 0,
#if LVGL_VERSION_MAJOR == 8
    .cache = &cache
#endif
};



/*-----------------
 *  PUBLIC FONT
 *----------------*/

/*Initialize a public general font descriptor*/
#if LVGL_VERSION_MAJOR >= 8
const lv_font_t font_noto_tc_20 = {
#else
lv_font_t font_noto_tc_20 = {
#endif
    .get_glyph_dsc = lv_font_get_glyph_dsc_fmt_txt,    /*Function pointer to get glyph's data*/
    .get_glyph_bitmap = lv_font_get_bitmap_fmt_txt,    /*Function pointer to get glyph's bitmap*/
    .line_height = 24,          /*The maximum line height required by the font*/
    .base_line = 6,             /*Baseline measured from the bottom of the line*/
#if !(LVGL_VERSION_MAJOR == 6 && LVGL_VERSION_MINOR == 0)
    .subpx = LV_FONT_SUBPX_NONE,
#endif
#if LV_VERSION_CHECK(7, 4, 0) || LVGL_VERSION_MAJOR >= 8
    .underline_position = -2,
    .underline_thickness = 1,
#endif
    .dsc = &font_dsc,          /*The custom font data. Will be accessed by `get_glyph_bitmap/dsc` */
#if LV_VERSION_CHECK(8, 2, 0) || LVGL_VERSION_MAJOR >= 9
    .fallback = NULL,
#endif
    .user_data = NULL,
};



#endif /*#if FONT_NOTO_TC_20*/

