/*******************************************************************************
 * Size: 24 px
 * Bpp: 1
 * Opts: --font /Users/bolintw/Project/Glance/Glance/components/fonts/NotoSansTC-Regular.ttf --size 24 --bpp 1 --format lvgl --symbols  !"#$%&'()*+,-./0123456789:;<=>?@ABCDEFGHIJKLMNOPQRSTUVWXYZ[\]^_`abcdefghijklmnopqrstuvwxyz{|}~。，、；：？！…—·「」『』（）【】《》〈〉""''～／＼＋－＝％＃＊＠＆的一是不了人我在有他這中大來上個到說們為子和你地出會著就那要下以生也時得理而行能對三面自學工已經體同心但位很從利它後然主長定前動公化被開把無間常最如什合第其次用社加重新合世全小將及年月日星期週一二三四五六早午晚上下室號樓區路街道市鄉鎮村里巷弄室台北高雄桃園中壢新竹嘉義彰化宜蘭花蓮台南台東基隆板橋永和中和土城三峽鶯歌樹林泰山五股蘆洲汐止信義松山大安南港內湖中山士林北投萬華文山大同中正松江復興忠孝仁愛信義和平敦化建國新生大學民族民生民權電話會議報告簡報討論決定安排準備確認通知取消延期提前變更辦公室教室課堂線上遠端實體現場活動聚餐慶祝生日節日假日休假請假出差旅行回家開會面試培訓研討發表演講展覽參觀拜訪接送預約掛號看診檢查運動健身瑜珈跑步游泳打球比賽練習排練彩排繳費付款購物採買超商銀行郵局家中外出門診住院治療復診追蹤複查牙科眼科耳鼻喉皮膚骨科內科外科兒科婦產心臟腎臟肝臟腸胃神經精神整形復健營養藥局疫苗健檢團隊同事主管客戶廠商夥伴朋友家人小孩父母兄弟姐妹爺爺奶奶老師學生助理秘書經理總監董事執行專案企劃業務行銷設計研發製造品管採購物流倉儲客服技術維修測試審核驗收上線發布部署更新維護備份還原遷移升級整理清潔打掃洗衣煮飯買菜接小孩送小孩補習才藝鋼琴小提繪畫書法舞蹈英文數學國語社會自然音樂美勞電腦程式早餐中餐晚餐宵夜點心飲料咖啡茶水果蔬菜肉類海鮮麵包蛋糕甜點便當外送每天週末例行固定臨時緊急優先重要一般普通待辦進行完成取消暫停恢復正常異常注意警告錯誤成功失敗待確認已確認未開始執行進度百分之春夏秋冬雨晴陰風雪霧溫度濕度紫外線空氣品質 --no-compress --no-prefilter --lv-include lvgl.h -o /Users/bolintw/Project/Glance/Glance/components/fonts/font_noto_tc_24.c
 ******************************************************************************/

#ifdef LV_LVGL_H_INCLUDE_SIMPLE
#include "lvgl.h"
#else
#include "lvgl.h"
#endif

#ifndef FONT_NOTO_TC_24
#define FONT_NOTO_TC_24 1
#endif

#if FONT_NOTO_TC_24

/*-----------------
 *    BITMAPS
 *----------------*/

/*Store the image of the glyphs*/
static LV_ATTRIBUTE_LARGE_CONST const uint8_t glyph_bitmap[] = {
    /* U+0020 " " */
    0x0,

    /* U+0021 "!" */
    0x6d, 0xb6, 0xdb, 0x6d, 0xb6, 0x7, 0xfc,

    /* U+0022 "\"" */
    0xc7, 0x8f, 0x1e, 0x3c, 0x78, 0xf1, 0x80,

    /* U+0023 "#" */
    0x8, 0x40, 0x8c, 0x8, 0xc1, 0x8c, 0x18, 0xc7,
    0xff, 0x7f, 0xf1, 0x8, 0x10, 0x81, 0x8, 0xff,
    0xef, 0xfe, 0x31, 0x83, 0x10, 0x31, 0x3, 0x10,
    0x21, 0x2, 0x10,

    /* U+0024 "$" */
    0x6, 0x0, 0xc0, 0x18, 0x3, 0x0, 0xf0, 0x7f,
    0x9c, 0x33, 0x0, 0x60, 0xc, 0x1, 0xc0, 0x1c,
    0x0, 0xe0, 0x7, 0x0, 0x70, 0x7, 0x0, 0x60,
    0xd, 0x1, 0xf0, 0x67, 0xfc, 0x3e, 0x1, 0x80,
    0x30, 0x6, 0x0,

    /* U+0025 "%" */
    0x3c, 0x2, 0x7, 0xe0, 0x60, 0xe7, 0x4, 0xc,
    0x30, 0xc0, 0xc3, 0x8, 0xc, 0x31, 0x80, 0xc3,
    0x13, 0xcc, 0x32, 0x7e, 0x66, 0x26, 0x67, 0xe4,
    0xc3, 0x3c, 0x4c, 0x30, 0x8, 0xc3, 0x1, 0x8c,
    0x30, 0x10, 0xc3, 0x3, 0xc, 0x30, 0x20, 0x66,
    0x6, 0x7, 0xe0, 0x40, 0x3c,

    /* U+0026 "&" */
    0xf, 0x0, 0x3f, 0x0, 0xe7, 0x1, 0x86, 0x3,
    0xc, 0x6, 0x30, 0xc, 0xc0, 0xf, 0x0, 0x1c,
    0x6, 0x78, 0xd, 0x98, 0x36, 0x18, 0x6c, 0x39,
    0x98, 0x3f, 0x30, 0x3c, 0x38, 0x7c, 0x7f, 0xde,
    0x3e, 0xc,

    /* U+0027 "'" */
    0xff, 0xfc,

    /* U+0028 "(" */
    0x0, 0xc4, 0x62, 0x31, 0x8c, 0xc6, 0x31, 0x8c,
    0x63, 0x18, 0xc6, 0x18, 0xc6, 0x30, 0xc6, 0x18,
    0xc0,

    /* U+0029 ")" */
    0x6, 0x10, 0xc6, 0x18, 0xc6, 0x18, 0xc6, 0x31,
    0x8c, 0x63, 0x18, 0xcc, 0x63, 0x19, 0x8c, 0xc6,
    0x0,

    /* U+002A "*" */
    0x10, 0x10, 0x92, 0xff, 0x3c, 0x38, 0x6c, 0x44,

    /* U+002B "+" */
    0x6, 0x0, 0x60, 0x6, 0x0, 0x60, 0x6, 0xf,
    0xff, 0xff, 0xf0, 0x60, 0x6, 0x0, 0x60, 0x6,
    0x0, 0x60,

    /* U+002C "," */
    0x73, 0xde, 0x31, 0x99, 0x88,

    /* U+002D "-" */
    0xff, 0xf0,

    /* U+002E "." */
    0xff, 0x80,

    /* U+002F "/" */
    0x1, 0x80, 0xc0, 0x40, 0x60, 0x30, 0x10, 0x8,
    0xc, 0x6, 0x2, 0x3, 0x1, 0x80, 0x80, 0xc0,
    0x60, 0x30, 0x10, 0x18, 0xc, 0x4, 0x6, 0x3,
    0x1, 0x0, 0x80, 0xc0, 0x0,

    /* U+0030 "0" */
    0x1f, 0x7, 0xf1, 0xc7, 0x30, 0x6e, 0xd, 0x80,
    0xf0, 0x1e, 0x3, 0xc0, 0x78, 0xf, 0x1, 0xe0,
    0x3c, 0x6, 0xc1, 0x98, 0x33, 0x8e, 0x3f, 0x83,
    0xe0,

    /* U+0031 "1" */
    0x1c, 0x1f, 0x7, 0xc0, 0x30, 0xc, 0x3, 0x0,
    0xc0, 0x30, 0xc, 0x3, 0x0, 0xc0, 0x30, 0xc,
    0x3, 0x0, 0xc0, 0x30, 0xff, 0xff, 0xf0,

    /* U+0032 "2" */
    0x1e, 0xf, 0xf3, 0x86, 0x20, 0x60, 0xc, 0x1,
    0x80, 0x30, 0x6, 0x1, 0x80, 0x30, 0xc, 0x3,
    0x0, 0xe0, 0x38, 0xe, 0x3, 0x80, 0xff, 0xff,
    0xfc,

    /* U+0033 "3" */
    0xf, 0x83, 0xfc, 0x70, 0xe0, 0x6, 0x0, 0x60,
    0x6, 0x1, 0xc0, 0xf8, 0xf, 0xc0, 0xe, 0x0,
    0x60, 0x3, 0x0, 0x30, 0x3, 0x40, 0x77, 0xe,
    0x3f, 0xc1, 0xf8,

    /* U+0034 "4" */
    0x1, 0xc0, 0xe, 0x0, 0xf0, 0xd, 0x80, 0x6c,
    0x6, 0x60, 0x33, 0x3, 0x18, 0x30, 0xc1, 0x86,
    0x18, 0x31, 0xff, 0xff, 0xff, 0x80, 0x60, 0x3,
    0x0, 0x18, 0x0, 0xc0, 0x6, 0x0,

    /* U+0035 "5" */
    0x3f, 0xe3, 0xfe, 0x30, 0x3, 0x0, 0x30, 0x3,
    0x0, 0x3f, 0x83, 0xfe, 0x30, 0xe0, 0x7, 0x0,
    0x30, 0x3, 0x0, 0x30, 0x3, 0x40, 0x6e, 0xe,
    0x7f, 0xc1, 0xf0,

    /* U+0036 "6" */
    0xf, 0x83, 0xf8, 0xe1, 0x38, 0x6, 0x1, 0xc0,
    0x33, 0xc6, 0xfe, 0xf0, 0xdc, 0x1f, 0x1, 0xe0,
    0x3e, 0x6, 0xc0, 0xd8, 0x3b, 0x86, 0x3f, 0x81,
    0xe0,

    /* U+0037 "7" */
    0xff, 0xff, 0xfc, 0x3, 0x0, 0x60, 0x18, 0x2,
    0x0, 0xc0, 0x18, 0x6, 0x0, 0xc0, 0x18, 0x3,
    0x0, 0xc0, 0x18, 0x3, 0x0, 0x60, 0xc, 0x1,
    0x80,

    /* U+0038 "8" */
    0xf, 0x7, 0xf9, 0xc3, 0xb0, 0x36, 0x6, 0xc0,
    0xd8, 0x19, 0x86, 0x1c, 0x86, 0xf1, 0x87, 0x60,
    0x7c, 0x7, 0x80, 0xf0, 0x1b, 0x86, 0x7f, 0xc3,
    0xe0,

    /* U+0039 "9" */
    0x1e, 0x7, 0xf1, 0x87, 0x70, 0x6c, 0xd, 0x80,
    0xf0, 0x1e, 0x7, 0x61, 0xef, 0xec, 0xf9, 0x80,
    0x30, 0xe, 0x1, 0x80, 0x33, 0x1c, 0x7f, 0x7,
    0xc0,

    /* U+003A ":" */
    0xff, 0x80, 0x0, 0x0, 0x7f, 0xc0,

    /* U+003B ";" */
    0xee, 0xe0, 0x0, 0x0, 0x0, 0xe, 0xff, 0x33,
    0x6c, 0x80,

    /* U+003C "<" */
    0x0, 0x30, 0xf, 0x3, 0xc1, 0xf0, 0x78, 0xe,
    0x0, 0xf0, 0x3, 0xe0, 0x7, 0x80, 0x1f, 0x0,
    0x70,

    /* U+003D "=" */
    0xff, 0xff, 0xff, 0x0, 0x0, 0x0, 0x0, 0x0,
    0x0, 0xff, 0xff, 0xff,

    /* U+003E ">" */
    0x80, 0xf, 0x0, 0x7c, 0x0, 0xf0, 0x3, 0xe0,
    0x7, 0x1, 0xf0, 0x78, 0x3e, 0xf, 0x0, 0xc0,
    0x0,

    /* U+003F "?" */
    0x1e, 0x3f, 0xb8, 0xe0, 0x30, 0x18, 0xc, 0xc,
    0x6, 0x6, 0x6, 0x3, 0x3, 0x1, 0x80, 0x0,
    0x0, 0x38, 0x1c, 0xe, 0x0,

    /* U+0040 "@" */
    0x0, 0xfc, 0x0, 0x3f, 0xf0, 0xf, 0x3, 0xc1,
    0xc0, 0xc, 0x38, 0x0, 0xe3, 0x0, 0x6, 0x70,
    0xf4, 0x36, 0x1f, 0xc3, 0x63, 0x8c, 0x3c, 0x30,
    0x83, 0xc6, 0x8, 0x3c, 0x60, 0x83, 0xc6, 0x18,
    0x7c, 0x61, 0x86, 0xc7, 0x38, 0xec, 0x3e, 0xfc,
    0xe1, 0xc7, 0x6, 0x0, 0x0, 0x70, 0x0, 0x3,
    0x80, 0x0, 0x1e, 0xc, 0x0, 0xff, 0xc0, 0x3,
    0xf0, 0x0,

    /* U+0041 "A" */
    0x3, 0x0, 0x1e, 0x0, 0x78, 0x1, 0x20, 0xc,
    0xc0, 0x33, 0x0, 0xcc, 0x6, 0x18, 0x18, 0x60,
    0x61, 0x83, 0xff, 0xf, 0xfc, 0x30, 0x31, 0xc0,
    0xe6, 0x1, 0x98, 0x6, 0xe0, 0x1f, 0x0, 0x30,

    /* U+0042 "B" */
    0xff, 0xf, 0xfc, 0xc0, 0xec, 0x6, 0xc0, 0x6c,
    0x6, 0xc0, 0xcf, 0xf8, 0xff, 0xcc, 0xe, 0xc0,
    0x7c, 0x3, 0xc0, 0x3c, 0x3, 0xc0, 0x7c, 0xe,
    0xff, 0xcf, 0xf0,

    /* U+0043 "C" */
    0x7, 0xc0, 0xff, 0x8e, 0xc, 0xe0, 0x6, 0x0,
    0x70, 0x3, 0x0, 0x18, 0x0, 0xc0, 0x6, 0x0,
    0x30, 0x1, 0x80, 0xe, 0x0, 0x30, 0x1, 0xc0,
    0x47, 0x7, 0x1f, 0xf0, 0x3e, 0x0,

    /* U+0044 "D" */
    0xff, 0x7, 0xfe, 0x30, 0x79, 0x80, 0xec, 0x3,
    0x60, 0x1f, 0x0, 0x78, 0x3, 0xc0, 0x1e, 0x0,
    0xf0, 0x7, 0x80, 0x3c, 0x3, 0xe0, 0x1b, 0x1,
    0xd8, 0x3c, 0xff, 0xc7, 0xf8, 0x0,

    /* U+0045 "E" */
    0xff, 0xdf, 0xfb, 0x0, 0x60, 0xc, 0x1, 0x80,
    0x30, 0x7, 0xfc, 0xff, 0x98, 0x3, 0x0, 0x60,
    0xc, 0x1, 0x80, 0x30, 0x6, 0x0, 0xff, 0xff,
    0xfc,

    /* U+0046 "F" */
    0xff, 0xff, 0xfc, 0x3, 0x0, 0xc0, 0x30, 0xc,
    0x3, 0x0, 0xff, 0xbf, 0xec, 0x3, 0x0, 0xc0,
    0x30, 0xc, 0x3, 0x0, 0xc0, 0x30, 0x0,

    /* U+0047 "G" */
    0x7, 0xc0, 0xff, 0x8e, 0xc, 0xe0, 0x6, 0x0,
    0x70, 0x3, 0x0, 0x18, 0x0, 0xc1, 0xfe, 0xf,
    0xf0, 0x7, 0x80, 0x3e, 0x1, 0xb0, 0xd, 0xc0,
    0x67, 0x7, 0x1f, 0xf0, 0x3f, 0x0,

    /* U+0048 "H" */
    0xc0, 0x1e, 0x0, 0xf0, 0x7, 0x80, 0x3c, 0x1,
    0xe0, 0xf, 0x0, 0x7f, 0xff, 0xff, 0xfe, 0x0,
    0xf0, 0x7, 0x80, 0x3c, 0x1, 0xe0, 0xf, 0x0,
    0x78, 0x3, 0xc0, 0x1e, 0x0, 0xc0,

    /* U+0049 "I" */
    0xff, 0xff, 0xff, 0xff, 0xf0,

    /* U+004A "J" */
    0x1, 0x80, 0xc0, 0x60, 0x30, 0x18, 0xc, 0x6,
    0x3, 0x1, 0x80, 0xc0, 0x60, 0x30, 0x18, 0xe,
    0x7, 0x86, 0x7f, 0x1f, 0x0,

    /* U+004B "K" */
    0xc0, 0x76, 0x7, 0x30, 0x71, 0x83, 0xc, 0x30,
    0x63, 0x83, 0x38, 0x1b, 0xc0, 0xfe, 0x7, 0x98,
    0x3c, 0xe1, 0xc3, 0xc, 0x1c, 0x60, 0x63, 0x3,
    0x98, 0xc, 0xc0, 0x76, 0x1, 0xc0,

    /* U+004C "L" */
    0xc0, 0x30, 0xc, 0x3, 0x0, 0xc0, 0x30, 0xc,
    0x3, 0x0, 0xc0, 0x30, 0xc, 0x3, 0x0, 0xc0,
    0x30, 0xc, 0x3, 0x0, 0xff, 0xff, 0xf0,

    /* U+004D "M" */
    0xe0, 0xf, 0xc0, 0x1f, 0xc0, 0x7f, 0x80, 0xfd,
    0x1, 0x7b, 0x6, 0xf6, 0xd, 0xe6, 0x13, 0xcc,
    0x67, 0x98, 0xcf, 0x19, 0x1e, 0x36, 0x3c, 0x6c,
    0x78, 0x70, 0xf0, 0xe1, 0xe0, 0xc3, 0xc0, 0x7,
    0x80, 0xc,

    /* U+004E "N" */
    0xe0, 0x1f, 0x0, 0xfc, 0x7, 0xe0, 0x3d, 0x81,
    0xee, 0xf, 0x30, 0x79, 0xc3, 0xc6, 0x1e, 0x18,
    0xf0, 0xe7, 0x83, 0x3c, 0x1d, 0xe0, 0x6f, 0x1,
    0xf8, 0xf, 0xc0, 0x3e, 0x1, 0xc0,

    /* U+004F "O" */
    0x7, 0xc0, 0x3f, 0xe0, 0xe0, 0xe3, 0x80, 0xe6,
    0x0, 0xdc, 0x1, 0xf0, 0x1, 0xe0, 0x3, 0xc0,
    0x7, 0x80, 0xf, 0x0, 0x1e, 0x0, 0x3e, 0x0,
    0xec, 0x1, 0x9c, 0x7, 0x1c, 0x1c, 0x1f, 0xf0,
    0xf, 0x80,

    /* U+0050 "P" */
    0xff, 0x1f, 0xfb, 0x7, 0x60, 0x3c, 0x7, 0x80,
    0xf0, 0x1e, 0x7, 0xc1, 0xdf, 0xf3, 0xfc, 0x60,
    0xc, 0x1, 0x80, 0x30, 0x6, 0x0, 0xc0, 0x18,
    0x0,

    /* U+0051 "Q" */
    0x7, 0xc0, 0x3f, 0xe0, 0xe0, 0xe3, 0x80, 0xe6,
    0x0, 0xdc, 0x1, 0xf0, 0x1, 0xe0, 0x3, 0xc0,
    0x7, 0x80, 0xf, 0x0, 0x1e, 0x0, 0x3e, 0x0,
    0xec, 0x1, 0x9c, 0x7, 0x1c, 0x1c, 0x1f, 0xf0,
    0xf, 0x80, 0x6, 0x0, 0xf, 0x0, 0xf, 0xe0,
    0x7, 0xc0,

    /* U+0052 "R" */
    0xff, 0x87, 0xff, 0x30, 0x3d, 0x80, 0x6c, 0x3,
    0x60, 0x1b, 0x0, 0xd8, 0x1c, 0xff, 0xe7, 0xfc,
    0x30, 0xc1, 0x87, 0xc, 0x1c, 0x60, 0x63, 0x3,
    0x98, 0xc, 0xc0, 0x76, 0x1, 0x80,

    /* U+0053 "S" */
    0xf, 0x83, 0xfe, 0x30, 0x66, 0x2, 0x60, 0x6,
    0x0, 0x70, 0x3, 0xc0, 0xf, 0x80, 0x3c, 0x0,
    0xe0, 0x7, 0x0, 0x30, 0x3, 0x40, 0x3f, 0x6,
    0x7f, 0xe1, 0xf8,

    /* U+0054 "T" */
    0xff, 0xff, 0xff, 0xc1, 0x80, 0xc, 0x0, 0x60,
    0x3, 0x0, 0x18, 0x0, 0xc0, 0x6, 0x0, 0x30,
    0x1, 0x80, 0xc, 0x0, 0x60, 0x3, 0x0, 0x18,
    0x0, 0xc0, 0x6, 0x0, 0x30, 0x0,

    /* U+0055 "U" */
    0xc0, 0x1e, 0x0, 0xf0, 0x7, 0x80, 0x3c, 0x1,
    0xe0, 0xf, 0x0, 0x78, 0x3, 0xc0, 0x1e, 0x0,
    0xf0, 0x7, 0x80, 0x3c, 0x1, 0xe0, 0x1d, 0x80,
    0xce, 0xe, 0x3f, 0xe0, 0x7c, 0x0,

    /* U+0056 "V" */
    0xe0, 0x1f, 0x80, 0x66, 0x1, 0x98, 0x6, 0x70,
    0x30, 0xc0, 0xc3, 0x3, 0xe, 0x18, 0x18, 0x60,
    0x61, 0x81, 0x8e, 0x3, 0x30, 0xc, 0xc0, 0x33,
    0x0, 0x78, 0x1, 0xe0, 0x7, 0x80, 0x1c, 0x0,

    /* U+0057 "W" */
    0xc0, 0xe0, 0x78, 0x1c, 0xf, 0x3, 0x81, 0xf0,
    0x50, 0x36, 0x1b, 0xe, 0xc3, 0x61, 0x98, 0x6c,
    0x33, 0xc, 0x86, 0x73, 0x18, 0xc6, 0x63, 0x38,
    0xcc, 0x66, 0x19, 0x84, 0xc3, 0x20, 0xd8, 0x6c,
    0x1b, 0x7, 0x83, 0x60, 0xf0, 0x78, 0x1c, 0x7,
    0x3, 0x80, 0xe0,

    /* U+0058 "X" */
    0x60, 0x39, 0x81, 0x8e, 0x1c, 0x30, 0xc1, 0xce,
    0x6, 0x60, 0x3e, 0x0, 0xf0, 0x7, 0x0, 0x3c,
    0x1, 0xe0, 0x1b, 0x81, 0xcc, 0xc, 0x30, 0xe1,
    0x86, 0x6, 0x70, 0x3b, 0x0, 0xc0,

    /* U+0059 "Y" */
    0xc0, 0x3e, 0x7, 0x60, 0x67, 0xe, 0x30, 0xc3,
    0xc, 0x19, 0x81, 0x98, 0xf, 0x0, 0xf0, 0x6,
    0x0, 0x60, 0x6, 0x0, 0x60, 0x6, 0x0, 0x60,
    0x6, 0x0, 0x60,

    /* U+005A "Z" */
    0x7f, 0xf7, 0xff, 0x0, 0x60, 0xe, 0x0, 0xc0,
    0x18, 0x3, 0x80, 0x30, 0x7, 0x0, 0x60, 0xc,
    0x1, 0xc0, 0x18, 0x3, 0x0, 0x70, 0x6, 0x0,
    0xff, 0xff, 0xff,

    /* U+005B "[" */
    0xff, 0xf1, 0x8c, 0x63, 0x18, 0xc6, 0x31, 0x8c,
    0x63, 0x18, 0xc6, 0x31, 0x8c, 0x63, 0x1f, 0xf8,

    /* U+005C "\\" */
    0x40, 0x20, 0x18, 0xc, 0x2, 0x1, 0x80, 0xc0,
    0x20, 0x10, 0xc, 0x6, 0x1, 0x0, 0xc0, 0x60,
    0x10, 0x8, 0x6, 0x3, 0x0, 0x80, 0x60, 0x30,
    0x8, 0x6, 0x3, 0x0, 0x80,

    /* U+005D "]" */
    0xff, 0xc6, 0x31, 0x8c, 0x63, 0x18, 0xc6, 0x31,
    0x8c, 0x63, 0x18, 0xc6, 0x31, 0x8c, 0x7f, 0xf8,

    /* U+005E "^" */
    0x1c, 0x7, 0x1, 0x60, 0xd8, 0x32, 0x8, 0xc6,
    0x31, 0x84, 0x41, 0xb0, 0x6c, 0xc,

    /* U+005F "_" */
    0xff, 0xff, 0xff, 0xc0,

    /* U+0060 "`" */
    0x1, 0x87, 0xe, 0x1c, 0x20,

    /* U+0061 "a" */
    0x1f, 0x1f, 0xe6, 0x18, 0x3, 0x0, 0xc0, 0xf1,
    0xfd, 0xc3, 0xe0, 0xf0, 0x3c, 0xf, 0x8f, 0x7e,
    0xcf, 0x30,

    /* U+0062 "b" */
    0xc0, 0x18, 0x3, 0x0, 0x60, 0xc, 0x1, 0x80,
    0x33, 0xc6, 0xfc, 0xf1, 0xd8, 0x1f, 0x1, 0xe0,
    0x3c, 0x7, 0x80, 0xf0, 0x1e, 0x3, 0xc0, 0xdc,
    0x3b, 0xfe, 0x67, 0x80,

    /* U+0063 "c" */
    0xf, 0xf, 0xf7, 0x9, 0x80, 0xc0, 0x30, 0xc,
    0x3, 0x0, 0xc0, 0x30, 0x6, 0x1, 0xc3, 0x3f,
    0xc7, 0xc0,

    /* U+0064 "d" */
    0x0, 0x60, 0xc, 0x1, 0x80, 0x30, 0x6, 0x0,
    0xc7, 0x99, 0xff, 0x70, 0xec, 0xf, 0x1, 0xe0,
    0x3c, 0x7, 0x80, 0xf0, 0x1e, 0x3, 0xe0, 0x6e,
    0x3c, 0xff, 0x8f, 0x30,

    /* U+0065 "e" */
    0xf, 0x7, 0xf1, 0xc7, 0x30, 0x7c, 0x7, 0x80,
    0xff, 0xff, 0xff, 0xc0, 0x18, 0x1, 0x80, 0x38,
    0x23, 0xfc, 0x1f, 0x0,

    /* U+0066 "f" */
    0xf, 0x1f, 0x38, 0x30, 0x30, 0x30, 0xfe, 0xfe,
    0x30, 0x30, 0x30, 0x30, 0x30, 0x30, 0x30, 0x30,
    0x30, 0x30, 0x30, 0x30,

    /* U+0067 "g" */
    0x1f, 0xf3, 0xff, 0x71, 0x86, 0xc, 0x60, 0xc6,
    0xc, 0x60, 0xc3, 0x18, 0x3f, 0x83, 0xf0, 0x60,
    0x6, 0x0, 0x7f, 0xc3, 0xff, 0x60, 0x3c, 0x3,
    0xc0, 0x3e, 0xe, 0x7f, 0xc3, 0xf0,

    /* U+0068 "h" */
    0xc0, 0x30, 0xc, 0x3, 0x0, 0xc0, 0x30, 0xc,
    0xf3, 0x7e, 0xf1, 0xf8, 0x3c, 0xf, 0x3, 0xc0,
    0xf0, 0x3c, 0xf, 0x3, 0xc0, 0xf0, 0x3c, 0xf,
    0x3,

    /* U+0069 "i" */
    0xff, 0x80, 0x36, 0xdb, 0x6d, 0xb6, 0xdb, 0x60,

    /* U+006A "j" */
    0x1c, 0x71, 0xc0, 0x0, 0x1, 0x86, 0x18, 0x61,
    0x86, 0x18, 0x61, 0x86, 0x18, 0x61, 0x86, 0x18,
    0x61, 0x86, 0xf3, 0xc0,

    /* U+006B "k" */
    0xc0, 0x18, 0x3, 0x0, 0x60, 0xc, 0x1, 0x80,
    0x30, 0x76, 0x1c, 0xc3, 0x18, 0xc3, 0x38, 0x6e,
    0xd, 0xc1, 0xec, 0x39, 0x87, 0x18, 0xc3, 0x98,
    0x33, 0x7, 0x60, 0x60,

    /* U+006C "l" */
    0xdb, 0x6d, 0xb6, 0xdb, 0x6d, 0xb6, 0xdb, 0xb0,

    /* U+006D "m" */
    0xcf, 0xf, 0x37, 0xe7, 0xef, 0x1f, 0x1f, 0x83,
    0x83, 0xc0, 0xc0, 0xf0, 0x30, 0x3c, 0xc, 0xf,
    0x3, 0x3, 0xc0, 0xc0, 0xf0, 0x30, 0x3c, 0xc,
    0xf, 0x3, 0x3, 0xc0, 0xc0, 0xf0, 0x30, 0x30,

    /* U+006E "n" */
    0xcf, 0x37, 0xef, 0x1f, 0x83, 0xc0, 0xf0, 0x3c,
    0xf, 0x3, 0xc0, 0xf0, 0x3c, 0xf, 0x3, 0xc0,
    0xf0, 0x30,

    /* U+006F "o" */
    0xf, 0x3, 0xfc, 0x70, 0xe6, 0x6, 0xc0, 0x3c,
    0x3, 0xc0, 0x3c, 0x3, 0xc0, 0x3c, 0x3, 0x60,
    0x67, 0xe, 0x3f, 0xc0, 0xf0,

    /* U+0070 "p" */
    0xcf, 0x1f, 0xf3, 0xc7, 0x60, 0x7c, 0x7, 0x80,
    0xf0, 0x1e, 0x3, 0xc0, 0x78, 0xf, 0x3, 0x70,
    0xef, 0xf9, 0x9e, 0x30, 0x6, 0x0, 0xc0, 0x18,
    0x3, 0x0, 0x60, 0x0,

    /* U+0071 "q" */
    0x1f, 0x67, 0xfd, 0xc3, 0xb0, 0x3c, 0x7, 0x80,
    0xf0, 0x1e, 0x3, 0xc0, 0x78, 0xf, 0x81, 0xb8,
    0xf3, 0xfe, 0x3c, 0xc0, 0x18, 0x3, 0x0, 0x60,
    0xc, 0x1, 0x80, 0x30,

    /* U+0072 "r" */
    0xcf, 0xbf, 0xc7, 0xc, 0x18, 0x30, 0x60, 0xc1,
    0x83, 0x6, 0xc, 0x18, 0x0,

    /* U+0073 "s" */
    0x1f, 0xf, 0xe7, 0x9, 0x80, 0x60, 0xc, 0x1,
    0xe0, 0x1e, 0x1, 0xc0, 0x30, 0xd, 0x87, 0x7f,
    0x87, 0xc0,

    /* U+0074 "t" */
    0x30, 0x30, 0x30, 0x30, 0xff, 0xff, 0x30, 0x30,
    0x30, 0x30, 0x30, 0x30, 0x30, 0x30, 0x30, 0x38,
    0x1f, 0xf,

    /* U+0075 "u" */
    0xc0, 0xf0, 0x3c, 0xf, 0x3, 0xc0, 0xf0, 0x3c,
    0xf, 0x3, 0xc0, 0xf0, 0x3c, 0x1f, 0x8f, 0x7e,
    0xcf, 0x30,

    /* U+0076 "v" */
    0xe0, 0x36, 0x3, 0x60, 0x67, 0x6, 0x30, 0x63,
    0xc, 0x38, 0xc1, 0x8c, 0x19, 0x81, 0x98, 0xd,
    0x80, 0xd0, 0x7, 0x0, 0x70,

    /* U+0077 "w" */
    0xc1, 0xc1, 0xf0, 0x70, 0x6c, 0x1c, 0x19, 0x85,
    0x86, 0x63, 0x63, 0x98, 0xd8, 0xc6, 0x32, 0x30,
    0xc8, 0xcc, 0x36, 0x32, 0xd, 0x8d, 0x83, 0x61,
    0x60, 0x70, 0x78, 0x1c, 0x1c, 0x7, 0x7, 0x0,

    /* U+0078 "x" */
    0x60, 0x63, 0xc, 0x38, 0xc1, 0x98, 0x1d, 0x80,
    0xf0, 0x7, 0x0, 0xf0, 0xf, 0x1, 0x98, 0x39,
    0x83, 0xc, 0x60, 0xe6, 0x6,

    /* U+0079 "y" */
    0xe0, 0x36, 0x3, 0x60, 0x63, 0x6, 0x30, 0x63,
    0xc, 0x18, 0xc1, 0x8c, 0x19, 0x80, 0xd8, 0xd,
    0x80, 0x58, 0x7, 0x0, 0x70, 0x7, 0x0, 0x60,
    0x6, 0x0, 0xc0, 0x7c, 0x7, 0x0,

    /* U+007A "z" */
    0x7f, 0xdf, 0xf0, 0x18, 0xe, 0x7, 0x1, 0x80,
    0xe0, 0x70, 0x18, 0xe, 0x7, 0x1, 0x80, 0xff,
    0xff, 0xf0,

    /* U+007B "{" */
    0x1e, 0x7c, 0xe1, 0x83, 0x6, 0xc, 0x18, 0x30,
    0x60, 0xc1, 0x8e, 0x1c, 0xc, 0x18, 0x30, 0x60,
    0xc1, 0x83, 0x6, 0xc, 0x1f, 0x1e,

    /* U+007C "|" */
    0xff, 0xff, 0xff, 0xff, 0xff, 0xff, 0xff,

    /* U+007D "}" */
    0xf1, 0xf0, 0xe0, 0xc1, 0x83, 0x6, 0xc, 0x18,
    0x30, 0x60, 0xc0, 0xe1, 0xc6, 0xc, 0x18, 0x30,
    0x60, 0xc1, 0x83, 0x6, 0x7c, 0xf0,

    /* U+007E "~" */
    0x38, 0x1f, 0xcf, 0x1f, 0x81, 0xe0,

    /* U+00B7 "·" */
    0x77, 0xff, 0xf7, 0x0,

    /* U+2014 "—" */
    0xff, 0xff, 0xff, 0xff, 0xfc,

    /* U+2026 "…" */
    0xe0, 0xe0, 0xfc, 0x1c, 0x1f, 0x83, 0x83, 0x80,

    /* U+3001 "、" */
    0xc3, 0x87, 0xe, 0x1c, 0x30,

    /* U+3002 "。" */
    0x38, 0x8a, 0xc, 0x18, 0x28, 0x8e, 0x0,

    /* U+3008 "〈" */
    0x1, 0x81, 0x81, 0x80, 0xc0, 0xc0, 0x40, 0x60,
    0x60, 0x30, 0x30, 0x30, 0x18, 0x6, 0x1, 0x80,
    0xc0, 0x30, 0xc, 0x6, 0x1, 0x80, 0x60, 0x30,
    0x8,

    /* U+3009 "〉" */
    0xc0, 0x30, 0xc, 0x6, 0x1, 0x80, 0x40, 0x30,
    0xc, 0x6, 0x1, 0x80, 0x60, 0x30, 0x30, 0x30,
    0x18, 0x18, 0x18, 0xc, 0xc, 0xc, 0x6, 0x2,
    0x0,

    /* U+300A "《" */
    0x4, 0xc3, 0x20, 0x98, 0x64, 0x11, 0xc, 0xc2,
    0x21, 0x98, 0x44, 0x33, 0x8, 0x82, 0x20, 0xcc,
    0x11, 0x6, 0x60, 0x88, 0x33, 0x4, 0x41, 0x98,
    0x22, 0xc, 0xc1, 0x10,

    /* U+300B "》" */
    0xc8, 0x13, 0x4, 0x41, 0x98, 0x22, 0xc, 0xc1,
    0x10, 0x66, 0x8, 0x83, 0x30, 0x44, 0x13, 0xc,
    0xc2, 0x21, 0x98, 0x44, 0x33, 0x8, 0x86, 0x61,
    0x10, 0xcc, 0x22, 0x0,

    /* U+300C "「" */
    0xff, 0xc0, 0xc0, 0xc0, 0xc0, 0xc0, 0xc0, 0xc0,
    0xc0, 0xc0, 0xc0, 0xc0, 0xc0, 0xc0, 0xc0,

    /* U+300D "」" */
    0x3, 0x3, 0x3, 0x3, 0x3, 0x3, 0x3, 0x3,
    0x3, 0x3, 0x3, 0x3, 0x3, 0x3, 0xff,

    /* U+300E "『" */
    0xff, 0xc0, 0x60, 0x33, 0xf9, 0x4, 0x82, 0x41,
    0x20, 0x90, 0x48, 0x24, 0x12, 0x9, 0x4, 0x82,
    0x41, 0xe0,

    /* U+300F "』" */
    0x7, 0x82, 0x41, 0x20, 0x90, 0x48, 0x24, 0x12,
    0x9, 0x4, 0x82, 0x41, 0x20, 0x9f, 0xcc, 0x6,
    0x3, 0xff,

    /* U+3010 "【" */
    0xfd, 0xf3, 0xe7, 0x8e, 0x1c, 0x38, 0x60, 0xc1,
    0x83, 0x6, 0xc, 0x18, 0x30, 0x70, 0xe1, 0xc3,
    0xc7, 0xcf, 0x9f, 0x80,

    /* U+3011 "】" */
    0x7e, 0x7c, 0xf8, 0xf0, 0xe1, 0xc3, 0x83, 0x6,
    0xc, 0x18, 0x30, 0x60, 0xc1, 0x87, 0xe, 0x1c,
    0x79, 0xf3, 0xef, 0xc0,

    /* U+4E00 "一" */
    0xff, 0xff, 0xff, 0xff, 0xff, 0xf0,

    /* U+4E09 "三" */
    0x7f, 0xff, 0xf3, 0xff, 0xff, 0x80, 0x0, 0x0,
    0x0, 0x0, 0x0, 0x0, 0x0, 0x0, 0x0, 0x0,
    0x0, 0x0, 0x0, 0x0, 0x0, 0x1f, 0xff, 0xc0,
    0xff, 0xfe, 0x0, 0x0, 0x0, 0x0, 0x0, 0x0,
    0x0, 0x0, 0x0, 0x0, 0x0, 0x0, 0x0, 0x0,
    0x0, 0x0, 0xff, 0xff, 0xff, 0xff, 0xff, 0xc0,

    /* U+4E0A "上" */
    0x0, 0x60, 0x0, 0x1, 0x80, 0x0, 0x6, 0x0,
    0x0, 0x18, 0x0, 0x0, 0x60, 0x0, 0x1, 0x80,
    0x0, 0x6, 0x0, 0x0, 0x1f, 0xfc, 0x0, 0x7f,
    0xf0, 0x1, 0x80, 0x0, 0x6, 0x0, 0x0, 0x18,
    0x0, 0x0, 0x60, 0x0, 0x1, 0x80, 0x0, 0x6,
    0x0, 0x0, 0x18, 0x0, 0x0, 0x60, 0x0, 0x1,
    0x80, 0xf, 0xff, 0xff, 0xff, 0xff, 0xff,

    /* U+4E0B "下" */
    0xff, 0xff, 0xff, 0xff, 0xff, 0xc0, 0x18, 0x0,
    0x0, 0xc0, 0x0, 0x6, 0x0, 0x0, 0x30, 0x0,
    0x1, 0xe0, 0x0, 0xf, 0xc0, 0x0, 0x67, 0x0,
    0x3, 0x1e, 0x0, 0x18, 0x3c, 0x0, 0xc0, 0xc0,
    0x6, 0x0, 0x0, 0x30, 0x0, 0x1, 0x80, 0x0,
    0xc, 0x0, 0x0, 0x60, 0x0, 0x3, 0x0, 0x0,
    0x18, 0x0, 0x0, 0xc0, 0x0,

    /* U+4E0D "不" */
    0x7f, 0xff, 0xfc, 0xff, 0xff, 0xf8, 0x0, 0x30,
    0x0, 0x0, 0xc0, 0x0, 0x3, 0x80, 0x0, 0xe,
    0x0, 0x0, 0x3c, 0x80, 0x0, 0x7b, 0x80, 0x1,
    0xb1, 0xc0, 0xe, 0x61, 0xc0, 0x38, 0xc1, 0xc0,
    0xe1, 0x81, 0xc7, 0x83, 0x0, 0xec, 0x6, 0x0,
    0x80, 0xc, 0x0, 0x0, 0x18, 0x0, 0x0, 0x30,
    0x0, 0x0, 0x60, 0x0, 0x0, 0xc0, 0x0, 0x1,
    0x80, 0x0, 0x3, 0x0, 0x0,

    /* U+4E16 "世" */
    0x0, 0x30, 0x60, 0x18, 0x60, 0xc0, 0x30, 0xc1,
    0x80, 0x61, 0x83, 0x0, 0xc3, 0x6, 0x1, 0x86,
    0xc, 0x3f, 0xff, 0xff, 0xff, 0xff, 0xff, 0xc,
    0x30, 0x60, 0x18, 0x60, 0xc0, 0x30, 0xc1, 0x80,
    0x61, 0x83, 0x0, 0xc3, 0x6, 0x1, 0x86, 0xc,
    0x3, 0xf, 0xf8, 0x6, 0x0, 0x0, 0xc, 0x0,
    0x0, 0x18, 0x0, 0x0, 0x3f, 0xff, 0xf0, 0x7f,
    0xff, 0xe0,

    /* U+4E2D "中" */
    0x0, 0x60, 0x0, 0x6, 0x0, 0x0, 0x60, 0x0,
    0x6, 0x0, 0xff, 0xff, 0xff, 0xff, 0xff, 0xc0,
    0x60, 0x3c, 0x6, 0x3, 0xc0, 0x60, 0x3c, 0x6,
    0x3, 0xc0, 0x60, 0x3c, 0x6, 0x3, 0xff, 0xff,
    0xff, 0xff, 0xff, 0xc0, 0x60, 0x30, 0x6, 0x0,
    0x0, 0x60, 0x0, 0x6, 0x0, 0x0, 0x60, 0x0,
    0x6, 0x0, 0x0, 0x60, 0x0, 0x6, 0x0,

    /* U+4E3B "主" */
    0x0, 0xc0, 0x0, 0x1, 0xc0, 0x0, 0x3, 0x80,
    0x0, 0x7, 0x0, 0x0, 0x8, 0x1, 0xff, 0xff,
    0xe7, 0xff, 0xff, 0x80, 0xc, 0x0, 0x0, 0x30,
    0x0, 0x0, 0xc0, 0x0, 0x3, 0x0, 0x0, 0xc,
    0x0, 0x1f, 0xff, 0xf0, 0x7f, 0xff, 0xc0, 0x3,
    0x0, 0x0, 0xc, 0x0, 0x0, 0x30, 0x0, 0x0,
    0xc0, 0x0, 0x3, 0x0, 0x3f, 0xff, 0xff, 0xff,
    0xff, 0xfc,

    /* U+4E4B "之" */
    0x0, 0x20, 0x0, 0x0, 0x60, 0x0, 0x0, 0xe0,
    0x0, 0x0, 0xc0, 0x0, 0x0, 0x80, 0x7, 0xff,
    0xfe, 0xf, 0xff, 0xfc, 0x0, 0x0, 0x30, 0x0,
    0x0, 0xe0, 0x0, 0x3, 0x80, 0x0, 0xe, 0x0,
    0x0, 0x38, 0x0, 0x0, 0xe0, 0x0, 0x3, 0x80,
    0x0, 0xe, 0x0, 0x0, 0x38, 0x0, 0x1, 0xc0,
    0x0, 0x7, 0x0, 0x0, 0x7c, 0x0, 0x1, 0x90,
    0x0, 0x6, 0x18, 0x0, 0x48, 0xf, 0xff, 0x80,

    /* U+4E5F "也" */
    0x0, 0x18, 0x0, 0x0, 0x60, 0x0, 0xc1, 0x80,
    0x3, 0x6, 0x0, 0xc, 0x18, 0x70, 0x30, 0x6f,
    0xc0, 0xc1, 0xf3, 0x3, 0x7e, 0xc, 0xf, 0xd8,
    0x31, 0xf8, 0x60, 0xce, 0xc1, 0x83, 0x3, 0x6,
    0xc, 0xc, 0x18, 0x30, 0x30, 0x60, 0x80, 0xc1,
    0x82, 0x3, 0x6, 0x0, 0xc, 0x18, 0xc, 0x30,
    0x0, 0x30, 0xc0, 0x0, 0xc3, 0x0, 0x2, 0xc,
    0x0, 0x18, 0xf, 0xff, 0xc0,

    /* U+4E86 "了" */
    0xff, 0xff, 0xef, 0xff, 0xfe, 0x0, 0x1, 0xc0,
    0x0, 0x38, 0x0, 0x7, 0x0, 0x1, 0xe0, 0x0,
    0x38, 0x0, 0x6, 0x0, 0x0, 0x60, 0x0, 0x6,
    0x0, 0x0, 0x60, 0x0, 0x6, 0x0, 0x0, 0x60,
    0x0, 0x6, 0x0, 0x0, 0x60, 0x0, 0x6, 0x0,
    0x0, 0x60, 0x0, 0x6, 0x0, 0x0, 0x60, 0x0,
    0xfc, 0x0,

    /* U+4E8B "事" */
    0x0, 0x30, 0x0, 0x0, 0xc0, 0x7, 0xff, 0xff,
    0xc0, 0xc, 0x0, 0x0, 0x30, 0x0, 0x7f, 0xff,
    0x81, 0x83, 0x6, 0x6, 0xc, 0x18, 0x1f, 0xff,
    0xe0, 0x0, 0xc0, 0x0, 0x3, 0x0, 0xf, 0xff,
    0xf8, 0x0, 0x30, 0x60, 0x0, 0xc1, 0x8f, 0xff,
    0xff, 0xc0, 0xc, 0x18, 0x0, 0x30, 0x60, 0xff,
    0xff, 0x80, 0x3, 0x6, 0x0, 0xc, 0x0, 0x0,
    0x30, 0x0, 0x7, 0x80, 0x0,

    /* U+4E8C "二" */
    0x3f, 0xff, 0xe1, 0xff, 0xff, 0x0, 0x0, 0x0,
    0x0, 0x0, 0x0, 0x0, 0x0, 0x0, 0x0, 0x0,
    0x0, 0x0, 0x0, 0x0, 0x0, 0x0, 0x0, 0x0,
    0x0, 0x0, 0x0, 0x0, 0x0, 0x0, 0x0, 0x0,
    0x0, 0x0, 0x0, 0x0, 0x0, 0x0, 0x0, 0x1f,
    0xff, 0xff, 0xff, 0xff, 0xf8,

    /* U+4E94 "五" */
    0x7f, 0xff, 0xe3, 0xff, 0xff, 0x0, 0x30, 0x0,
    0x1, 0x80, 0x0, 0x18, 0x0, 0x0, 0xc0, 0x0,
    0x6, 0x0, 0x7, 0xff, 0xf0, 0x3f, 0xff, 0x80,
    0xc, 0xc, 0x0, 0xc0, 0xc0, 0x6, 0x6, 0x0,
    0x30, 0x30, 0x1, 0x81, 0x80, 0xc, 0xc, 0x0,
    0x60, 0x60, 0x6, 0x3, 0x7, 0xff, 0xff, 0xff,
    0xff, 0xfe,

    /* U+4EBA "人" */
    0x0, 0x30, 0x0, 0x0, 0xc0, 0x0, 0x3, 0x0,
    0x0, 0xc, 0x0, 0x0, 0x30, 0x0, 0x0, 0xc0,
    0x0, 0x3, 0x0, 0x0, 0x1e, 0x0, 0x0, 0x78,
    0x0, 0x1, 0xe0, 0x0, 0x6, 0xc0, 0x0, 0x33,
    0x0, 0x0, 0xce, 0x0, 0x7, 0x18, 0x0, 0x18,
    0x70, 0x0, 0xc0, 0xc0, 0x7, 0x1, 0x80, 0x38,
    0x7, 0x1, 0xc0, 0xe, 0xe, 0x0, 0x1e, 0xf0,
    0x0, 0x1d, 0x0, 0x0, 0x20,

    /* U+4EC0 "什" */
    0x3, 0x3, 0x0, 0xc, 0xc, 0x0, 0x60, 0x30,
    0x1, 0x80, 0xc0, 0xc, 0x3, 0x0, 0x30, 0xc,
    0x1, 0xc0, 0x30, 0xf, 0x0, 0xc0, 0x7d, 0xff,
    0xfd, 0xb7, 0xff, 0xf4, 0xc0, 0x30, 0x3, 0x0,
    0xc0, 0xc, 0x3, 0x0, 0x30, 0xc, 0x0, 0xc0,
    0x30, 0x3, 0x0, 0xc0, 0xc, 0x3, 0x0, 0x30,
    0xc, 0x0, 0xc0, 0x30, 0x3, 0x0, 0xc0, 0xc,
    0x3, 0x0, 0x30, 0xc, 0x0,

    /* U+4EC1 "仁" */
    0x1, 0x80, 0x0, 0x6, 0x0, 0x0, 0xc, 0x0,
    0x0, 0x30, 0x0, 0x0, 0x67, 0xff, 0xc1, 0x8f,
    0xff, 0x87, 0x0, 0x0, 0x1e, 0x0, 0x0, 0x3c,
    0x0, 0x0, 0xd8, 0x0, 0x1, 0x30, 0x0, 0x0,
    0x60, 0x0, 0x0, 0xc0, 0x0, 0x1, 0x80, 0x0,
    0x3, 0x0, 0x0, 0x6, 0x0, 0x0, 0xc, 0x0,
    0x0, 0x18, 0x0, 0x0, 0x33, 0xff, 0xf8, 0x67,
    0xff, 0xf0, 0xc0, 0x0, 0x1, 0x80, 0x0, 0x0,

    /* U+4ED6 "他" */
    0x3, 0x3, 0x0, 0x18, 0xc, 0x0, 0x66, 0x30,
    0x3, 0x18, 0xc0, 0x1c, 0x63, 0x18, 0x61, 0x8f,
    0xe3, 0x86, 0x3d, 0x9e, 0x1f, 0xc6, 0xf8, 0xfb,
    0x1b, 0x6f, 0x8c, 0x69, 0xb6, 0x31, 0x86, 0x18,
    0xc6, 0x18, 0x63, 0x18, 0x61, 0x8c, 0x61, 0x86,
    0x31, 0x6, 0x18, 0xc0, 0x18, 0x60, 0x8, 0x61,
    0x80, 0x31, 0x86, 0x0, 0xc6, 0x18, 0x3, 0x18,
    0x60, 0x8, 0x60, 0xff, 0xe0,

    /* U+4ED8 "付" */
    0x1, 0x80, 0x30, 0x6, 0x0, 0x60, 0xc, 0x0,
    0xc0, 0x30, 0x1, 0x80, 0x60, 0x3, 0x1, 0x9f,
    0xff, 0xc7, 0x3f, 0xff, 0x8e, 0x0, 0x18, 0x3c,
    0x0, 0x30, 0xf8, 0x0, 0x61, 0xb0, 0xc0, 0xc2,
    0x61, 0x81, 0x80, 0xc1, 0x83, 0x1, 0x81, 0x86,
    0x3, 0x3, 0xc, 0x6, 0x3, 0x18, 0xc, 0x4,
    0x30, 0x18, 0x0, 0x60, 0x30, 0x0, 0xc0, 0x60,
    0x1, 0x80, 0xc0, 0x3, 0x1, 0x80, 0xfc, 0x0,

    /* U+4EE5 "以" */
    0x18, 0x0, 0x30, 0x60, 0x0, 0xc1, 0x8c, 0x6,
    0x6, 0x18, 0x18, 0x18, 0x70, 0x60, 0x60, 0xc1,
    0x81, 0x81, 0x86, 0x6, 0x6, 0x30, 0x18, 0x0,
    0xc0, 0x60, 0x3, 0x1, 0x80, 0x1c, 0x6, 0x0,
    0x60, 0x18, 0x43, 0x80, 0x67, 0xe, 0x1, 0xf8,
    0x7c, 0xf, 0x83, 0xb8, 0xf8, 0x1c, 0x73, 0x80,
    0xe0, 0xe0, 0xf, 0x1, 0xc0, 0xf0, 0x3, 0x1,
    0x0, 0x0,

    /* U+4EFD "份" */
    0x4, 0x0, 0x0, 0x18, 0x4f, 0x0, 0x41, 0xbe,
    0x3, 0xc, 0x18, 0x18, 0x30, 0x60, 0x61, 0x80,
    0xc3, 0x8e, 0x3, 0x1e, 0x30, 0x6, 0xf9, 0x80,
    0xf, 0x61, 0xff, 0x89, 0x87, 0xfe, 0x6, 0x3,
    0x8, 0x18, 0x8, 0x20, 0x60, 0x60, 0x81, 0x81,
    0x82, 0x6, 0x6, 0x8, 0x18, 0x10, 0x20, 0x60,
    0xc0, 0x81, 0x86, 0x2, 0x6, 0x18, 0x18, 0x18,
    0xc0, 0x40, 0x64, 0xf, 0x0,

    /* U+4F01 "企" */
    0x0, 0x30, 0x0, 0x0, 0xc0, 0x0, 0x7, 0x80,
    0x0, 0x33, 0x0, 0x3, 0x86, 0x0, 0x1c, 0xe,
    0x0, 0xe3, 0x1c, 0xe, 0xc, 0x1c, 0xf0, 0x30,
    0x3d, 0x0, 0xc0, 0x20, 0x3, 0x0, 0x3, 0xc,
    0x0, 0xc, 0x3f, 0xe0, 0x30, 0xc0, 0x0, 0xc3,
    0x0, 0x3, 0xc, 0x0, 0xc, 0x30, 0x0, 0x30,
    0xc0, 0x0, 0xc3, 0x0, 0x3, 0xc, 0x0, 0x7f,
    0xff, 0xf9, 0xff, 0xff, 0xe0,

    /* U+4F11 "休" */
    0x1, 0x83, 0x0, 0x3, 0x3, 0x0, 0x3, 0x3,
    0x0, 0x6, 0x3, 0x0, 0x6, 0x3, 0x0, 0xc,
    0x3, 0x0, 0x1d, 0xff, 0xfe, 0x3d, 0xff, 0xfe,
    0x7c, 0x7, 0x80, 0xec, 0xf, 0xc0, 0xcc, 0xf,
    0xc0, 0xc, 0x1b, 0x60, 0xc, 0x1b, 0x60, 0xc,
    0x33, 0x30, 0xc, 0x73, 0x18, 0xc, 0x63, 0x1c,
    0xc, 0xc3, 0xc, 0xd, 0x83, 0x7, 0xd, 0x3,
    0x2, 0xc, 0x3, 0x0, 0xc, 0x3, 0x0, 0xc,
    0x3, 0x0,

    /* U+4F34 "伴" */
    0x2, 0x0, 0x0, 0x6, 0x6, 0x10, 0xd, 0xc,
    0x30, 0x33, 0x18, 0xc0, 0xc2, 0x31, 0x81, 0x86,
    0x66, 0x7, 0xc, 0xcc, 0x1e, 0x1, 0x80, 0x7c,
    0xff, 0xfd, 0xd8, 0x6, 0x1, 0x30, 0xc, 0x0,
    0x60, 0x18, 0x0, 0xc0, 0x30, 0x1, 0x80, 0x60,
    0x3, 0x7f, 0xff, 0x86, 0x1, 0x80, 0xc, 0x3,
    0x0, 0x18, 0x6, 0x0, 0x30, 0xc, 0x0, 0x60,
    0x18, 0x0, 0xc0, 0x30, 0x1, 0x80, 0x60, 0x0,

    /* U+4F46 "但" */
    0x2, 0x0, 0x0, 0x6, 0x0, 0x0, 0x19, 0xff,
    0xe0, 0x33, 0x0, 0xc0, 0xc6, 0x1, 0x81, 0x8c,
    0x3, 0x7, 0x18, 0x6, 0x1e, 0x30, 0xc, 0x7c,
    0x7f, 0xf8, 0xd8, 0xc0, 0x31, 0x31, 0x80, 0x60,
    0x63, 0x0, 0xc0, 0xc6, 0x1, 0x81, 0x8c, 0x3,
    0x3, 0x18, 0x6, 0x6, 0x3f, 0xfc, 0xc, 0x0,
    0x0, 0x18, 0x0, 0x0, 0x30, 0x0, 0x0, 0x60,
    0x0, 0x0, 0xdf, 0xff, 0xe1, 0x80, 0x0, 0x0,

    /* U+4F4D "位" */
    0x0, 0x2, 0x0, 0xc, 0x18, 0x0, 0x60, 0x60,
    0x1, 0x80, 0xc0, 0xc, 0x2, 0x0, 0x33, 0xff,
    0xe1, 0x8f, 0xff, 0x8e, 0x0, 0x0, 0x38, 0x0,
    0x21, 0xe0, 0x80, 0x8d, 0x83, 0x6, 0x36, 0xc,
    0x18, 0x18, 0x30, 0x60, 0x60, 0xc1, 0x81, 0x81,
    0x4, 0x6, 0x6, 0x10, 0x18, 0x18, 0xc0, 0x60,
    0x63, 0x1, 0x81, 0x8c, 0x6, 0x4, 0x20, 0x18,
    0x1, 0x80, 0x67, 0xff, 0xf1, 0x80, 0x0, 0x0,

    /* U+4F4F "住" */
    0x6, 0xc, 0x0, 0x18, 0x38, 0x0, 0xc0, 0x60,
    0x3, 0x1, 0xc0, 0x19, 0xff, 0xf8, 0x67, 0xff,
    0xe3, 0x80, 0x60, 0x1e, 0x1, 0x80, 0x78, 0x6,
    0x3, 0x60, 0x18, 0xd, 0x80, 0x60, 0x6, 0x1,
    0x80, 0x19, 0xff, 0xf8, 0x60, 0x18, 0x1, 0x80,
    0x60, 0x6, 0x1, 0x80, 0x18, 0x6, 0x0, 0x60,
    0x18, 0x1, 0x80, 0x60, 0x6, 0xff, 0xff, 0x1b,
    0xff, 0xfc, 0x60, 0x0, 0x0,

    /* U+4F60 "你" */
    0x6, 0x30, 0x0, 0x18, 0xc0, 0x0, 0xe3, 0x0,
    0x3, 0x18, 0x0, 0x18, 0x7f, 0xfc, 0x61, 0xff,
    0xf3, 0x8c, 0x30, 0xde, 0x30, 0xc3, 0xf9, 0x83,
    0x1b, 0x66, 0xc, 0x29, 0x83, 0x36, 0x6, 0xc,
    0xcc, 0x18, 0x63, 0x30, 0x61, 0x8c, 0x61, 0x86,
    0x31, 0x86, 0x30, 0xc6, 0x18, 0xc3, 0xc, 0x66,
    0xc, 0x31, 0x80, 0x30, 0x6, 0x0, 0xc0, 0x18,
    0x1f, 0x0, 0x60, 0x38, 0x0,

    /* U+4F86 "來" */
    0x0, 0x30, 0x0, 0x0, 0xc0, 0x0, 0x3, 0x0,
    0x1f, 0xff, 0xff, 0x7f, 0xff, 0xfc, 0x0, 0xc0,
    0x0, 0x63, 0xc, 0x3, 0xc, 0x30, 0xc, 0x30,
    0x80, 0x78, 0xc7, 0x1, 0xf3, 0x37, 0xc, 0xcc,
    0xce, 0x70, 0x7a, 0x1d, 0x83, 0xf0, 0x20, 0x1b,
    0x60, 0x0, 0xed, 0xc0, 0x7, 0x33, 0x80, 0x70,
    0xc3, 0x83, 0x83, 0x7, 0x3c, 0xc, 0xf, 0x40,
    0x30, 0x8, 0x0, 0xc0, 0x0,

    /* U+4F8B "例" */
    0x4, 0x0, 0x0, 0x18, 0x0, 0x30, 0xdf, 0xf0,
    0xc3, 0x18, 0x33, 0x18, 0x60, 0xcc, 0x61, 0x83,
    0x33, 0x84, 0xc, 0xce, 0x3f, 0xb3, 0x78, 0xc6,
    0xcf, 0xe2, 0x1b, 0x3d, 0x98, 0x6c, 0xe6, 0x71,
    0x33, 0x1b, 0x6c, 0xcc, 0x6c, 0xf3, 0x31, 0xa1,
    0xcc, 0xc6, 0x6, 0x33, 0x18, 0x18, 0xcc, 0x60,
    0xc0, 0x31, 0x83, 0x0, 0xc6, 0x18, 0x3, 0x18,
    0xc0, 0xc, 0x66, 0x1, 0xf1, 0x90, 0x7, 0x80,

    /* U+4FBF "便" */
    0x2, 0x0, 0x0, 0xf, 0xff, 0xfc, 0x1f, 0xff,
    0xf8, 0x60, 0x18, 0x0, 0xc0, 0x30, 0x3, 0x1f,
    0xff, 0xe, 0x30, 0xc6, 0x1c, 0x61, 0x8c, 0x78,
    0xc3, 0x19, 0xf1, 0xff, 0xf1, 0x63, 0xc, 0x60,
    0xc6, 0x18, 0xc1, 0x8c, 0x31, 0x83, 0x1f, 0xff,
    0x6, 0x0, 0xc0, 0xc, 0x63, 0x0, 0x18, 0xe6,
    0x0, 0x30, 0xfc, 0x0, 0x60, 0x70, 0x0, 0xc3,
    0xfc, 0x1, 0xbe, 0x1f, 0xe3, 0x30, 0x7, 0x80,

    /* U+4FE1 "信" */
    0x6, 0xc, 0x0, 0x18, 0x30, 0x0, 0xc0, 0x60,
    0x3, 0x0, 0x80, 0x19, 0xff, 0xfc, 0x60, 0x0,
    0x3, 0x80, 0x0, 0x1e, 0x3f, 0xfc, 0x78, 0x0,
    0x3, 0x60, 0x0, 0xd, 0x80, 0x0, 0x6, 0x3f,
    0xfc, 0x18, 0x0, 0x0, 0x60, 0x0, 0x1, 0x8f,
    0xff, 0x6, 0x20, 0xc, 0x18, 0x80, 0x30, 0x62,
    0x0, 0xc1, 0x88, 0x3, 0x6, 0x20, 0xc, 0x18,
    0xff, 0xf0, 0x62, 0x0, 0xc0,

    /* U+4FEE "修" */
    0x4, 0x6, 0x0, 0x6, 0x6, 0x0, 0xc, 0xc,
    0x0, 0xd, 0x8f, 0xfe, 0x19, 0x98, 0x18, 0x19,
    0xbc, 0x30, 0x39, 0xe6, 0x60, 0x39, 0xa3, 0xc0,
    0x79, 0x83, 0xc0, 0xd9, 0x8f, 0x70, 0xd9, 0xbc,
    0x3e, 0x19, 0xb0, 0xc6, 0x19, 0x83, 0x80, 0x19,
    0x8e, 0x10, 0x19, 0x98, 0x70, 0x19, 0x81, 0xc0,
    0x19, 0x87, 0xe, 0x19, 0x8c, 0x1c, 0x18, 0x0,
    0x70, 0x18, 0x3, 0xe0, 0x18, 0x3f, 0x0, 0x18,
    0x18, 0x0,

    /* U+5009 "倉" */
    0x0, 0x30, 0x0, 0x1, 0xc0, 0x0, 0xf, 0x80,
    0x0, 0x73, 0x80, 0x7, 0x7, 0x80, 0x7f, 0xf7,
    0x8f, 0x80, 0xf, 0xf8, 0x0, 0x6, 0xf, 0xff,
    0xc0, 0x30, 0x3, 0x0, 0xff, 0xfc, 0x3, 0x0,
    0x30, 0xc, 0x0, 0xc0, 0x7f, 0xff, 0x1, 0xc0,
    0x0, 0x6, 0x0, 0x0, 0x1b, 0xff, 0xe0, 0xe8,
    0x1, 0x83, 0x20, 0x6, 0x18, 0x80, 0x18, 0xe3,
    0xff, 0xe0, 0x8, 0x1, 0x80,

    /* U+500B "個" */
    0x4, 0x0, 0x0, 0x37, 0xff, 0xf0, 0xd8, 0x0,
    0xc6, 0x60, 0xc3, 0x19, 0x83, 0xc, 0xe6, 0xc,
    0x37, 0x9b, 0xfe, 0xde, 0x60, 0xc3, 0xd9, 0x83,
    0xe, 0x66, 0x3f, 0x31, 0x98, 0xfc, 0xc6, 0x62,
    0x13, 0x19, 0x88, 0x4c, 0x66, 0x21, 0x31, 0x98,
    0x84, 0xc6, 0x63, 0xf3, 0x19, 0x80, 0xc, 0x66,
    0x0, 0x31, 0x9f, 0xff, 0xc6, 0x60, 0x3, 0x19,
    0x80, 0xc,

    /* U+5011 "們" */
    0x6, 0x0, 0x0, 0x37, 0xf7, 0xf0, 0xd8, 0xd8,
    0xc2, 0x63, 0x63, 0x19, 0x8d, 0x8c, 0x67, 0xf7,
    0xf3, 0x98, 0xd8, 0xde, 0x63, 0x63, 0x79, 0x8d,
    0x8f, 0x67, 0xf7, 0xfd, 0x98, 0x0, 0xc6, 0x60,
    0x3, 0x19, 0x80, 0xc, 0x66, 0x0, 0x31, 0x98,
    0x0, 0xc6, 0x60, 0x3, 0x19, 0x80, 0xc, 0x66,
    0x0, 0x31, 0x98, 0x0, 0xc6, 0x60, 0x3, 0x19,
    0x80, 0xc, 0x66, 0x3, 0xf0,

    /* U+5047 "假" */
    0x4, 0x0, 0x0, 0x1b, 0xfb, 0xf8, 0x36, 0x30,
    0x30, 0x6c, 0x60, 0x61, 0x98, 0xc0, 0xc3, 0x31,
    0x81, 0x8e, 0x63, 0x3, 0x1c, 0xfe, 0xfe, 0x79,
    0x80, 0x0, 0xf3, 0x0, 0x1, 0x66, 0xf, 0xf0,
    0xcf, 0xdf, 0xe1, 0x98, 0x18, 0xc3, 0x30, 0x31,
    0x6, 0x60, 0x26, 0xc, 0xc0, 0x6c, 0x19, 0xfc,
    0x70, 0x33, 0x0, 0xc0, 0x66, 0x3, 0xc0, 0xcc,
    0xc, 0xc1, 0x98, 0x70, 0xe3, 0x30, 0x80, 0xc0,

    /* U+505C "停" */
    0x3, 0x2, 0x0, 0x18, 0xc, 0x0, 0x7f, 0xff,
    0xc3, 0x0, 0x0, 0xc, 0x0, 0x0, 0x60, 0xff,
    0xc3, 0x82, 0x3, 0xe, 0x8, 0xc, 0x78, 0x3f,
    0xf3, 0x60, 0x0, 0x5, 0x80, 0x0, 0x6, 0x7f,
    0xff, 0x19, 0x80, 0xc, 0x66, 0x0, 0x31, 0x83,
    0xff, 0x86, 0xf, 0xfe, 0x18, 0x3, 0x0, 0x60,
    0xc, 0x1, 0x80, 0x30, 0x6, 0x0, 0xc0, 0x18,
    0x3, 0x0, 0x60, 0x7c, 0x0,

    /* U+5065 "健" */
    0x6, 0x1, 0x80, 0xc, 0x3, 0x0, 0x37, 0xbf,
    0xe0, 0x61, 0xc, 0x41, 0x86, 0x18, 0x83, 0xb,
    0xff, 0xce, 0x30, 0x62, 0x1c, 0x40, 0xc4, 0x79,
    0x81, 0x89, 0xf7, 0xdf, 0xf1, 0x60, 0x86, 0x0,
    0xc1, 0xc, 0x1, 0x92, 0xff, 0x83, 0x24, 0x30,
    0x6, 0x50, 0x60, 0xc, 0xef, 0xfe, 0x18, 0xc1,
    0x80, 0x31, 0x83, 0x0, 0x63, 0x86, 0x0, 0xcd,
    0x80, 0x1, 0xb1, 0xc0, 0x3, 0xc0, 0x7f, 0x80,

    /* U+5099 "備" */
    0x6, 0x18, 0xc0, 0x30, 0x63, 0x0, 0xdf, 0xff,
    0x86, 0x6, 0x30, 0x18, 0x18, 0xc0, 0xe7, 0xff,
    0xf3, 0x9f, 0xff, 0xde, 0xc, 0x0, 0xd8, 0xff,
    0xf9, 0x67, 0xff, 0xe1, 0xbc, 0x31, 0x86, 0xf0,
    0xc6, 0x1a, 0xc3, 0x18, 0x63, 0xff, 0xe1, 0x8c,
    0x31, 0x86, 0x30, 0xc6, 0x18, 0xff, 0xf8, 0x63,
    0xc, 0x61, 0x98, 0x31, 0x86, 0x60, 0xc6, 0x19,
    0x0, 0x78,

    /* U+512A "優" */
    0xc, 0x0, 0x0, 0x1b, 0xff, 0xfc, 0x30, 0x8,
    0x0, 0xc0, 0x30, 0x1, 0x87, 0xff, 0x7, 0xc,
    0x6, 0xe, 0x1f, 0xfc, 0x3c, 0x30, 0x18, 0x78,
    0x7f, 0xf1, 0xb7, 0xff, 0xfe, 0x6f, 0xff, 0xf8,
    0xd9, 0xd9, 0xb1, 0xb7, 0x95, 0xe3, 0x39, 0xf9,
    0x86, 0x3, 0x2, 0xc, 0x1c, 0x0, 0x18, 0xff,
    0xf0, 0x31, 0xc0, 0xc0, 0x6e, 0xe7, 0x0, 0xc0,
    0x78, 0x1, 0x8f, 0xff, 0xc3, 0x78, 0x7, 0x80,

    /* U+5132 "儲" */
    0x4, 0x40, 0xc0, 0x18, 0x81, 0x8c, 0x31, 0x83,
    0x30, 0x40, 0x1f, 0xe1, 0xbf, 0x8c, 0x83, 0x0,
    0x1b, 0xe, 0x0, 0x34, 0x1c, 0x0, 0x78, 0x79,
    0xff, 0xfe, 0xf0, 0x0, 0xc3, 0x60, 0x3, 0x2,
    0xcf, 0xcc, 0x1, 0x9f, 0xbf, 0xc3, 0x1, 0xf1,
    0x86, 0x1, 0x63, 0xc, 0xfc, 0xc6, 0x19, 0x19,
    0xfc, 0x32, 0x33, 0x18, 0x64, 0x66, 0x30, 0xcf,
    0xcc, 0x61, 0x9f, 0x9f, 0xc3, 0x20, 0x31, 0x80,

    /* U+5144 "兄" */
    0x1f, 0xff, 0xf0, 0x3f, 0xff, 0xe0, 0x60, 0x0,
    0xc0, 0xc0, 0x1, 0x81, 0x80, 0x3, 0x3, 0x0,
    0x6, 0x6, 0x0, 0xc, 0xc, 0x0, 0x18, 0x1f,
    0xff, 0xf0, 0x3f, 0xff, 0xe0, 0x6, 0x18, 0x0,
    0xc, 0x30, 0x0, 0x30, 0x60, 0x0, 0x60, 0xc0,
    0x0, 0xc1, 0x80, 0x1, 0x83, 0x2, 0x6, 0x6,
    0x6, 0x1c, 0xc, 0xc, 0x70, 0x18, 0x11, 0xc0,
    0x30, 0x2e, 0x0, 0x3f, 0xc0,

    /* U+5148 "先" */
    0x0, 0x30, 0x0, 0x18, 0xc0, 0x0, 0xc3, 0x0,
    0x3, 0xc, 0x0, 0x1f, 0xff, 0xf0, 0x60, 0xc0,
    0x3, 0x3, 0x0, 0xc, 0xc, 0x0, 0x0, 0x30,
    0x0, 0x0, 0xc0, 0xf, 0xff, 0xff, 0xff, 0xff,
    0xff, 0x3, 0x6, 0x0, 0xc, 0x18, 0x0, 0x30,
    0x60, 0x0, 0xc1, 0x80, 0x2, 0x6, 0x0, 0x18,
    0x18, 0x20, 0xc0, 0x60, 0xc7, 0x1, 0x83, 0x38,
    0x6, 0xf, 0x80, 0xf, 0xe0, 0x0, 0x0, 0x0,

    /* U+5152 "兒" */
    0x0, 0x0, 0x0, 0xf, 0x80, 0x1, 0xe0, 0xff,
    0x6, 0x0, 0xc, 0x18, 0x0, 0x30, 0x60, 0x0,
    0xc1, 0xfc, 0xff, 0x6, 0x0, 0xc, 0x18, 0x0,
    0x30, 0x60, 0x0, 0xc1, 0x80, 0x3, 0x7, 0xff,
    0xfc, 0x1f, 0xff, 0xf0, 0x3, 0x30, 0x0, 0x18,
    0xc0, 0x0, 0x63, 0x0, 0x1, 0x8c, 0x0, 0xc,
    0x30, 0x20, 0x30, 0xc0, 0xc3, 0x83, 0x3, 0x1c,
    0xc, 0xf, 0xc0, 0x1f, 0xe0,

    /* U+5167 "內" */
    0x7, 0xe0, 0x0, 0xfc, 0x0, 0x1, 0x80, 0x0,
    0x30, 0xf, 0xff, 0xff, 0xff, 0xff, 0xf0, 0x3c,
    0x1e, 0x7, 0x83, 0xc0, 0xf0, 0x78, 0x33, 0xf,
    0x6, 0x61, 0xe1, 0x86, 0x3c, 0x60, 0xe7, 0xb8,
    0xe, 0xf6, 0x0, 0xde, 0x0, 0x3, 0xc0, 0x0,
    0x78, 0x0, 0xf, 0x0, 0x1, 0xe0, 0x3, 0xfc,
    0x0, 0x3c,

    /* U+5168 "全" */
    0x7, 0xf0, 0x0, 0x1f, 0xe0, 0x0, 0xc, 0xc0,
    0x0, 0x61, 0xc0, 0x7, 0x3, 0x80, 0x38, 0x7,
    0x83, 0x80, 0x7, 0x3f, 0xff, 0xff, 0x4f, 0xff,
    0xc8, 0x0, 0xc0, 0x0, 0x3, 0x0, 0x0, 0xc,
    0x0, 0x0, 0x30, 0x0, 0x7f, 0xff, 0x80, 0x3,
    0x0, 0x0, 0xc, 0x0, 0x0, 0x30, 0x0, 0x0,
    0xc0, 0x0, 0x3, 0x0, 0x1f, 0xff, 0xfe, 0x7f,
    0xff, 0xf8,

    /* U+516C "公" */
    0x1, 0x3f, 0x80, 0x6, 0x7f, 0x0, 0xc, 0x7,
    0x0, 0x38, 0x6, 0x0, 0x60, 0xe, 0x1, 0x80,
    0xc, 0x7, 0x0, 0x1c, 0x1c, 0x18, 0x1c, 0x70,
    0x30, 0x1d, 0xc0, 0xe0, 0x1d, 0x1, 0x80, 0x10,
    0x7, 0x0, 0x0, 0xc, 0x0, 0x0, 0x30, 0x30,
    0x0, 0xe0, 0x70, 0x3, 0x80, 0x60, 0x6, 0x0,
    0x60, 0x18, 0x0, 0xe0, 0xff, 0xff, 0xe0, 0x80,
    0x0, 0xc0, 0x0, 0x1, 0x80,

    /* U+516D "六" */
    0x0, 0xc0, 0x0, 0x3, 0x0, 0x0, 0x18, 0x0,
    0x0, 0x60, 0x0, 0x3, 0x0, 0x0, 0x0, 0x3,
    0xff, 0xff, 0xff, 0xff, 0xff, 0x0, 0x0, 0x0,
    0x0, 0x0, 0x0, 0x0, 0x0, 0x6, 0xc, 0x0,
    0x60, 0x30, 0x3, 0x1, 0xc0, 0x30, 0x6, 0x3,
    0x80, 0x18, 0x18, 0x0, 0xe1, 0xc0, 0x3, 0x1c,
    0x0, 0xc, 0xc0, 0x0, 0x7c, 0x0, 0x1, 0xa0,
    0x0, 0x0,

    /* U+5176 "其" */
    0x6, 0x0, 0xc0, 0xc, 0x1, 0x80, 0x18, 0x3,
    0x3, 0xff, 0xff, 0xe0, 0x60, 0xc, 0x0, 0xc0,
    0x18, 0x1, 0x80, 0x30, 0x3, 0xff, 0xe0, 0x6,
    0x0, 0xc0, 0xc, 0x1, 0x80, 0x18, 0x3, 0x0,
    0x3f, 0xfe, 0x0, 0x60, 0xc, 0x0, 0xc0, 0x18,
    0x1, 0x80, 0x30, 0x7f, 0xff, 0xff, 0xff, 0xff,
    0xfe, 0x0, 0x0, 0x0, 0xf, 0x1e, 0x0, 0x78,
    0x7, 0x87, 0xc0, 0x3, 0xcc, 0x0, 0x1, 0x80,

    /* U+51AC "冬" */
    0x1, 0x80, 0x0, 0x6, 0x0, 0x0, 0x3f, 0xfc,
    0x1, 0x80, 0x70, 0xf, 0x3, 0x80, 0xee, 0x1c,
    0x7, 0x1c, 0xe0, 0x18, 0x3f, 0x0, 0x0, 0x78,
    0x0, 0xf, 0xf8, 0x0, 0xf8, 0x7e, 0x3f, 0x0,
    0x3f, 0xe1, 0xc0, 0x18, 0x7, 0xe0, 0x0, 0x3,
    0xf0, 0x0, 0x1, 0x80, 0x6, 0x0, 0x0, 0x3f,
    0x0, 0x0, 0x1f, 0xc0, 0x0, 0x7, 0xe0, 0x0,
    0x3, 0x0,

    /* U+51FA "出" */
    0x0, 0xc0, 0x0, 0x18, 0x1, 0x83, 0x3, 0x30,
    0x60, 0x66, 0xc, 0xc, 0xc1, 0x81, 0x98, 0x30,
    0x33, 0x6, 0x6, 0x60, 0xc0, 0xcf, 0xff, 0xf9,
    0xff, 0xff, 0x0, 0x60, 0x0, 0xc, 0x1, 0x81,
    0x80, 0xf0, 0x30, 0x1e, 0x6, 0x3, 0xc0, 0xc0,
    0x78, 0x18, 0xf, 0x3, 0x1, 0xe0, 0x60, 0x3f,
    0xff, 0xff, 0xff, 0xff, 0xc0, 0x0, 0x18,

    /* U+5206 "分" */
    0x0, 0x3f, 0x0, 0x6, 0x7f, 0x0, 0xc, 0x6,
    0x0, 0x30, 0x6, 0x0, 0x60, 0xc, 0x1, 0xc0,
    0xc, 0x3, 0x0, 0x1c, 0xc, 0x0, 0x18, 0x38,
    0x0, 0x18, 0xff, 0xff, 0xdd, 0xbf, 0xff, 0x90,
    0x3, 0x3, 0x0, 0x6, 0x6, 0x0, 0xc, 0xc,
    0x0, 0x30, 0x18, 0x0, 0x60, 0x30, 0x1, 0x80,
    0x60, 0x3, 0x0, 0xc0, 0xc, 0x1, 0x80, 0x70,
    0x7, 0x3, 0xc0, 0xc, 0x6, 0x1, 0xf0, 0x0,

    /* U+5229 "利" */
    0x0, 0x20, 0x0, 0x7, 0xc0, 0x37, 0xfc, 0x0,
    0xde, 0xc0, 0xc3, 0x3, 0x3, 0xc, 0xc, 0xc,
    0x30, 0x30, 0x30, 0xdf, 0xfe, 0xc3, 0x7f, 0xfb,
    0xc, 0xc, 0xc, 0x30, 0x70, 0x30, 0xc1, 0xe0,
    0xc3, 0xf, 0xc3, 0xc, 0x6d, 0x8c, 0x31, 0xb3,
    0xb0, 0xcc, 0xc4, 0xc3, 0x73, 0x0, 0xd, 0x8c,
    0x0, 0x34, 0x30, 0x0, 0xc0, 0xc0, 0x3, 0x3,
    0x0, 0xc, 0xc, 0x3, 0xe0,

    /* U+5230 "到" */
    0x0, 0x0, 0x30, 0x0, 0x3, 0xff, 0xf6, 0x31,
    0x80, 0x63, 0x19, 0x86, 0x33, 0xc, 0x63, 0x60,
    0xc6, 0x37, 0xfe, 0x63, 0xff, 0xb6, 0x30, 0x2,
    0x63, 0x6, 0x6, 0x30, 0x60, 0x63, 0xff, 0xf6,
    0x3f, 0xff, 0x63, 0x6, 0x6, 0x30, 0x60, 0x63,
    0x6, 0x10, 0x30, 0x7f, 0x3, 0x1f, 0xe0, 0x3f,
    0xe0, 0x3, 0xe0, 0x1, 0xf0, 0x0, 0x1e,

    /* U+524D "前" */
    0x4, 0x0, 0x80, 0x70, 0xc, 0x1, 0x80, 0x60,
    0x6, 0x6, 0xf, 0xff, 0xff, 0x80, 0x0, 0x0,
    0x0, 0x0, 0x0, 0x0, 0x0, 0x3f, 0xe6, 0x31,
    0x83, 0x31, 0x8c, 0x19, 0x8c, 0x60, 0xcc, 0x63,
    0xfe, 0x63, 0x18, 0x33, 0x18, 0xc1, 0x98, 0xc4,
    0xc, 0xc6, 0x3f, 0xe6, 0x31, 0x3, 0x31, 0x98,
    0x18, 0xc, 0xc0, 0xc0, 0x6c, 0x6, 0x2, 0x61,
    0xe0, 0xf0,

    /* U+5283 "劃" */
    0x3, 0x0, 0x0, 0x18, 0x0, 0x1f, 0xfe, 0x6,
    0x6, 0x33, 0x30, 0x31, 0x99, 0xff, 0xfe, 0xcc,
    0xc, 0x66, 0x6f, 0xff, 0x33, 0x3, 0x1, 0x98,
    0x18, 0xc, 0xdf, 0xfe, 0x66, 0x6, 0x3, 0x3f,
    0xff, 0xd9, 0x80, 0x0, 0xcc, 0xff, 0xe6, 0x64,
    0x63, 0x33, 0x3f, 0xf9, 0x99, 0x18, 0xc0, 0xcf,
    0xfe, 0x6, 0x0, 0x0, 0x30, 0x0, 0x1, 0xff,
    0xfe, 0xc, 0x0, 0x1, 0xe0,

    /* U+529F "功" */
    0x0, 0x6, 0x3, 0xff, 0x18, 0xf, 0xfc, 0x60,
    0x3, 0x1, 0x80, 0xc, 0x6, 0x0, 0x31, 0xff,
    0xf0, 0xc0, 0x60, 0xc3, 0x1, 0x83, 0xc, 0x6,
    0xc, 0x30, 0x18, 0x30, 0xc0, 0x60, 0xc3, 0x3,
    0x3, 0xc, 0xc, 0xc, 0x3e, 0x30, 0x31, 0xf8,
    0xc0, 0xff, 0x6, 0x3, 0xe0, 0x38, 0x8, 0x0,
    0xc0, 0x20, 0x6, 0x1, 0x80, 0x70, 0x6, 0x0,
    0x83, 0xf0,

    /* U+52A0 "加" */
    0xc, 0x0, 0x0, 0x30, 0x0, 0x0, 0xc0, 0x7f,
    0xc3, 0x1, 0xff, 0x7f, 0xe6, 0xd, 0xff, 0x98,
    0x30, 0xc6, 0x60, 0xc3, 0x19, 0x83, 0xc, 0x66,
    0xc, 0x31, 0x98, 0x30, 0xc6, 0x60, 0xc3, 0x19,
    0x83, 0x1c, 0x66, 0xc, 0x61, 0x98, 0x31, 0x86,
    0x60, 0xc6, 0x19, 0x83, 0x38, 0x66, 0xc, 0xc1,
    0x98, 0x37, 0x6, 0x7f, 0xfc, 0x39, 0x83, 0xe7,
    0xe6, 0xd, 0xf, 0x18, 0x0,

    /* U+52A9 "助" */
    0x0, 0x1, 0x80, 0xff, 0x6, 0x3, 0xc, 0x18,
    0xc, 0x30, 0x60, 0x30, 0xc1, 0x80, 0xc3, 0x7f,
    0xf3, 0xfd, 0xff, 0xcc, 0x30, 0x63, 0x30, 0xc1,
    0x8c, 0xc3, 0x6, 0x33, 0xc, 0x18, 0xcc, 0x30,
    0xc3, 0x3f, 0xc3, 0xc, 0xc3, 0xc, 0x33, 0xc,
    0x30, 0xcc, 0x31, 0x83, 0x30, 0xf6, 0xc, 0xff,
    0xb0, 0x3f, 0xe1, 0xc0, 0xdc, 0xe, 0x2, 0x0,
    0x70, 0x18, 0x1, 0x83, 0xc0,

    /* U+52D5 "動" */
    0x3, 0xc3, 0x7, 0xfe, 0x18, 0x1, 0x80, 0xc0,
    0xc, 0x6, 0xf, 0xff, 0x30, 0x3, 0xf, 0xfc,
    0x18, 0x7f, 0xff, 0xfc, 0x63, 0xc6, 0x63, 0x1e,
    0x33, 0x18, 0xff, 0xf8, 0xc7, 0x8c, 0xc6, 0x3c,
    0x66, 0x61, 0xff, 0xf3, 0xc, 0x18, 0x18, 0x60,
    0xc0, 0xc3, 0xff, 0xec, 0x18, 0x30, 0x60, 0xc1,
    0x8e, 0x6, 0x7f, 0xf0, 0x2f, 0xf3, 0x3, 0x0,
    0x30, 0xf0,

    /* U+52D9 "務" */
    0x0, 0x0, 0x0, 0x0, 0x30, 0xf, 0xf8, 0xc0,
    0x0, 0x67, 0xff, 0x27, 0x38, 0x31, 0xf1, 0xf1,
    0x80, 0xe4, 0xee, 0x1, 0xc1, 0xf0, 0xff, 0xc3,
    0x83, 0xff, 0x3f, 0x81, 0xcf, 0xc7, 0xc7, 0x2c,
    0x7, 0x3c, 0x82, 0x0, 0xf6, 0x18, 0x6, 0xcf,
    0xff, 0x9b, 0x1, 0x86, 0xcc, 0x6, 0x1b, 0x30,
    0x30, 0x60, 0xc1, 0xc3, 0x83, 0xe, 0xc, 0xc,
    0x70, 0x30, 0xf1, 0x7, 0x80,

    /* U+52DE "勞" */
    0x6, 0x1, 0x80, 0x30, 0xc, 0x19, 0x96, 0x66,
    0x6d, 0x9b, 0x60, 0xc8, 0x32, 0x7, 0x1, 0xe0,
    0x6e, 0x3b, 0x9e, 0x17, 0x87, 0x40, 0x10, 0x1b,
    0xff, 0xff, 0xd8, 0x18, 0x6, 0xc0, 0xc0, 0x36,
    0x6, 0x1, 0x9f, 0xff, 0xf0, 0x1, 0x81, 0x80,
    0x18, 0xc, 0x0, 0xc0, 0x60, 0xe, 0x3, 0x0,
    0x60, 0x18, 0xe, 0x0, 0xc1, 0xc0, 0xc, 0x38,
    0x7, 0xe0,

    /* U+5305 "包" */
    0x6, 0x0, 0x0, 0x18, 0x0, 0x0, 0xc0, 0x0,
    0x3, 0xff, 0xfc, 0x18, 0x0, 0x30, 0xe0, 0x0,
    0xc3, 0x0, 0x3, 0x18, 0x0, 0xc, 0xdf, 0xf8,
    0x30, 0x60, 0x60, 0xc1, 0x81, 0x83, 0x6, 0x6,
    0xc, 0x18, 0x18, 0x30, 0x7f, 0xe0, 0xc1, 0xff,
    0x86, 0x6, 0x0, 0xf8, 0x18, 0x0, 0x8, 0x60,
    0x0, 0x31, 0x80, 0x0, 0xc6, 0x0, 0x3, 0x8,
    0x0, 0x18, 0x1f, 0xff, 0xc0,

    /* U+5316 "化" */
    0x3, 0x18, 0x0, 0xc, 0x60, 0x0, 0x71, 0x80,
    0x1, 0x86, 0x0, 0xc, 0x18, 0x0, 0x70, 0x60,
    0x1, 0xc1, 0x80, 0xf, 0x7, 0xfe, 0x6c, 0x18,
    0x3, 0x30, 0x60, 0x8, 0xc1, 0x80, 0x3, 0x6,
    0x0, 0xc, 0x18, 0x0, 0x30, 0x60, 0x0, 0xc1,
    0x80, 0x3, 0x6, 0x3, 0xc, 0x18, 0xc, 0x30,
    0x60, 0x30, 0xc1, 0x80, 0xc3, 0x6, 0x6, 0xc,
    0xf, 0xf8, 0x30, 0x0, 0x0,

    /* U+5317 "北" */
    0x1, 0x86, 0x0, 0x6, 0x18, 0x0, 0x18, 0x60,
    0x0, 0x61, 0x80, 0x1, 0x86, 0x0, 0x6, 0x18,
    0x7, 0xf8, 0x7f, 0xdf, 0xe1, 0xff, 0x1, 0x86,
    0x0, 0x6, 0x18, 0x0, 0x18, 0x60, 0x0, 0x61,
    0x80, 0x1, 0x86, 0x0, 0x6, 0x18, 0x0, 0x18,
    0x60, 0xc0, 0x61, 0x83, 0x1, 0xa6, 0xc, 0x7,
    0x98, 0x30, 0xf8, 0x60, 0xcf, 0x81, 0xfe, 0xf0,
    0x3, 0xf9, 0x0, 0x0, 0x0,

    /* U+5340 "區" */
    0xff, 0xff, 0xf9, 0x80, 0x0, 0x6, 0x0, 0x0,
    0x18, 0x3f, 0xc0, 0x60, 0x83, 0x1, 0x82, 0xc,
    0x6, 0x8, 0x30, 0x18, 0x3f, 0xc0, 0x60, 0x0,
    0x1, 0x80, 0x0, 0x6, 0x7e, 0xfe, 0x19, 0x9b,
    0x18, 0x66, 0x6c, 0x61, 0x99, 0xb1, 0x86, 0x66,
    0xc6, 0x19, 0xfb, 0xf8, 0x60, 0x0, 0x1, 0xc0,
    0x0, 0x3, 0xff, 0xff, 0xc7, 0xff, 0xff,

    /* U+5347 "升" */
    0x0, 0x31, 0x80, 0x7, 0xc6, 0x0, 0xfc, 0x18,
    0x1f, 0xc0, 0x60, 0x63, 0x1, 0x80, 0xc, 0x6,
    0x0, 0x30, 0x18, 0x0, 0xc0, 0x60, 0x3, 0x1,
    0x81, 0xff, 0xff, 0xf7, 0xff, 0xff, 0xc0, 0xc0,
    0x60, 0x3, 0x1, 0x80, 0xc, 0x6, 0x0, 0x70,
    0x18, 0x1, 0x80, 0x60, 0x6, 0x1, 0x80, 0x30,
    0x6, 0x1, 0xc0, 0x18, 0xe, 0x0, 0x60, 0x70,
    0x1, 0x81, 0x80, 0x6, 0x0,

    /* U+5348 "午" */
    0x6, 0x0, 0x0, 0x38, 0x0, 0x0, 0xc0, 0x0,
    0x3, 0xff, 0xfc, 0x1f, 0xff, 0xf0, 0x60, 0xc0,
    0x3, 0x3, 0x0, 0x18, 0xc, 0x0, 0xe0, 0x30,
    0x0, 0x0, 0xc0, 0x0, 0x3, 0x0, 0x3f, 0xff,
    0xff, 0xff, 0xff, 0xfc, 0x0, 0xc0, 0x0, 0x3,
    0x0, 0x0, 0xc, 0x0, 0x0, 0x30, 0x0, 0x0,
    0xc0, 0x0, 0x3, 0x0, 0x0, 0xc, 0x0, 0x0,
    0x30, 0x0, 0x0, 0xc0, 0x0,

    /* U+5357 "南" */
    0x0, 0x30, 0x0, 0x0, 0xc0, 0xf, 0xff, 0xff,
    0xc0, 0xc, 0x0, 0x0, 0x30, 0x0, 0x0, 0xc0,
    0x3, 0xff, 0xff, 0x8f, 0xff, 0xfe, 0x31, 0x83,
    0x18, 0xc2, 0x18, 0x63, 0x3f, 0xf9, 0x8c, 0xff,
    0xe6, 0x30, 0x30, 0x18, 0xc0, 0xc0, 0x63, 0x3,
    0x1, 0x8d, 0xff, 0xf6, 0x30, 0x30, 0x18, 0xc0,
    0xc0, 0x63, 0x3, 0x1, 0x8c, 0xc, 0x6, 0x30,
    0x31, 0xf8,

    /* U+539F "原" */
    0x3f, 0xff, 0xfc, 0xc0, 0x0, 0x3, 0x0, 0xc0,
    0xc, 0x6, 0x0, 0x30, 0x18, 0x0, 0xcf, 0xff,
    0xc3, 0x30, 0x3, 0xc, 0xc0, 0xc, 0x33, 0xff,
    0xf0, 0xcc, 0x0, 0xc3, 0x30, 0x3, 0xc, 0xc0,
    0xc, 0x33, 0xff, 0xf0, 0xc0, 0x30, 0x3, 0x0,
    0xc0, 0x18, 0x63, 0x30, 0x61, 0x8c, 0x61, 0x8c,
    0x30, 0xcc, 0x60, 0xc1, 0xb3, 0x3, 0x3, 0x0,
    0x7c, 0x0,

    /* U+53C3 "參" */
    0x0, 0xc0, 0x0, 0x6, 0x1c, 0x0, 0x70, 0x18,
    0x7, 0xff, 0xf0, 0x10, 0x0, 0x60, 0x30, 0x6,
    0x1, 0xa3, 0x33, 0xc, 0xdc, 0xc4, 0x7f, 0xff,
    0xf8, 0x7, 0x38, 0x20, 0x38, 0x70, 0x3, 0x8e,
    0x70, 0x3c, 0xe0, 0x7b, 0xce, 0x8, 0x70, 0x60,
    0xe0, 0x0, 0xe, 0x0, 0x3, 0xe0, 0xc0, 0x1c,
    0xe, 0x0, 0x0, 0xf0, 0x0, 0x1e, 0x0, 0x1f,
    0xe0, 0x0, 0x38, 0x0, 0x0,

    /* U+53CA "及" */
    0x3f, 0xff, 0x80, 0x7f, 0xfe, 0x0, 0xc, 0xc,
    0x0, 0x18, 0x18, 0x0, 0x30, 0x30, 0x0, 0x60,
    0x60, 0x0, 0xc1, 0x80, 0x1, 0xff, 0xfc, 0x3,
    0xff, 0xf8, 0x6, 0xc0, 0x70, 0x1d, 0x80, 0xe0,
    0x31, 0x83, 0x80, 0x63, 0x7, 0x1, 0xc3, 0x1c,
    0x3, 0x3, 0x70, 0x6, 0x7, 0xc0, 0x18, 0x7,
    0x0, 0x70, 0x1f, 0x81, 0xc0, 0xf3, 0x83, 0xf,
    0x83, 0xf0, 0x1c, 0x1, 0xc0,

    /* U+53CB "友" */
    0x1, 0x80, 0x0, 0x3, 0x0, 0x0, 0x6, 0x0,
    0x0, 0xc, 0x0, 0x7, 0xff, 0xff, 0xc0, 0x30,
    0x0, 0x0, 0x60, 0x0, 0x0, 0xc0, 0x0, 0x1,
    0x0, 0x0, 0x7, 0xff, 0xc0, 0xf, 0xff, 0x80,
    0x1c, 0x3, 0x0, 0x6c, 0xc, 0x0, 0xd8, 0x18,
    0x1, 0x98, 0x60, 0x6, 0x19, 0xc0, 0xc, 0x3f,
    0x0, 0x30, 0x3c, 0x0, 0xe0, 0x7c, 0x3, 0x83,
    0x9e, 0xe, 0x3e, 0xf, 0x80, 0xe0, 0x7, 0x80,

    /* U+53D6 "取" */
    0xff, 0xf0, 0x1, 0xff, 0xe0, 0x0, 0xc3, 0x3f,
    0xf1, 0x86, 0x7f, 0xe3, 0xc, 0x40, 0xc6, 0x19,
    0x83, 0x8f, 0xf3, 0x6, 0x18, 0x66, 0xc, 0x30,
    0xc6, 0x18, 0x61, 0x8c, 0x70, 0xc3, 0x18, 0xc1,
    0xfe, 0x1b, 0x83, 0xc, 0x36, 0x6, 0x18, 0x3c,
    0xc, 0x30, 0x70, 0x1b, 0xe0, 0xf0, 0xff, 0xc3,
    0xe1, 0xc1, 0x8e, 0x70, 0x3, 0x38, 0x70, 0x6,
    0xe0, 0x70, 0xc, 0x0, 0x40,

    /* U+53F0 "台" */
    0x0, 0x0, 0x0, 0x1c, 0x0, 0x3, 0x80, 0x0,
    0x30, 0x40, 0x6, 0x6, 0x0, 0xc0, 0x38, 0x18,
    0x1, 0xc3, 0x0, 0xe, 0x7f, 0xff, 0xf4, 0x0,
    0x3, 0x0, 0x0, 0x0, 0x0, 0x0, 0x3f, 0xff,
    0xc3, 0x0, 0xc, 0x30, 0x0, 0xc3, 0x0, 0xc,
    0x30, 0x0, 0xc3, 0x0, 0xc, 0x30, 0x0, 0xc3,
    0xff, 0xfc, 0x3f, 0xff, 0xc3, 0x0, 0xc,

    /* U+5408 "合" */
    0x0, 0x18, 0x0, 0x0, 0x30, 0x0, 0x0, 0xe0,
    0x0, 0x3, 0x60, 0x0, 0xc, 0x70, 0x0, 0x70,
    0x70, 0x1, 0xc0, 0x38, 0xe, 0x0, 0x3c, 0xff,
    0xff, 0xde, 0xc0, 0x0, 0x8, 0x0, 0x0, 0x0,
    0x0, 0x0, 0x0, 0x0, 0x0, 0x1, 0xff, 0xfc,
    0x3, 0x0, 0x18, 0x6, 0x0, 0x30, 0xc, 0x0,
    0x60, 0x18, 0x0, 0xc0, 0x30, 0x1, 0x80, 0x7f,
    0xff, 0x0, 0xc0, 0x6, 0x1, 0x80, 0xc, 0x0,

    /* U+540C "同" */
    0xff, 0xff, 0xfc, 0x0, 0x3, 0xc0, 0x0, 0x3c,
    0x0, 0x3, 0xc0, 0x0, 0x3c, 0xff, 0xf3, 0xc0,
    0x0, 0x3c, 0x0, 0x3, 0xc0, 0x0, 0x3c, 0x7f,
    0xe3, 0xc6, 0x6, 0x3c, 0x60, 0x63, 0xc6, 0x6,
    0x3c, 0x60, 0x63, 0xc6, 0x6, 0x3c, 0x7f, 0xe3,
    0xc6, 0x0, 0x3c, 0x60, 0x3, 0xc0, 0x0, 0x3c,
    0x0, 0x3f, 0xc0, 0x1, 0xe0,

    /* U+544A "告" */
    0xc, 0x30, 0x0, 0x61, 0x80, 0x6, 0xc, 0x0,
    0x3f, 0xff, 0xc3, 0x3, 0x0, 0x38, 0x18, 0x3,
    0x80, 0xc0, 0x0, 0x6, 0x0, 0xff, 0xff, 0xff,
    0xff, 0xff, 0xc0, 0x0, 0x0, 0x0, 0x0, 0x1,
    0xff, 0xfe, 0xc, 0x0, 0x30, 0x60, 0x1, 0x83,
    0x0, 0xc, 0x18, 0x0, 0x60, 0xc0, 0x3, 0x7,
    0xff, 0xf8, 0x30, 0x0, 0xc1, 0x80, 0x6, 0x0,

    /* U+548C "和" */
    0x0, 0x40, 0x0, 0x7f, 0x0, 0x1f, 0x83, 0xfe,
    0xc, 0x18, 0x30, 0x60, 0xc1, 0x83, 0x6, 0xc,
    0x18, 0x30, 0x7f, 0xfd, 0x83, 0x6, 0xc, 0x18,
    0x78, 0x60, 0xc3, 0xc3, 0x6, 0x3f, 0x18, 0x31,
    0x6c, 0xc1, 0x9b, 0x76, 0xc, 0xd9, 0xb0, 0x6c,
    0xc1, 0x83, 0xc6, 0xc, 0x1e, 0x30, 0x60, 0xc1,
    0x83, 0xfe, 0xc, 0x18, 0x30, 0x60, 0xc1, 0x83,
    0x0, 0x0,

    /* U+5496 "咖" */
    0x0, 0xc0, 0x0, 0x6, 0x0, 0x3e, 0x30, 0x1,
    0x91, 0x87, 0xfc, 0x8c, 0x31, 0xe5, 0xff, 0x8f,
    0x23, 0x3c, 0x79, 0x19, 0xe3, 0xc8, 0xcf, 0x1e,
    0x46, 0x78, 0xf2, 0x33, 0xc7, 0x91, 0x9e, 0x3c,
    0x8c, 0xf1, 0xe4, 0xe7, 0x8f, 0x26, 0x3c, 0x7f,
    0x31, 0xe3, 0xc1, 0x8f, 0x1e, 0x1c, 0x78, 0xc0,
    0xc3, 0xfe, 0xe, 0x36, 0x30, 0x61, 0xb1, 0x82,
    0x78, 0x0, 0x0, 0x0, 0x0,

    /* U+54C1 "品" */
    0xf, 0xff, 0x80, 0x60, 0xc, 0x3, 0x0, 0x60,
    0x18, 0x3, 0x0, 0xc0, 0x18, 0x6, 0x0, 0xc0,
    0x3f, 0xfe, 0x0, 0x0, 0x0, 0x0, 0x0, 0x0,
    0x0, 0x0, 0x0, 0x0, 0x1, 0xff, 0x3f, 0xfc,
    0x19, 0x81, 0xe0, 0xcc, 0xf, 0x6, 0x60, 0x78,
    0x33, 0x3, 0xc1, 0x98, 0x1e, 0xc, 0xc0, 0xff,
    0xe7, 0xff, 0xff, 0x3f, 0xfc, 0x19, 0x81, 0x80,

    /* U+5546 "商" */
    0x0, 0x40, 0x0, 0x3, 0x0, 0x0, 0x18, 0x1,
    0xff, 0xff, 0xf0, 0x40, 0x20, 0x3, 0x3, 0x0,
    0xc, 0x10, 0xf, 0xff, 0xfc, 0x7f, 0xff, 0xe3,
    0x18, 0xc1, 0x18, 0xc6, 0x8, 0xde, 0x3f, 0x47,
    0xe0, 0x2, 0x34, 0x0, 0x11, 0x8f, 0xf0, 0x8c,
    0x40, 0x84, 0x62, 0x4, 0x23, 0x10, 0x21, 0x18,
    0xff, 0x8, 0xc4, 0x0, 0x46, 0x0, 0x2, 0x30,
    0x1, 0xf0,

    /* U+5561 "啡" */
    0x0, 0x19, 0x80, 0x0, 0x66, 0xf, 0xe1, 0x98,
    0x3f, 0x86, 0x60, 0xc7, 0xf9, 0xfb, 0x18, 0x66,
    0xc, 0x61, 0x98, 0x31, 0x86, 0x60, 0xc6, 0x19,
    0x83, 0x1f, 0xe7, 0xec, 0x61, 0x98, 0x31, 0x86,
    0x60, 0xc6, 0x19, 0x83, 0xf8, 0x66, 0xf, 0xef,
    0x9f, 0xf0, 0x76, 0x60, 0xc0, 0x31, 0x80, 0x0,
    0xc6, 0x0, 0x6, 0x18, 0x0, 0x18, 0x60, 0x0,
    0xc1, 0x80, 0x6, 0x6, 0x0,

    /* U+5589 "喉" */
    0x0, 0x40, 0x0, 0x3, 0x3f, 0xbe, 0x19, 0xfd,
    0x91, 0x80, 0x6c, 0x8c, 0x3, 0x64, 0xc0, 0x13,
    0x26, 0xff, 0xf9, 0x70, 0xc0, 0xcf, 0x84, 0x6,
    0x6c, 0x7f, 0xf2, 0x63, 0xff, 0x93, 0x33, 0xc,
    0x9b, 0x18, 0x64, 0xc0, 0xc3, 0xe6, 0xff, 0xf8,
    0x30, 0x30, 0xc1, 0x81, 0xe0, 0xc, 0x19, 0x0,
    0x61, 0xc4, 0x3, 0x1c, 0x30, 0x1b, 0xc0, 0x80,
    0xc8, 0x4,

    /* U+5609 "嘉" */
    0x0, 0x18, 0x0, 0x0, 0x30, 0x1, 0xff, 0xff,
    0xf8, 0x0, 0xc0, 0x1, 0xff, 0xff, 0x80, 0x0,
    0x0, 0x0, 0x0, 0x0, 0x7, 0xff, 0xf8, 0xc,
    0x0, 0x30, 0x18, 0x0, 0x60, 0x3f, 0xff, 0xc0,
    0xc, 0xc, 0x0, 0xc, 0x10, 0xf, 0xff, 0xff,
    0x80, 0x0, 0x0, 0x1, 0x0, 0x0, 0x6, 0x7,
    0xf8, 0x7f, 0xef, 0xf0, 0x18, 0xd8, 0x20, 0x61,
    0x30, 0x43, 0x82, 0x7f, 0x8c, 0x3c, 0xc1, 0x0,

    /* U+56DB "四" */
    0xff, 0xff, 0xff, 0xff, 0xff, 0xc3, 0x18, 0x3c,
    0x31, 0x83, 0xc3, 0x18, 0x3c, 0x31, 0x83, 0xc3,
    0x18, 0x3c, 0x31, 0x83, 0xc6, 0x18, 0x3c, 0x61,
    0x83, 0xce, 0x18, 0x3c, 0xc0, 0xff, 0xf8, 0x0,
    0x3c, 0x0, 0x3, 0xc0, 0x0, 0x3f, 0xff, 0xff,
    0xff, 0xff, 0xfc, 0x0, 0x3, 0xc0, 0x0, 0x30,

    /* U+56DE "回" */
    0xff, 0xff, 0xff, 0xff, 0xff, 0xc0, 0x0, 0x3c,
    0x0, 0x3, 0xc0, 0x0, 0x3c, 0x0, 0x3, 0xc7,
    0xfe, 0x3c, 0x60, 0x63, 0xc6, 0x6, 0x3c, 0x60,
    0x63, 0xc6, 0x6, 0x3c, 0x60, 0x63, 0xc6, 0x6,
    0x3c, 0x7f, 0xe3, 0xc0, 0x0, 0x3c, 0x0, 0x3,
    0xc0, 0x0, 0x3c, 0x0, 0x3, 0xff, 0xff, 0xfc,
    0x0, 0x3, 0xc0, 0x0, 0x30,

    /* U+56FA "固" */
    0xff, 0xff, 0xfc, 0x0, 0x3, 0xc0, 0x0, 0x3c,
    0x6, 0x3, 0xc0, 0x60, 0x3c, 0x6, 0x3, 0xdf,
    0xff, 0xbc, 0x6, 0x3, 0xc0, 0x60, 0x3c, 0x6,
    0x3, 0xc7, 0xfe, 0x3c, 0x7f, 0xe3, 0xc6, 0x6,
    0x3c, 0x60, 0x63, 0xc6, 0x6, 0x3c, 0x7f, 0xe3,
    0xc0, 0x0, 0x3c, 0x0, 0x3, 0xff, 0xff, 0xfc,
    0x0, 0x3, 0xc0, 0x0, 0x30,

    /* U+570B "國" */
    0xff, 0xff, 0xfc, 0x0, 0x3, 0xc0, 0x32, 0x3c,
    0x3, 0x3b, 0xc0, 0x30, 0x3d, 0xff, 0xfb, 0xc0,
    0x30, 0x3c, 0x3, 0x3, 0xcf, 0xb1, 0x3c, 0x89,
    0xb3, 0xc8, 0x9a, 0x3c, 0xf9, 0xe3, 0xc0, 0x1c,
    0x3c, 0x4, 0xcb, 0xcf, 0xdc, 0xbd, 0xe3, 0x7b,
    0xc0, 0x63, 0xbc, 0x4, 0x3, 0xc0, 0x0, 0x3f,
    0xff, 0xff, 0xc0, 0x0, 0x30,

    /* U+5712 "園" */
    0xff, 0xff, 0xfc, 0x0, 0x3, 0xc0, 0x60, 0x3c,
    0xff, 0xf3, 0xc0, 0x60, 0x3c, 0x6, 0x3, 0xdf,
    0xff, 0xbc, 0x0, 0x3, 0xcf, 0xff, 0x3c, 0xc0,
    0x33, 0xcc, 0x3, 0x3c, 0xff, 0xf3, 0xc1, 0x80,
    0x3c, 0x73, 0x1b, 0xde, 0x1f, 0x3c, 0x20, 0x63,
    0xc2, 0xe3, 0x3c, 0x78, 0x1b, 0xc4, 0x0, 0x3f,
    0xff, 0xff, 0xc0, 0x0, 0x30,

    /* U+5718 "團" */
    0xff, 0xff, 0xfc, 0x0, 0x3, 0xc0, 0x60, 0x3d,
    0xff, 0xfb, 0xc0, 0x60, 0x3c, 0xff, 0xf3, 0xc8,
    0x61, 0x3c, 0xff, 0xf3, 0xc8, 0x61, 0x3c, 0xff,
    0xf3, 0xc0, 0x66, 0x3d, 0xff, 0xf3, 0xdf, 0xfe,
    0xbd, 0xff, 0xfb, 0xc6, 0xc, 0x3c, 0x30, 0xc3,
    0xc1, 0xc, 0x3c, 0x3, 0x83, 0xff, 0xff, 0xfc,
    0x0, 0x3, 0xc0, 0x0, 0x30,

    /* U+571F "土" */
    0x0, 0x30, 0x0, 0x0, 0xc0, 0x0, 0x3, 0x0,
    0x0, 0xc, 0x0, 0x0, 0x30, 0x0, 0x0, 0xc0,
    0x0, 0x3, 0x0, 0x0, 0xc, 0x0, 0x3f, 0xff,
    0xf0, 0xff, 0xff, 0xc0, 0x3, 0x0, 0x0, 0xc,
    0x0, 0x0, 0x30, 0x0, 0x0, 0xc0, 0x0, 0x3,
    0x0, 0x0, 0xc, 0x0, 0x0, 0x30, 0x0, 0x0,
    0xc0, 0x0, 0x3, 0x0, 0x0, 0xc, 0x0, 0xff,
    0xff, 0xff, 0xff, 0xff, 0xf0,

    /* U+5728 "在" */
    0x0, 0x80, 0x0, 0x3, 0x0, 0x0, 0xc, 0x0,
    0x0, 0x60, 0x0, 0x7f, 0xff, 0xfc, 0x4, 0x0,
    0x0, 0x30, 0x0, 0x0, 0xc1, 0x80, 0x6, 0x6,
    0x0, 0x30, 0x18, 0x1, 0xc0, 0x60, 0x7, 0x1,
    0x80, 0x3c, 0xff, 0xfb, 0xb0, 0x18, 0x4, 0xc0,
    0x60, 0x3, 0x1, 0x80, 0xc, 0x6, 0x0, 0x30,
    0x18, 0x0, 0xc0, 0x60, 0x3, 0x1, 0x80, 0xd,
    0xff, 0xfc, 0x37, 0xff, 0xf0,

    /* U+5730 "地" */
    0x18, 0x3, 0x0, 0x60, 0xc, 0x1, 0x86, 0x30,
    0x6, 0x18, 0xc0, 0x18, 0x63, 0x10, 0x61, 0x8d,
    0xef, 0xf6, 0x3f, 0x86, 0x1b, 0xc6, 0x18, 0x7f,
    0x18, 0x67, 0xcc, 0x61, 0x9e, 0x31, 0x86, 0x18,
    0xc4, 0x18, 0x63, 0x10, 0x6d, 0x8c, 0xc1, 0xf6,
    0x33, 0x1f, 0x18, 0xc4, 0xe0, 0x60, 0x6, 0x1,
    0x80, 0x10, 0x6, 0x0, 0xc0, 0x18, 0x3, 0x0,
    0x3f, 0xf8,

    /* U+57CE "城" */
    0x18, 0x1, 0xa0, 0x60, 0x6, 0xc1, 0x80, 0x19,
    0x86, 0x0, 0x62, 0x18, 0xff, 0xfc, 0x63, 0xff,
    0xff, 0xec, 0x18, 0x6, 0x30, 0x60, 0x18, 0xc1,
    0x8c, 0x63, 0xfe, 0x21, 0x8c, 0x79, 0x86, 0x31,
    0xe6, 0x18, 0xc7, 0x90, 0x63, 0x1b, 0xc1, 0x8c,
    0x6f, 0x7, 0xf1, 0xb8, 0x3c, 0xc6, 0xe3, 0xc6,
    0xf3, 0x14, 0x18, 0x1e, 0x40, 0x60, 0xd9, 0x3,
    0x6, 0x24, 0xc, 0x10, 0xe0,

    /* U+57F7 "執" */
    0x6, 0x3, 0x0, 0xc, 0x6, 0x0, 0x18, 0xc,
    0x3, 0xff, 0x18, 0x0, 0x60, 0x30, 0x0, 0xc3,
    0xfe, 0x3f, 0xf8, 0xcc, 0x7f, 0xf1, 0x98, 0x30,
    0xc3, 0x30, 0x21, 0x6, 0x60, 0x42, 0x6c, 0xc0,
    0xc, 0xf9, 0x87, 0xfe, 0x73, 0x0, 0xc0, 0x66,
    0x1, 0x81, 0xec, 0x3, 0x3, 0x58, 0xff, 0xe6,
    0x30, 0xc, 0x18, 0x64, 0x18, 0x30, 0xd8, 0x30,
    0xc0, 0xb0, 0x63, 0x81, 0xe0, 0xc6, 0x1, 0x80,

    /* U+57F9 "培" */
    0x18, 0x6, 0x0, 0x60, 0x8, 0x1, 0x80, 0x30,
    0x6, 0x3f, 0xfe, 0x18, 0x0, 0x0, 0x60, 0xc0,
    0x8f, 0xf3, 0x6, 0x6, 0x4, 0x18, 0x18, 0x18,
    0x40, 0x60, 0x3, 0x1, 0x9f, 0xff, 0xc6, 0x0,
    0x0, 0x18, 0x0, 0x0, 0x61, 0xff, 0xc1, 0xb6,
    0x3, 0x7, 0xd8, 0xc, 0x7c, 0x60, 0x33, 0xc1,
    0x80, 0xcc, 0x6, 0x3, 0x0, 0x18, 0xc, 0x0,
    0x7f, 0xf0, 0x1, 0x80, 0xc0,

    /* U+57FA "基" */
    0x6, 0x1, 0x80, 0x18, 0x6, 0x7, 0xff, 0xff,
    0x81, 0x80, 0x60, 0x6, 0x1, 0x80, 0x1f, 0xfe,
    0x0, 0x60, 0x18, 0x1, 0x80, 0x60, 0x7, 0xff,
    0x80, 0x18, 0x6, 0x0, 0x60, 0x18, 0x3f, 0xff,
    0xff, 0xff, 0xff, 0xfc, 0x18, 0x6, 0x0, 0xc3,
    0xc, 0xe, 0xc, 0x1c, 0x77, 0xff, 0xbf, 0x80,
    0xc0, 0x20, 0x3, 0x0, 0x0, 0xc, 0x0, 0x3f,
    0xff, 0xf0, 0xff, 0xff, 0xc0,

    /* U+5802 "堂" */
    0x0, 0x60, 0x0, 0xc3, 0x6, 0x3, 0x18, 0x60,
    0x18, 0xc7, 0xf, 0xff, 0xff, 0xff, 0xff, 0xff,
    0x0, 0x0, 0x79, 0xff, 0xf3, 0xcc, 0x1, 0x9e,
    0x60, 0xc, 0xc3, 0x0, 0x60, 0x1f, 0xff, 0x0,
    0xff, 0xf8, 0x0, 0x30, 0x0, 0x1, 0x80, 0x7,
    0xff, 0xfc, 0x0, 0x60, 0x0, 0x3, 0x0, 0x0,
    0x18, 0x0, 0x0, 0xc0, 0xf, 0xff, 0xff, 0xff,
    0xff, 0xfc,

    /* U+5831 "報" */
    0x6, 0x0, 0x0, 0xc, 0x1f, 0xf9, 0xff, 0xb0,
    0x30, 0x30, 0x60, 0x60, 0x60, 0xc0, 0xdf, 0xfd,
    0x8f, 0x0, 0x3, 0x0, 0x18, 0x66, 0x0, 0x10,
    0x8f, 0xfc, 0x33, 0x1e, 0x19, 0xff, 0xb4, 0x33,
    0xff, 0x6c, 0x60, 0x60, 0xd9, 0x80, 0xc1, 0x9b,
    0x1, 0x83, 0x3c, 0x7f, 0xf6, 0x38, 0x6, 0xc,
    0x70, 0xc, 0x19, 0xf0, 0x18, 0x37, 0x70, 0x30,
    0x7c, 0x70, 0x60, 0xf0, 0x40,

    /* U+5834 "場" */
    0x18, 0x0, 0x0, 0x61, 0xff, 0xc1, 0x86, 0x1,
    0x6, 0x18, 0x4, 0x18, 0x7f, 0xf3, 0xfd, 0x80,
    0x4f, 0xf6, 0x1, 0x6, 0x1f, 0xfc, 0x18, 0x0,
    0x0, 0x60, 0x0, 0x1, 0x9f, 0xff, 0xc6, 0xc,
    0x0, 0x18, 0x20, 0x0, 0x7d, 0xff, 0xe1, 0xcc,
    0xcc, 0x9e, 0x62, 0x22, 0xe3, 0x19, 0x8a, 0x0,
    0xc4, 0x60, 0x6, 0x31, 0x80, 0x31, 0x86, 0x1,
    0x86, 0x10, 0x0, 0x33, 0xc0,

    /* U+58E2 "壢" */
    0x18, 0x0, 0x0, 0x31, 0xff, 0xfc, 0x63, 0x0,
    0x0, 0xc6, 0x8, 0x1, 0x8c, 0xfb, 0xc3, 0x1b,
    0xce, 0x3f, 0xb1, 0x84, 0x7f, 0x6f, 0xfe, 0x18,
    0xc6, 0x30, 0x31, 0x9e, 0x70, 0x63, 0x7d, 0x58,
    0xc6, 0xb6, 0x91, 0x8d, 0x61, 0x3, 0x18, 0x0,
    0x6, 0x30, 0x30, 0xc, 0xe6, 0x60, 0x1e, 0xcc,
    0xfd, 0xf1, 0x19, 0x83, 0x2, 0x33, 0x0, 0xc,
    0x66, 0x0, 0x1b, 0xff, 0xe0, 0x20, 0x0, 0x0,

    /* U+58EB "士" */
    0x0, 0x30, 0x0, 0x0, 0xc0, 0x0, 0x3, 0x0,
    0x0, 0xc, 0x0, 0x0, 0x30, 0x0, 0x0, 0xc0,
    0x0, 0x3, 0x0, 0x0, 0xc, 0x0, 0xff, 0xff,
    0xff, 0xff, 0xff, 0xf0, 0x3, 0x0, 0x0, 0xc,
    0x0, 0x0, 0x30, 0x0, 0x0, 0xc0, 0x0, 0x3,
    0x0, 0x0, 0xc, 0x0, 0x0, 0x30, 0x0, 0x0,
    0xc0, 0x0, 0x3, 0x0, 0x0, 0xc, 0x0, 0x3f,
    0xff, 0xf8,

    /* U+590F "夏" */
    0xff, 0xff, 0xf7, 0xff, 0xff, 0x80, 0x10, 0x0,
    0x7f, 0xff, 0x83, 0x0, 0xc, 0x1f, 0xff, 0xe0,
    0xc0, 0x3, 0x6, 0x0, 0x18, 0x3f, 0xff, 0xc1,
    0x80, 0x6, 0xc, 0x0, 0x30, 0x7f, 0xff, 0x81,
    0x30, 0x0, 0x1b, 0xff, 0xe0, 0x70, 0x6, 0x7,
    0xc0, 0xe0, 0x63, 0x8e, 0x0, 0x7, 0xc0, 0x1,
    0xff, 0xe1, 0xfc, 0x7, 0xe0, 0x0, 0x0, 0x0,

    /* U+5916 "外" */
    0x6, 0x3, 0x0, 0x8, 0x6, 0x0, 0x30, 0xc,
    0x0, 0x60, 0x18, 0x0, 0xff, 0x30, 0x3, 0x6,
    0x60, 0x6, 0xc, 0xc0, 0x18, 0x39, 0xc0, 0x38,
    0x63, 0xe0, 0xd8, 0xc6, 0xe3, 0x99, 0x8c, 0xe0,
    0x1e, 0x18, 0xe0, 0x3c, 0x30, 0xe0, 0x38, 0x60,
    0x0, 0x60, 0xc0, 0x1, 0xc1, 0x80, 0x7, 0x3,
    0x0, 0x1c, 0x6, 0x0, 0x70, 0xc, 0x1, 0xc0,
    0x18, 0xf, 0x0, 0x30, 0xc, 0x0, 0x60, 0x0,

    /* U+591C "夜" */
    0x0, 0x30, 0x0, 0x0, 0x60, 0x0, 0x0, 0x60,
    0x3, 0xff, 0xff, 0xe0, 0x30, 0x60, 0x0, 0x61,
    0x80, 0x1, 0x83, 0x0, 0x3, 0xf, 0xfc, 0xc,
    0x18, 0x18, 0x38, 0x6c, 0x30, 0xf1, 0xcc, 0xc3,
    0xe7, 0x8d, 0x8e, 0xdd, 0x96, 0x9, 0x93, 0xc,
    0x3, 0x3, 0x30, 0x6, 0x3, 0xc0, 0xc, 0x7,
    0x80, 0x18, 0xf, 0x0, 0x30, 0x77, 0x80, 0x63,
    0xc3, 0x80, 0xde, 0x3, 0xe1, 0x90, 0x1, 0x80,

    /* U+5925 "夥" */
    0x0, 0x1, 0x81, 0xff, 0x8c, 0x6, 0x66, 0x3f,
    0x99, 0x99, 0x86, 0x66, 0x6e, 0x39, 0xff, 0xec,
    0xc6, 0x66, 0x1e, 0x19, 0x98, 0x38, 0x66, 0x61,
    0xc1, 0xff, 0x8e, 0x0, 0x61, 0xf8, 0x1, 0x82,
    0x7e, 0xff, 0xe3, 0xfc, 0x38, 0x38, 0x30, 0xf1,
    0xf1, 0x87, 0xe0, 0x6e, 0x36, 0xc0, 0xf1, 0xd9,
    0xc3, 0x8e, 0x62, 0x1c, 0x31, 0x81, 0xe0, 0x86,
    0x3e, 0x0, 0x18, 0x60, 0x0,

    /* U+5927 "大" */
    0x0, 0x60, 0x0, 0x3, 0x0, 0x0, 0x18, 0x0,
    0x0, 0xc0, 0x0, 0x6, 0x0, 0x0, 0x30, 0x0,
    0x1, 0x80, 0x1f, 0xff, 0xff, 0xff, 0xff, 0xf8,
    0x3, 0x80, 0x0, 0x34, 0x0, 0x1, 0xb0, 0x0,
    0xd, 0x80, 0x0, 0xc6, 0x0, 0x6, 0x30, 0x0,
    0x60, 0xc0, 0x7, 0x7, 0x0, 0x70, 0x1c, 0x7,
    0x0, 0x70, 0x70, 0x1, 0xcf, 0x0, 0x7, 0xe0,
    0x0, 0xc,

    /* U+5929 "天" */
    0x7f, 0xff, 0xf0, 0xff, 0xff, 0xe0, 0x0, 0xc0,
    0x0, 0x1, 0x80, 0x0, 0x3, 0x0, 0x0, 0x6,
    0x0, 0x0, 0xc, 0x0, 0x0, 0x18, 0x0, 0x7f,
    0xff, 0xfc, 0xff, 0xff, 0xf8, 0x1, 0xe0, 0x0,
    0x3, 0xc0, 0x0, 0xe, 0xc0, 0x0, 0x19, 0x80,
    0x0, 0x71, 0x80, 0x1, 0xc3, 0x80, 0x7, 0x3,
    0x80, 0x1c, 0x3, 0x80, 0xf0, 0x3, 0xc7, 0x80,
    0x1, 0xf4, 0x0, 0x0, 0xc0,

    /* U+5931 "失" */
    0xc, 0x60, 0x0, 0x31, 0x80, 0x1, 0x86, 0x0,
    0x6, 0x18, 0x0, 0x1f, 0xff, 0xe0, 0xff, 0xff,
    0x83, 0x6, 0x0, 0x18, 0x18, 0x0, 0xe0, 0x60,
    0x1, 0x1, 0x80, 0x0, 0x6, 0x0, 0x3f, 0xff,
    0xfe, 0xff, 0xff, 0xf8, 0x3, 0xc0, 0x0, 0xd,
    0x80, 0x0, 0x76, 0x0, 0x1, 0x8c, 0x0, 0xc,
    0x38, 0x0, 0xe0, 0x70, 0x7, 0x0, 0xf0, 0x78,
    0x0, 0xf3, 0x80, 0x1, 0xe0, 0x0, 0x0, 0x0,

    /* U+5976 "奶" */
    0x18, 0x0, 0x0, 0x41, 0xff, 0x81, 0x7, 0xfe,
    0x4, 0xc3, 0x8, 0x13, 0xc, 0x63, 0xfe, 0x31,
    0x83, 0x30, 0xc6, 0xc, 0xc3, 0x10, 0x23, 0xc,
    0x40, 0x8c, 0x33, 0xf6, 0x30, 0xc0, 0xd8, 0xc3,
    0x3, 0x46, 0x18, 0xd, 0x98, 0x60, 0x33, 0x61,
    0x80, 0xc7, 0x6, 0x3, 0xc, 0x10, 0xc, 0x78,
    0xc0, 0x31, 0xb3, 0x0, 0xcc, 0x78, 0x6, 0x61,
    0xc0, 0x19, 0x7, 0x7, 0xc0,

    /* U+5982 "如" */
    0x18, 0x0, 0x0, 0xc0, 0x0, 0x6, 0x3, 0xfe,
    0x21, 0x9f, 0xff, 0xfe, 0xc1, 0xff, 0xf6, 0xc,
    0xc3, 0x30, 0x66, 0x19, 0x83, 0x30, 0xcc, 0x1b,
    0x6, 0x60, 0xd8, 0x73, 0x6, 0xc3, 0x18, 0x36,
    0x18, 0xc1, 0xb9, 0xc6, 0xc, 0x6c, 0x30, 0x61,
    0xe1, 0x83, 0xf, 0xc, 0x18, 0xfc, 0x60, 0xce,
    0x33, 0xfe, 0xe0, 0x98, 0x3c, 0x0, 0xc0, 0x0,

    /* U+59B9 "妹" */
    0xc, 0x1, 0x80, 0x10, 0x3, 0x0, 0x20, 0x6,
    0x0, 0xcc, 0xc, 0x1, 0x9b, 0xff, 0xcf, 0xf8,
    0x30, 0x4, 0x60, 0x60, 0x8, 0xc0, 0xc0, 0x31,
    0x81, 0x80, 0x63, 0x3, 0x0, 0xc6, 0xff, 0xf9,
    0x1c, 0x1e, 0x6, 0x30, 0x3c, 0x7, 0x60, 0x7c,
    0x7, 0xc1, 0xe8, 0x7, 0x6, 0xd8, 0xf, 0x9,
    0x98, 0x1b, 0x33, 0x38, 0x62, 0xc6, 0x39, 0xc3,
    0xc, 0x27, 0x0, 0x18, 0x8, 0x0, 0x30, 0x0,

    /* U+59CB "始" */
    0xc, 0x1, 0x80, 0x10, 0x3, 0x0, 0x20, 0xc,
    0x0, 0xcc, 0x39, 0x1, 0x98, 0x63, 0xf, 0xf9,
    0x83, 0x4, 0x63, 0x3, 0x8, 0xcc, 0x6, 0x31,
    0xbf, 0xfe, 0x63, 0x7c, 0xc, 0x86, 0x0, 0x3,
    0x1c, 0x0, 0x2, 0x31, 0xff, 0xc7, 0x63, 0x1,
    0x87, 0xc6, 0x3, 0x7, 0xc, 0x6, 0xf, 0x18,
    0xc, 0x1f, 0x30, 0x18, 0x67, 0x60, 0x31, 0xc6,
    0xc0, 0x67, 0x1, 0xff, 0xc8, 0x3, 0x1, 0x80,

    /* U+59D0 "姐" */
    0xc, 0x0, 0x0, 0x10, 0x3f, 0xf0, 0x26, 0x60,
    0x60, 0xcc, 0xc0, 0xcf, 0xfd, 0x81, 0x8f, 0xfb,
    0x3, 0x4, 0x67, 0xfe, 0x18, 0xcc, 0xc, 0x31,
    0x98, 0x18, 0x63, 0x30, 0x30, 0x8c, 0x60, 0x63,
    0x98, 0xc0, 0xc3, 0xb1, 0xff, 0x81, 0xe3, 0x3,
    0x1, 0xc6, 0x6, 0x7, 0xcc, 0xc, 0xd, 0xd8,
    0x18, 0x31, 0x30, 0x31, 0xc1, 0xff, 0xfb, 0x3,
    0xff, 0xf0, 0x0, 0x0, 0x0,

    /* U+5A66 "婦" */
    0x18, 0x0, 0x0, 0x20, 0x3f, 0xf0, 0x40, 0x0,
    0x60, 0x98, 0x0, 0xc3, 0x37, 0xff, 0xff, 0xf0,
    0x3, 0x3f, 0xe0, 0x6, 0x11, 0x8f, 0xfc, 0x23,
    0x0, 0x0, 0x46, 0xff, 0xf9, 0x8d, 0xff, 0xf3,
    0x1b, 0x18, 0x64, 0x66, 0x30, 0xcc, 0xc7, 0xff,
    0xf, 0x8c, 0xc6, 0xe, 0x19, 0x8c, 0xe, 0x33,
    0x18, 0x36, 0x66, 0x30, 0xe6, 0xcc, 0x61, 0x81,
    0x99, 0xce, 0x0, 0x30, 0x8, 0x0, 0x60, 0x0,

    /* U+5B50 "子" */
    0x3f, 0xff, 0xe0, 0xff, 0xff, 0x80, 0x0, 0x1c,
    0x0, 0x1, 0xe0, 0x0, 0xe, 0x0, 0x0, 0xf0,
    0x0, 0x3, 0x0, 0x0, 0xc, 0x0, 0x0, 0x30,
    0x3, 0xff, 0xff, 0xff, 0xff, 0xff, 0xc0, 0xc,
    0x0, 0x0, 0x30, 0x0, 0x0, 0xc0, 0x0, 0x3,
    0x0, 0x0, 0xc, 0x0, 0x0, 0x30, 0x0, 0x0,
    0xc0, 0x0, 0x3, 0x0, 0x1, 0xfc, 0x0, 0x7,
    0xe0, 0x0,

    /* U+5B5D "孝" */
    0x0, 0x60, 0x0, 0x0, 0xc0, 0x0, 0x1, 0x80,
    0x60, 0xff, 0xf9, 0x80, 0x6, 0x6, 0x0, 0xc,
    0x38, 0x1f, 0xff, 0xff, 0x3f, 0xff, 0xfe, 0x0,
    0x1c, 0x0, 0x0, 0xe0, 0x0, 0x7, 0x80, 0x0,
    0x3f, 0xff, 0x3, 0xe0, 0x1c, 0xf, 0x1, 0xe0,
    0x10, 0x6, 0x0, 0xf, 0xff, 0xff, 0x0, 0x18,
    0x0, 0x0, 0x30, 0x0, 0x0, 0x60, 0x0, 0x0,
    0xc0, 0x0, 0x1, 0x80, 0x0, 0x1f, 0x0, 0x0,

    /* U+5B69 "孩" */
    0x0, 0x3, 0x1, 0xfc, 0xc, 0x7, 0xf8, 0x18,
    0x0, 0xdf, 0xff, 0x3, 0x7f, 0xfc, 0x18, 0x18,
    0x0, 0x60, 0xc0, 0x3, 0x3, 0x0, 0xc, 0x18,
    0x60, 0x30, 0xff, 0x80, 0xda, 0xc, 0x3, 0xe0,
    0x66, 0x7c, 0x3, 0x1b, 0xf0, 0x38, 0xc0, 0xc3,
    0xc6, 0x3, 0x1c, 0x30, 0xc, 0x61, 0x80, 0x30,
    0xf, 0x0, 0xc0, 0x66, 0x3, 0x7, 0xc, 0xc,
    0x30, 0x19, 0xf3, 0x0, 0x20,

    /* U+5B78 "學" */
    0x4, 0x8, 0x1, 0xf3, 0xcf, 0x86, 0xf, 0x82,
    0x1f, 0xa0, 0xf8, 0x60, 0xd8, 0x21, 0xf9, 0xcf,
    0x87, 0xed, 0xbe, 0x18, 0x62, 0x18, 0xff, 0xff,
    0xfb, 0xff, 0xff, 0xec, 0x0, 0x3, 0xb0, 0x0,
    0xe, 0xcf, 0xff, 0xb8, 0x0, 0x1c, 0x0, 0x1,
    0xc0, 0x0, 0xc, 0x0, 0xff, 0xff, 0xfc, 0x0,
    0xc0, 0x0, 0x3, 0x0, 0x0, 0xc, 0x0, 0x0,
    0x30, 0x0, 0xf, 0xc0, 0x0,

    /* U+5B83 "它" */
    0x0, 0xc0, 0x0, 0x6, 0x0, 0x0, 0x60, 0xf,
    0xff, 0xff, 0xc0, 0x0, 0x3c, 0x0, 0x3, 0xd8,
    0x0, 0x31, 0x80, 0x0, 0x18, 0x1, 0x1, 0x80,
    0xf8, 0x18, 0x3e, 0x1, 0xbf, 0x0, 0x1f, 0x80,
    0x1, 0x80, 0x0, 0x18, 0x0, 0x1, 0x80, 0x0,
    0x18, 0x0, 0x31, 0x80, 0x6, 0x18, 0x0, 0x61,
    0xff, 0xfe, 0xf, 0xff, 0xc0,

    /* U+5B89 "安" */
    0x0, 0x60, 0x0, 0x3, 0x0, 0x0, 0xc, 0x0,
    0xff, 0xff, 0xe4, 0x0, 0x3, 0x20, 0x60, 0x19,
    0x3, 0x0, 0xc0, 0x30, 0x30, 0x1, 0x81, 0x80,
    0x18, 0x18, 0x3f, 0xff, 0xfe, 0xc, 0x6, 0x0,
    0xe0, 0x60, 0x6, 0x3, 0x0, 0x7e, 0x30, 0x0,
    0x7f, 0x80, 0x0, 0x7c, 0x0, 0x3, 0xf8, 0x0,
    0x78, 0xf0, 0x3f, 0x1, 0xe7, 0xc0, 0x7, 0x30,
    0x0, 0x0,

    /* U+5B8C "完" */
    0x0, 0x30, 0x0, 0x0, 0xc0, 0x0, 0x1, 0x80,
    0x1f, 0xff, 0xfe, 0x60, 0x0, 0x19, 0x80, 0x0,
    0x66, 0x0, 0x1, 0x99, 0xff, 0xf6, 0x0, 0x0,
    0x0, 0x0, 0x0, 0x0, 0x0, 0x0, 0x3f, 0xff,
    0xff, 0xff, 0xff, 0xfc, 0x6, 0x18, 0x0, 0x18,
    0x60, 0x0, 0x61, 0x80, 0x1, 0x86, 0x0, 0xc,
    0x18, 0x20, 0x30, 0x60, 0xc1, 0x81, 0x83, 0x1c,
    0x6, 0xf, 0xc0, 0xf, 0xe0,

    /* U+5B9A "定" */
    0x0, 0x20, 0x0, 0x0, 0xc0, 0x0, 0x3, 0x0,
    0x1f, 0xff, 0xfe, 0x60, 0x0, 0x19, 0x80, 0x0,
    0x66, 0x0, 0x1, 0x9b, 0xff, 0xf6, 0xf, 0xff,
    0xc0, 0x0, 0xc0, 0x0, 0x3, 0x0, 0x3, 0xc,
    0x0, 0xc, 0x30, 0x0, 0x30, 0xff, 0x80, 0xc3,
    0x0, 0x7, 0xc, 0x0, 0x1e, 0x30, 0x0, 0x6c,
    0xc0, 0x3, 0x3b, 0x0, 0x1c, 0x7c, 0x0, 0x60,
    0xff, 0xff, 0x0, 0x7f, 0xe0,

    /* U+5B9C "宜" */
    0x0, 0x40, 0x0, 0x6, 0x0, 0x0, 0x20, 0xf,
    0xff, 0xff, 0xc0, 0x0, 0x3c, 0x0, 0x3, 0xc0,
    0x0, 0x30, 0xff, 0xf0, 0xc, 0x3, 0x0, 0xc0,
    0x30, 0xc, 0x3, 0x0, 0xff, 0xf0, 0xc, 0x3,
    0x0, 0xc0, 0x30, 0xc, 0x3, 0x0, 0xff, 0xf0,
    0xc, 0x3, 0x0, 0xc0, 0x30, 0xc, 0x3, 0x0,
    0xc0, 0x30, 0xff, 0xff, 0xff, 0xff, 0xff,

    /* U+5BA2 "客" */
    0x0, 0x30, 0x0, 0x0, 0x60, 0x7, 0xff, 0xff,
    0x98, 0x0, 0x6, 0x60, 0xc0, 0x19, 0x86, 0x0,
    0x60, 0x3f, 0xf8, 0x1, 0xc0, 0x60, 0x1d, 0x83,
    0x1, 0xe3, 0x18, 0x3, 0x7, 0x80, 0x0, 0x1e,
    0x0, 0x1, 0xcf, 0x0, 0x1c, 0xf, 0x87, 0xc0,
    0xf, 0xf1, 0xff, 0xf2, 0x6, 0x0, 0xc0, 0x18,
    0x3, 0x0, 0x60, 0xc, 0x1, 0x80, 0x30, 0x7,
    0xff, 0xc0, 0x18, 0x3, 0x0,

    /* U+5BA4 "室" */
    0x0, 0x30, 0x0, 0x0, 0xc0, 0x7, 0xff, 0xff,
    0xd8, 0x0, 0x3, 0x60, 0x0, 0xd, 0x80, 0x0,
    0x31, 0xff, 0xff, 0x0, 0x30, 0x0, 0x1, 0x83,
    0x0, 0xc, 0x6, 0x0, 0xe0, 0xc, 0x7, 0xff,
    0xf8, 0x1c, 0x30, 0x20, 0x0, 0xc0, 0x0, 0x3,
    0x0, 0x7, 0xff, 0xfc, 0x0, 0x30, 0x0, 0x0,
    0xc0, 0x0, 0x3, 0x0, 0x0, 0xc, 0x0, 0xff,
    0xff, 0xff, 0xff, 0xff, 0xf0,

    /* U+5BB5 "宵" */
    0x0, 0x60, 0x0, 0x7, 0x0, 0xff, 0xff, 0xfc,
    0x0, 0x3, 0xc0, 0x60, 0x3c, 0xc6, 0x1b, 0x4,
    0x63, 0x0, 0x66, 0x20, 0x0, 0x66, 0x1, 0xff,
    0xfc, 0x1f, 0xff, 0xc1, 0x80, 0xc, 0x1b, 0xc0,
    0xc1, 0x8f, 0x8c, 0x18, 0x1c, 0xc1, 0x80, 0x1c,
    0x18, 0x3f, 0xc1, 0xff, 0x8c, 0x33, 0x0, 0xc3,
    0x0, 0xc, 0x30, 0x0, 0xc6, 0x0, 0x78,

    /* U+5BB6 "家" */
    0x0, 0x70, 0x0, 0x0, 0xc0, 0x7, 0xff, 0xff,
    0x98, 0x0, 0x6, 0x60, 0x0, 0x19, 0x80, 0x0,
    0x60, 0xff, 0xfc, 0x0, 0x18, 0x0, 0x1, 0xc0,
    0x40, 0x1f, 0x83, 0x83, 0xe3, 0x1c, 0x1e, 0x1c,
    0xe0, 0x0, 0xdf, 0x0, 0xe, 0x7c, 0x1, 0xe1,
    0x98, 0x1e, 0xe, 0x60, 0x20, 0xec, 0xc0, 0xf,
    0x33, 0x80, 0xf0, 0x87, 0xf, 0x6, 0xe, 0x70,
    0x18, 0x1c, 0x7, 0xc0, 0x0,

    /* U+5BE6 "實" */
    0x0, 0x60, 0x0, 0x0, 0xc0, 0x7, 0xff, 0xff,
    0x90, 0x0, 0x6, 0x4f, 0xff, 0xd8, 0x3f, 0xff,
    0x0, 0xc3, 0xc, 0x3f, 0xff, 0xff, 0x8, 0x30,
    0xc0, 0x3f, 0xff, 0x0, 0x0, 0x0, 0x7, 0xff,
    0xf8, 0x18, 0x0, 0x60, 0x7f, 0xff, 0x81, 0x80,
    0x6, 0x7, 0xff, 0xf8, 0x18, 0x0, 0x60, 0x60,
    0x1, 0x81, 0xff, 0xfe, 0x0, 0x61, 0xc0, 0x1f,
    0x3, 0xe1, 0xf0, 0x1, 0xe0,

    /* U+5BE9 "審" */
    0x0, 0x60, 0x0, 0x0, 0xc0, 0x7, 0xff, 0xff,
    0xd8, 0x0, 0x3, 0x6f, 0xff, 0xcd, 0x9f, 0xfc,
    0x30, 0x23, 0xc, 0x0, 0x8c, 0x60, 0x3, 0x33,
    0x3, 0xff, 0xff, 0xf0, 0x1b, 0x70, 0x0, 0xcc,
    0x70, 0x1e, 0x0, 0x71, 0xff, 0xff, 0xff, 0xff,
    0xfe, 0xc3, 0xc, 0x18, 0xc, 0x30, 0x60, 0x3f,
    0xff, 0x80, 0xc3, 0x6, 0x3, 0xc, 0x18, 0xf,
    0xff, 0xe0, 0x3f, 0xff, 0x80,

    /* U+5C07 "將" */
    0x3, 0x1, 0x80, 0x66, 0x6, 0x0, 0xcc, 0x1f,
    0xf1, 0x98, 0xf0, 0x63, 0x37, 0xb1, 0x86, 0x6c,
    0x37, 0xc, 0xc0, 0x3c, 0x1f, 0xbe, 0x70, 0x3,
    0x3, 0x80, 0x6, 0x1e, 0x60, 0xd, 0xf0, 0xc0,
    0x19, 0x1, 0x87, 0xf7, 0xff, 0xe6, 0x60, 0x6,
    0xc, 0xc6, 0xc, 0x19, 0x8c, 0x18, 0x33, 0xc,
    0x30, 0x66, 0x1c, 0x60, 0x8c, 0x18, 0xc3, 0x18,
    0x1, 0x86, 0x30, 0x3, 0x8, 0x60, 0x3e, 0x0,

    /* U+5C08 "專" */
    0x0, 0x60, 0x0, 0x1, 0x80, 0xf, 0xff, 0xff,
    0x0, 0x18, 0x0, 0x0, 0x60, 0x0, 0xff, 0xff,
    0x83, 0x6, 0x6, 0xf, 0xff, 0xf8, 0x30, 0x60,
    0x60, 0xc1, 0x81, 0x83, 0xff, 0xfe, 0x0, 0x18,
    0xf0, 0xff, 0xff, 0xf3, 0xff, 0xff, 0xc0, 0x0,
    0x30, 0x3f, 0xff, 0xff, 0x8, 0x3, 0x0, 0x30,
    0xc, 0x0, 0x60, 0x30, 0x0, 0xc0, 0xc0, 0x1,
    0x3, 0x0, 0x0, 0xf8, 0x0,

    /* U+5C0D "對" */
    0x9, 0x0, 0x31, 0x24, 0xe0, 0xc6, 0x97, 0x3,
    0xe, 0x70, 0xc, 0x9, 0x0, 0x33, 0xff, 0xe0,
    0xcf, 0xff, 0xff, 0xc4, 0x33, 0xff, 0x18, 0xc0,
    0x30, 0x22, 0x0, 0xc7, 0xfe, 0x23, 0x1f, 0xf8,
    0xcc, 0x6, 0x3, 0x30, 0x18, 0x4, 0xc3, 0xfe,
    0x1b, 0x1, 0x80, 0xc, 0x6, 0x0, 0x30, 0x18,
    0xe0, 0xc0, 0xff, 0x83, 0x3f, 0xe0, 0xc, 0xf0,
    0x0, 0x30, 0x0, 0x7, 0xc0,

    /* U+5C0F "小" */
    0x0, 0x30, 0x0, 0x0, 0xc0, 0x0, 0x3, 0x0,
    0x0, 0xc, 0x0, 0x0, 0x30, 0x0, 0x0, 0xc0,
    0x0, 0xc3, 0xc, 0x6, 0xc, 0x18, 0x18, 0x30,
    0x60, 0x60, 0xc0, 0xc3, 0x3, 0x3, 0xc, 0xc,
    0x6, 0x30, 0x30, 0x19, 0x80, 0xc0, 0x7e, 0x3,
    0x0, 0xf0, 0xc, 0x3, 0x0, 0x30, 0xc, 0x0,
    0xc0, 0x0, 0x3, 0x0, 0x0, 0xc, 0x0, 0x3,
    0xf0, 0x0, 0xf, 0x80, 0x0,

    /* U+5C31 "就" */
    0xc, 0x3, 0x0, 0x18, 0xc, 0x80, 0x60, 0x33,
    0x3f, 0xf8, 0xc6, 0x0, 0x3, 0x18, 0x0, 0xc,
    0x0, 0x0, 0x30, 0x1f, 0xf7, 0xfe, 0x60, 0xc3,
    0x1, 0x83, 0xf, 0x7, 0xfc, 0x3c, 0x1f, 0xf1,
    0xb0, 0x6, 0x6, 0xc0, 0x9a, 0x1b, 0x2, 0x6c,
    0x6c, 0x19, 0xb3, 0xb0, 0x66, 0x4c, 0xc1, 0x19,
    0x33, 0x1c, 0x61, 0x8c, 0x41, 0x86, 0x31, 0x6,
    0x30, 0xf8, 0x70, 0x80, 0x0,

    /* U+5C40 "局" */
    0x1f, 0xff, 0xf0, 0xc0, 0x1, 0x86, 0x0, 0xc,
    0x30, 0x0, 0x61, 0x80, 0x3, 0xf, 0xff, 0xf8,
    0x60, 0x0, 0x3, 0x0, 0x0, 0x18, 0x0, 0x0,
    0xff, 0xff, 0xc6, 0x0, 0x2, 0x30, 0x0, 0x11,
    0x9f, 0xf0, 0x98, 0xc1, 0x84, 0xc6, 0xc, 0x26,
    0x30, 0x61, 0x31, 0x83, 0x1b, 0xf, 0xf8, 0xd8,
    0x60, 0x5, 0x80, 0x0, 0x20, 0x0, 0x1e, 0x0,

    /* U+5C55 "展" */
    0x1f, 0xff, 0xf8, 0x30, 0x0, 0x30, 0x60, 0x0,
    0x60, 0xc0, 0x0, 0xc1, 0xff, 0xff, 0x83, 0x0,
    0x0, 0x6, 0x1c, 0x30, 0xc, 0x38, 0x60, 0x1f,
    0xff, 0xfc, 0x30, 0xe1, 0x80, 0x61, 0xc3, 0x0,
    0xc3, 0x86, 0x1, 0xff, 0xff, 0xe3, 0xff, 0xff,
    0xce, 0x70, 0x82, 0x18, 0xe1, 0x9c, 0x31, 0xc1,
    0xe0, 0x63, 0x81, 0x81, 0x87, 0x79, 0xc3, 0xf,
    0xe1, 0xe4, 0x1c, 0x0, 0xe0,

    /* U+5C71 "山" */
    0x0, 0xc0, 0x0, 0x18, 0x0, 0x3, 0x0, 0x0,
    0x60, 0x0, 0xc, 0x1, 0x81, 0x80, 0xf0, 0x30,
    0x1e, 0x6, 0x3, 0xc0, 0xc0, 0x78, 0x18, 0xf,
    0x3, 0x1, 0xe0, 0x60, 0x3c, 0xc, 0x7, 0x81,
    0x80, 0xf0, 0x30, 0x1e, 0x6, 0x3, 0xc0, 0xc0,
    0x78, 0x18, 0xf, 0xff, 0xff, 0xff, 0xff, 0xf0,
    0x0, 0x6, 0x0, 0x0, 0xc0,

    /* U+5CFD "峽" */
    0x0, 0x6, 0x1, 0x80, 0x30, 0xc, 0x1, 0x80,
    0x60, 0xc, 0xb, 0x2f, 0xff, 0xd9, 0x3, 0x2,
    0xc8, 0x99, 0x96, 0x44, 0xcc, 0xb2, 0x26, 0x65,
    0x93, 0x33, 0x2c, 0x9d, 0xb9, 0x64, 0xad, 0xeb,
    0x29, 0xe9, 0xd9, 0x43, 0xce, 0xc8, 0x38, 0x16,
    0x41, 0xe0, 0xb2, 0xf, 0x7, 0xf0, 0xcc, 0x3f,
    0x8e, 0x30, 0x4, 0xe1, 0xc0, 0xe, 0x7, 0x0,
    0xc0, 0xc, 0x4, 0x0, 0x0,

    /* U+5DE5 "工" */
    0x3f, 0xff, 0xf8, 0xff, 0xff, 0xe0, 0x3, 0x0,
    0x0, 0xc, 0x0, 0x0, 0x30, 0x0, 0x0, 0xc0,
    0x0, 0x3, 0x0, 0x0, 0xc, 0x0, 0x0, 0x30,
    0x0, 0x0, 0xc0, 0x0, 0x3, 0x0, 0x0, 0xc,
    0x0, 0x0, 0x30, 0x0, 0x0, 0xc0, 0x0, 0x3,
    0x0, 0x0, 0xc, 0x0, 0xff, 0xff, 0xff, 0xff,
    0xff, 0xf0,

    /* U+5DEE "差" */
    0x6, 0x1, 0x80, 0x18, 0x6, 0x0, 0x30, 0x30,
    0x1f, 0xff, 0xfe, 0x7f, 0xff, 0xf8, 0x0, 0xc0,
    0x0, 0x3, 0x0, 0x7, 0xff, 0xfc, 0x0, 0x30,
    0x0, 0x0, 0xc0, 0x0, 0x3, 0x0, 0x3f, 0xff,
    0xff, 0x6, 0x0, 0x0, 0x18, 0x0, 0x0, 0x7f,
    0xff, 0x3, 0x7f, 0xfc, 0xc, 0xc, 0x0, 0x60,
    0x30, 0x1, 0x80, 0xc0, 0xc, 0x3, 0x0, 0x67,
    0xff, 0xfb, 0x9f, 0xff, 0xe0, 0x0, 0x0, 0x0,

    /* U+5DF2 "已" */
    0xff, 0xff, 0x8f, 0xff, 0xf8, 0x0, 0x1, 0x80,
    0x0, 0x18, 0x60, 0x1, 0x86, 0x0, 0x18, 0x60,
    0x1, 0x86, 0x0, 0x18, 0x7f, 0xff, 0x87, 0xff,
    0xf8, 0x60, 0x1, 0x86, 0x0, 0x0, 0x60, 0x0,
    0x6, 0x0, 0x0, 0x60, 0x0, 0x36, 0x0, 0x3,
    0x60, 0x0, 0x36, 0x0, 0x7, 0x7f, 0xff, 0xe3,
    0xff, 0xfc,

    /* U+5DF7 "巷" */
    0x3, 0x3, 0x0, 0x6, 0x6, 0x0, 0xc, 0xc,
    0x1, 0xff, 0xff, 0xc0, 0x30, 0x30, 0x0, 0x60,
    0x60, 0x0, 0xc0, 0xc0, 0x7f, 0xff, 0xfe, 0xff,
    0xff, 0xfc, 0x6, 0x6, 0x0, 0x18, 0x6, 0x0,
    0x70, 0x6, 0x1, 0xff, 0xfe, 0x7, 0xc0, 0x3f,
    0x1d, 0x80, 0x67, 0x63, 0x0, 0xc6, 0x7, 0xff,
    0x80, 0xc, 0x0, 0x0, 0x18, 0x0, 0x40, 0x30,
    0x1, 0x80, 0x60, 0x3, 0x0, 0x7f, 0xfc, 0x0,

    /* U+5E02 "市" */
    0x0, 0x20, 0x0, 0x1, 0xc0, 0x0, 0x3, 0x0,
    0x0, 0xe, 0x0, 0xff, 0xff, 0xff, 0xff, 0xff,
    0xf0, 0x3, 0x0, 0x0, 0xc, 0x0, 0x0, 0x30,
    0x0, 0x7f, 0xff, 0xc1, 0xff, 0xff, 0x6, 0xc,
    0xc, 0x18, 0x30, 0x30, 0x60, 0xc0, 0xc1, 0x83,
    0x3, 0x6, 0xc, 0xc, 0x18, 0x30, 0x30, 0x60,
    0xc0, 0xc1, 0x83, 0x3f, 0x6, 0xc, 0xfc, 0x0,
    0x30, 0x0, 0x0, 0xc0, 0x0, 0x3, 0x0, 0x0,

    /* U+5E03 "布" */
    0x0, 0x40, 0x0, 0x1, 0x0, 0x0, 0xc, 0x0,
    0x0, 0x30, 0x0, 0x7f, 0xff, 0xfd, 0xff, 0xff,
    0xf0, 0x18, 0x0, 0x0, 0xc0, 0x0, 0x7, 0x18,
    0x0, 0x18, 0x60, 0x0, 0xc1, 0x80, 0x7, 0xff,
    0xfc, 0x3e, 0x18, 0x11, 0xd8, 0x60, 0x4e, 0x61,
    0x81, 0x11, 0x86, 0x4, 0x6, 0x18, 0x10, 0x18,
    0x60, 0x40, 0x61, 0x81, 0x1, 0x86, 0x7c, 0x0,
    0x18, 0x0, 0x0, 0x60, 0x0, 0x1, 0x80, 0x0,

    /* U+5E2B "師" */
    0x18, 0x0, 0x0, 0x63, 0xff, 0xf1, 0x8f, 0xff,
    0xcc, 0x0, 0xc0, 0xff, 0x3, 0x3, 0xc, 0xc,
    0xc, 0x37, 0xff, 0xb0, 0xd8, 0xc6, 0xc3, 0x63,
    0x1b, 0xfd, 0x8c, 0x6c, 0x6, 0x31, 0xb0, 0x18,
    0xc6, 0xc0, 0x63, 0x1b, 0xfd, 0x8c, 0x6c, 0x36,
    0x31, 0xb0, 0xd8, 0xc6, 0xc3, 0x63, 0x1b, 0xd,
    0x8d, 0xef, 0xf0, 0x30, 0x30, 0x0, 0xc0, 0xc0,
    0x3, 0x0, 0x0, 0xc, 0x0,

    /* U+5E38 "常" */
    0x0, 0x60, 0x1, 0x86, 0xc, 0x1c, 0x61, 0x80,
    0xc6, 0x18, 0xff, 0xff, 0xff, 0xff, 0xff, 0xc0,
    0x0, 0x3c, 0x0, 0x3, 0xcf, 0xff, 0xbc, 0xc0,
    0x1b, 0xc, 0x1, 0x80, 0xff, 0xf8, 0xf, 0xff,
    0x80, 0x6, 0x0, 0x0, 0x60, 0x3, 0xff, 0xfe,
    0x30, 0x60, 0x63, 0x6, 0x6, 0x30, 0x60, 0x63,
    0x6, 0x6, 0x30, 0x60, 0x63, 0x6, 0x3c, 0x0,
    0x60, 0x0,

    /* U+5E73 "平" */
    0x7f, 0xff, 0xf9, 0xff, 0xff, 0xe0, 0x3, 0x0,
    0x2, 0xc, 0x18, 0x8, 0x30, 0x60, 0x30, 0xc3,
    0x0, 0xc3, 0xc, 0x1, 0x8c, 0x60, 0x6, 0x31,
    0x80, 0x10, 0xc4, 0x0, 0x3, 0x0, 0x3f, 0xff,
    0xff, 0xff, 0xff, 0xfc, 0x0, 0xc0, 0x0, 0x3,
    0x0, 0x0, 0xc, 0x0, 0x0, 0x30, 0x0, 0x0,
    0xc0, 0x0, 0x3, 0x0, 0x0, 0xc, 0x0, 0x0,
    0x30, 0x0,

    /* U+5E74 "年" */
    0x6, 0x0, 0x0, 0x18, 0x0, 0x0, 0x60, 0x0,
    0x3, 0xff, 0xfe, 0xf, 0xff, 0xf8, 0x60, 0x60,
    0x3, 0x1, 0x80, 0x1c, 0x6, 0x0, 0x60, 0x18,
    0x1, 0x3f, 0xff, 0xc0, 0xc1, 0x80, 0x3, 0x6,
    0x0, 0xc, 0x18, 0x0, 0x30, 0x60, 0x0, 0xc1,
    0x80, 0x3f, 0xff, 0xff, 0xff, 0xff, 0xfc, 0x0,
    0x60, 0x0, 0x1, 0x80, 0x0, 0x6, 0x0, 0x0,
    0x18, 0x0, 0x0, 0x60, 0x0,

    /* U+5EA6 "度" */
    0x0, 0x0, 0x0, 0x0, 0x60, 0x0, 0x1, 0x80,
    0xf, 0xff, 0xff, 0x30, 0x0, 0x0, 0xc3, 0x3,
    0x3, 0xc, 0xc, 0xf, 0xff, 0xff, 0x30, 0xc0,
    0xc0, 0xc3, 0x3, 0x3, 0xc, 0xc, 0xc, 0x3f,
    0xf0, 0x30, 0x0, 0x0, 0xc0, 0x0, 0x3, 0x7f,
    0xff, 0xc, 0x60, 0x18, 0x30, 0xc0, 0xe1, 0x81,
    0xc6, 0x6, 0x3, 0xf0, 0x18, 0x3f, 0xf0, 0xcf,
    0xe1, 0xfd, 0x30, 0x0, 0x70,

    /* U+5EE0 "廠" */
    0x0, 0x0, 0x0, 0x0, 0x60, 0x0, 0x1, 0xc0,
    0xf, 0xff, 0xff, 0x30, 0x0, 0x0, 0xd1, 0x23,
    0x3, 0x64, 0x88, 0xc, 0x96, 0x20, 0x33, 0x71,
    0xfc, 0xc1, 0x7, 0xf3, 0x7f, 0xd9, 0x8d, 0xff,
    0xe6, 0x34, 0xf, 0x98, 0xd0, 0x3a, 0x43, 0x5e,
    0xe9, 0xd, 0x6b, 0x3c, 0x35, 0xac, 0x60, 0xd6,
    0xb1, 0x86, 0x5e, 0xc6, 0x19, 0x63, 0x3c, 0x64,
    0xd, 0x99, 0x10, 0x3c, 0x7c, 0x43, 0xe0, 0xc0,

    /* U+5EF6 "延" */
    0x0, 0x0, 0x13, 0xf8, 0x1f, 0xe0, 0x67, 0xf0,
    0x3, 0x0, 0xc0, 0xc, 0x3, 0x0, 0x60, 0xcc,
    0x1, 0x83, 0x30, 0xc, 0xc, 0xc0, 0x7e, 0x33,
    0xf9, 0x8, 0xcc, 0x0, 0x63, 0x30, 0x31, 0x8c,
    0xc0, 0x46, 0x33, 0x1, 0x98, 0xcc, 0x2, 0x43,
    0x30, 0xf, 0x3f, 0xfe, 0x1c, 0xff, 0xf8, 0x70,
    0x0, 0x3, 0xf0, 0x0, 0xd, 0xf0, 0x0, 0x61,
    0xff, 0xff, 0x0, 0xff, 0xf0, 0x0, 0x0, 0x0,

    /* U+5EFA "建" */
    0x0, 0x6, 0x1, 0xf0, 0x18, 0x7, 0xe7, 0xff,
    0x3, 0x1, 0x8c, 0xc, 0x6, 0x30, 0x67, 0xff,
    0xf1, 0x80, 0x63, 0xc, 0x1, 0x8c, 0x20, 0x6,
    0x31, 0xfb, 0xff, 0xc0, 0x60, 0x60, 0x1, 0x81,
    0x80, 0x66, 0xff, 0xf8, 0x90, 0x18, 0x3, 0xc0,
    0x60, 0x7, 0x7f, 0xff, 0x18, 0x6, 0x0, 0x70,
    0x18, 0x3, 0x60, 0x0, 0xc, 0x70, 0x0, 0xe0,
    0x3f, 0xfd, 0x0, 0x0, 0x0,

    /* U+5F04 "弄" */
    0x7f, 0xff, 0xf8, 0xff, 0xff, 0xf0, 0x0, 0xc0,
    0x0, 0x1, 0x80, 0x3, 0xff, 0xff, 0x0, 0x6,
    0x0, 0x0, 0xc, 0x0, 0x7f, 0xff, 0xfe, 0xff,
    0xff, 0xfc, 0x0, 0x0, 0x0, 0xc, 0x6, 0x0,
    0x18, 0xc, 0x0, 0x30, 0x18, 0x1f, 0xff, 0xff,
    0xc0, 0xc0, 0x60, 0x3, 0x80, 0xc0, 0x6, 0x1,
    0x80, 0x1c, 0x3, 0x0, 0xf0, 0x6, 0x7, 0x80,
    0xc, 0x4, 0x0, 0x18, 0x0,

    /* U+5F0F "式" */
    0x0, 0xc, 0xc0, 0x0, 0x31, 0x80, 0x0, 0xc3,
    0x0, 0x3, 0x0, 0xff, 0xff, 0xfb, 0xff, 0xff,
    0xe0, 0x0, 0xc0, 0x0, 0x3, 0x0, 0x0, 0xc,
    0x1, 0xff, 0xb8, 0x7, 0xfe, 0xe0, 0x1, 0x83,
    0x80, 0x6, 0x6, 0x0, 0x18, 0x18, 0x0, 0x60,
    0x60, 0x1, 0x81, 0xc0, 0x6, 0x3, 0xc, 0x1b,
    0xce, 0x30, 0xff, 0x18, 0xff, 0x80, 0x73, 0xe0,
    0x0, 0xf8, 0x0, 0x1, 0xe0,

    /* U+5F1F "弟" */
    0x0, 0x0, 0x0, 0x30, 0xc, 0x1, 0x80, 0x60,
    0x6, 0x6, 0x3, 0xff, 0xff, 0x1f, 0xff, 0xf8,
    0x0, 0xc0, 0xc0, 0x6, 0x6, 0x0, 0x30, 0x30,
    0x1, 0x81, 0x87, 0xff, 0xfc, 0x20, 0x60, 0x3,
    0x3, 0x0, 0x18, 0x18, 0x0, 0xff, 0xff, 0xe0,
    0xe, 0x3, 0x0, 0xf0, 0x18, 0x1d, 0x80, 0xc1,
    0xcc, 0x6, 0x3c, 0x60, 0x6f, 0x83, 0x1f, 0x30,
    0x18, 0x0, 0x0, 0xc0, 0x0,

    /* U+5F62 "形" */
    0x0, 0x0, 0x0, 0x0, 0x0, 0x33, 0xff, 0xe0,
    0xc0, 0xc3, 0x3, 0x1, 0x86, 0x1c, 0x3, 0xc,
    0x70, 0x6, 0x18, 0xc0, 0xc, 0x30, 0x4, 0x18,
    0x60, 0xc, 0x30, 0xc0, 0x73, 0xff, 0xf1, 0xc0,
    0xc3, 0xe, 0x1, 0x86, 0x38, 0x3, 0xc, 0x0,
    0x6, 0x18, 0x3, 0x1c, 0x30, 0x6, 0x30, 0x60,
    0x18, 0x60, 0xc0, 0xe1, 0xc1, 0x83, 0x83, 0x3,
    0x1e, 0xe, 0x6, 0xf0, 0x18, 0xc, 0xc0, 0x0,

    /* U+5F69 "彩" */
    0x0, 0x10, 0x10, 0xf, 0xf0, 0x33, 0xff, 0x0,
    0xc0, 0x0, 0x7, 0x0, 0x61, 0x9c, 0xc, 0x62,
    0x70, 0xc, 0xcc, 0x0, 0x18, 0xd0, 0x4, 0x13,
    0x60, 0x18, 0x6, 0x0, 0xe0, 0xc, 0x3, 0x87,
    0xff, 0xdc, 0x0, 0x78, 0x10, 0x0, 0xf8, 0x0,
    0x3, 0xd8, 0x3, 0xd, 0x98, 0xe, 0x3b, 0x38,
    0x38, 0xe6, 0x20, 0xe3, 0x8c, 0x3, 0x86, 0x18,
    0x1e, 0x0, 0x30, 0xf0, 0x0, 0x60, 0xc0, 0x0,

    /* U+5F70 "彰" */
    0x6, 0x0, 0x0, 0xc, 0x0, 0xc7, 0xff, 0x87,
    0x6, 0x18, 0x38, 0x18, 0x41, 0xc0, 0x23, 0xc,
    0xf, 0xff, 0xa0, 0x0, 0x0, 0x6, 0x3f, 0xf0,
    0x30, 0x80, 0xc1, 0x82, 0x3, 0x1c, 0xf, 0xfc,
    0xc0, 0x20, 0x32, 0x0, 0xff, 0xc0, 0x33, 0xff,
    0x1, 0x80, 0xc0, 0xc, 0x3, 0x0, 0x73, 0xff,
    0xe3, 0x80, 0x30, 0x1c, 0x0, 0xc1, 0xc0, 0x3,
    0xe, 0x0, 0xc, 0x10, 0x0,

    /* U+5F85 "待" */
    0x6, 0x3, 0x0, 0x38, 0xc, 0x1, 0xc0, 0x30,
    0xe, 0x7f, 0xff, 0x70, 0x3, 0x1, 0x8c, 0xc,
    0x0, 0x60, 0x30, 0x3, 0x0, 0xc0, 0xc, 0xff,
    0xfc, 0x73, 0xff, 0xf3, 0xc0, 0x6, 0x1b, 0x0,
    0x18, 0x4d, 0xff, 0xfc, 0x30, 0x1, 0x80, 0xc2,
    0x6, 0x3, 0xc, 0x18, 0xc, 0x30, 0x60, 0x30,
    0x61, 0x80, 0xc0, 0xc6, 0x3, 0x2, 0x18, 0xc,
    0x0, 0x60, 0x30, 0xf, 0x80,

    /* U+5F88 "很" */
    0x6, 0x0, 0x0, 0xc, 0xff, 0xf0, 0x31, 0x80,
    0x60, 0xc3, 0x0, 0xc3, 0x6, 0x1, 0x8c, 0xc,
    0x3, 0x0, 0xdf, 0xfe, 0x3, 0x30, 0xc, 0xc,
    0x60, 0x18, 0x38, 0xc0, 0x30, 0xf1, 0xff, 0xe7,
    0x63, 0x30, 0x4, 0xc6, 0x30, 0xc1, 0x8c, 0x63,
    0x83, 0x18, 0x7e, 0x6, 0x30, 0xf0, 0xc, 0x60,
    0xc0, 0x18, 0xc1, 0xc0, 0x31, 0x89, 0xc0, 0x63,
    0xf1, 0xe0, 0xcf, 0x80, 0xe1, 0x88, 0x0, 0x80,

    /* U+5F8C "後" */
    0x4, 0x4, 0x0, 0x30, 0x30, 0x1, 0x81, 0x80,
    0xc, 0xc, 0x18, 0x60, 0xe1, 0xc3, 0x1f, 0xfe,
    0x0, 0xc0, 0xee, 0x3, 0x7, 0x18, 0x18, 0x70,
    0x30, 0xe7, 0xff, 0xe7, 0x90, 0xc0, 0xf6, 0x6,
    0x2, 0x19, 0xbf, 0xf0, 0x63, 0x81, 0xc1, 0x8e,
    0x6, 0x6, 0x7c, 0x30, 0x19, 0x39, 0x80, 0x60,
    0x7c, 0x1, 0x81, 0xf0, 0x6, 0x1e, 0xf8, 0x1b,
    0xe0, 0xfc, 0x66, 0x0, 0x60,

    /* U+5F97 "得" */
    0x4, 0x0, 0x0, 0xc, 0x7f, 0xf0, 0x30, 0xc0,
    0x61, 0xc1, 0x80, 0xc7, 0x3, 0xff, 0x8c, 0x46,
    0x3, 0x1, 0x8c, 0x6, 0x6, 0x1f, 0xfc, 0xc,
    0x0, 0x0, 0x38, 0x0, 0x0, 0xf3, 0xff, 0xf3,
    0x67, 0xff, 0xe6, 0xc0, 0x6, 0x1, 0x80, 0xc,
    0x3, 0x7f, 0xff, 0x86, 0x8, 0x30, 0xc, 0x30,
    0x60, 0x18, 0x30, 0xc0, 0x30, 0x31, 0x80, 0x60,
    0x63, 0x0, 0xc0, 0x6, 0x1, 0x80, 0x7c, 0x0,

    /* U+5F9E "從" */
    0x6, 0x18, 0x20, 0x18, 0x30, 0xc0, 0x70, 0x61,
    0x81, 0xc1, 0x83, 0x6, 0x23, 0x8e, 0x8, 0x65,
    0x9e, 0x1, 0x99, 0x66, 0x6, 0x61, 0x86, 0x1c,
    0xc3, 0x4, 0x78, 0x6, 0x1, 0xf0, 0xc, 0x3,
    0x61, 0x98, 0x4, 0xc3, 0x30, 0x1, 0x86, 0x7f,
    0x3, 0xc, 0xc0, 0x6, 0x39, 0x80, 0xc, 0x73,
    0x0, 0x18, 0xf6, 0x0, 0x33, 0x3c, 0x0, 0x64,
    0x38, 0x0, 0xd8, 0x1f, 0xc0,

    /* U+5FA9 "復" */
    0x6, 0x18, 0x0, 0x1c, 0x30, 0x0, 0x70, 0xff,
    0xf9, 0xc3, 0x0, 0x7, 0x6, 0x0, 0x0, 0x7f,
    0xff, 0x1, 0x8c, 0x6, 0x7, 0x18, 0xc, 0xc,
    0x3f, 0xf8, 0x38, 0x60, 0x30, 0xf0, 0xc0, 0x67,
    0xe1, 0xff, 0xc6, 0xc0, 0xc0, 0x1, 0x89, 0x80,
    0x3, 0x1f, 0xfe, 0x6, 0x38, 0x1c, 0xc, 0xf8,
    0x70, 0x19, 0x1d, 0xc0, 0x30, 0x1f, 0x0, 0x60,
    0xff, 0x80, 0xdf, 0xc7, 0xe1, 0x9c, 0x1, 0x80,

    /* U+5FC3 "心" */
    0x0, 0x80, 0x0, 0x3, 0x80, 0x0, 0x7, 0x0,
    0x0, 0xe, 0x0, 0x0, 0xc, 0x0, 0x0, 0x18,
    0x0, 0x30, 0x0, 0x0, 0xc0, 0x8, 0x33, 0x0,
    0x30, 0xcc, 0x0, 0xc3, 0x30, 0x1, 0x98, 0xc0,
    0x6, 0x63, 0x0, 0x19, 0x8c, 0x0, 0x36, 0x30,
    0x8, 0xf0, 0xc0, 0x33, 0xc3, 0x0, 0xc0, 0xc,
    0x3, 0x0, 0x30, 0x18, 0x0, 0x7f, 0xe0,

    /* U+5FE0 "忠" */
    0x0, 0x30, 0x0, 0x0, 0xc0, 0x0, 0x3, 0x0,
    0xf, 0xff, 0xfc, 0x30, 0x30, 0x30, 0xc0, 0xc0,
    0xc3, 0x3, 0x3, 0xc, 0xc, 0xc, 0x30, 0x30,
    0x30, 0xff, 0xff, 0xc0, 0x3, 0x0, 0x0, 0xc,
    0x0, 0x0, 0x20, 0x0, 0x1, 0xc0, 0x1, 0xb3,
    0x86, 0xc, 0xc7, 0x18, 0x33, 0xc, 0x30, 0x8c,
    0x0, 0xe6, 0x30, 0x9, 0x98, 0xc0, 0x67, 0xc3,
    0x1, 0x8c, 0x7, 0xfc, 0x0,

    /* U+6025 "急" */
    0x3, 0x0, 0x0, 0xc, 0x0, 0x0, 0x7f, 0xf0,
    0x3, 0x3, 0x80, 0x1c, 0xc, 0x0, 0xe0, 0x60,
    0x7, 0xff, 0xfe, 0x10, 0x0, 0x18, 0x0, 0x0,
    0x63, 0xff, 0xff, 0xf0, 0x0, 0x6, 0x0, 0x0,
    0x18, 0x0, 0x0, 0x60, 0x7f, 0xff, 0x80, 0xc,
    0x0, 0x0, 0x1c, 0x0, 0x1b, 0x38, 0x60, 0x4c,
    0x40, 0xc3, 0x30, 0x11, 0x88, 0xc0, 0x47, 0x63,
    0x3, 0xd, 0x7, 0xfc, 0x0,

    /* U+6062 "恢" */
    0x10, 0x30, 0x0, 0x81, 0x80, 0x4, 0xc, 0x0,
    0x20, 0x60, 0x1, 0x5f, 0xff, 0xaa, 0x10, 0x1,
    0x58, 0x86, 0xa, 0x4c, 0x30, 0xd2, 0x79, 0x9e,
    0x83, 0xcc, 0xa4, 0x12, 0x64, 0x21, 0x92, 0x61,
    0xc, 0x93, 0x8, 0x44, 0x90, 0x46, 0xe, 0x2,
    0x30, 0x70, 0x13, 0x2, 0x80, 0xb0, 0x36, 0x4,
    0x83, 0x18, 0x20, 0x38, 0x61, 0x7, 0x3, 0x88,
    0x30, 0x4,

    /* U+610F "意" */
    0x0, 0x60, 0x0, 0x1, 0x80, 0x1f, 0xff, 0xfc,
    0xc, 0x6, 0x0, 0x60, 0x30, 0x1, 0x3, 0x3,
    0xff, 0xff, 0xe0, 0x0, 0x0, 0x1f, 0xff, 0xc0,
    0xc0, 0x6, 0x6, 0x0, 0x30, 0x3f, 0xff, 0x81,
    0x80, 0xc, 0xc, 0x0, 0x60, 0x7f, 0xff, 0x0,
    0x8, 0x0, 0x6, 0x70, 0x41, 0xb1, 0xc3, 0x9,
    0x86, 0x8c, 0xcc, 0x6, 0x6c, 0x20, 0x31, 0x81,
    0xff, 0x0,

    /* U+611B "愛" */
    0x0, 0x3, 0xe0, 0xff, 0xfc, 0x0, 0x46, 0xc,
    0x1, 0x8, 0x30, 0x6, 0x31, 0x80, 0x18, 0xc4,
    0x7, 0xff, 0xff, 0x98, 0x18, 0x6, 0x69, 0xb8,
    0x99, 0xb6, 0x23, 0xe1, 0x98, 0x27, 0xc, 0x7f,
    0x8c, 0x0, 0xc0, 0x0, 0x66, 0x0, 0x1, 0xff,
    0xfc, 0x3, 0x80, 0x60, 0x7b, 0x7, 0x0, 0x87,
    0x38, 0x0, 0x7, 0x80, 0x3, 0xff, 0xfc, 0x7e,
    0x1, 0xf8, 0x0, 0x0, 0x0,

    /* U+6176 "慶" */
    0x0, 0x18, 0x0, 0x0, 0x60, 0x3, 0xff, 0xff,
    0xcf, 0xff, 0xff, 0x30, 0xc6, 0x0, 0xff, 0xff,
    0xe3, 0xc, 0x61, 0x8c, 0x31, 0x86, 0x3f, 0xff,
    0xf8, 0xff, 0xff, 0xe3, 0x0, 0x0, 0xf, 0xff,
    0xff, 0x30, 0x18, 0x8, 0xcb, 0x33, 0x67, 0x6c,
    0x16, 0x1d, 0x1f, 0xc8, 0x70, 0x60, 0x1, 0x9f,
    0xff, 0x86, 0x78, 0x1c, 0x1f, 0xb9, 0xe0, 0xc0,
    0x3e, 0x3, 0xf, 0xff, 0xe9, 0xf0, 0x7, 0x80,

    /* U+6210 "成" */
    0x0, 0xc, 0x80, 0x0, 0x33, 0x80, 0x0, 0xc7,
    0x0, 0x3, 0x4, 0x3f, 0xff, 0xfc, 0xff, 0xff,
    0xf3, 0x0, 0xc0, 0xc, 0x3, 0x0, 0x30, 0xc,
    0x30, 0xff, 0x38, 0xc3, 0xc, 0xe3, 0xc, 0x31,
    0x98, 0x30, 0xc6, 0x60, 0xc3, 0x1b, 0x3, 0xc,
    0x7c, 0xc, 0x31, 0xe2, 0x70, 0xc3, 0xd, 0x9e,
    0x1e, 0x36, 0x0, 0xd8, 0xf8, 0xe, 0x73, 0xc0,
    0x70, 0xfb, 0x1, 0x81, 0xe0,

    /* U+6211 "我" */
    0x0, 0x26, 0x0, 0x7, 0xec, 0xc1, 0xfe, 0x18,
    0xc3, 0x98, 0x30, 0xc0, 0x30, 0x60, 0xc0, 0x60,
    0xc1, 0x0, 0xc1, 0x80, 0x3f, 0xff, 0xfe, 0x3,
    0x6, 0x0, 0x6, 0xe, 0x20, 0xc, 0x1c, 0x60,
    0x19, 0x99, 0x80, 0x3f, 0x37, 0xf, 0xf0, 0x6c,
    0x1e, 0xc0, 0xf0, 0x1, 0x81, 0xc0, 0x3, 0x3,
    0x86, 0x6, 0x1f, 0x8c, 0xc, 0x73, 0x18, 0x1b,
    0xc7, 0x23, 0xf2, 0x7, 0xc3, 0xc0, 0x7, 0x0,

    /* U+6236 "戶" */
    0x0, 0x1, 0xe0, 0x3, 0xfc, 0xf, 0xfc, 0x0,
    0xe0, 0x0, 0xc, 0x0, 0x0, 0xc0, 0x0, 0xf,
    0xff, 0xf0, 0xc0, 0x3, 0xc, 0x0, 0x30, 0xc0,
    0x3, 0xc, 0x0, 0x30, 0xc0, 0x3, 0xc, 0x0,
    0x30, 0xff, 0xff, 0x1c, 0x0, 0x31, 0x80, 0x0,
    0x18, 0x0, 0x1, 0x80, 0x0, 0x30, 0x0, 0x7,
    0x0, 0x0, 0x60, 0x0, 0x0, 0x0, 0x0,

    /* U+624D "才" */
    0x0, 0x6, 0x0, 0x0, 0x30, 0x0, 0x1, 0x80,
    0x0, 0xc, 0x0, 0x0, 0x60, 0x7f, 0xff, 0xff,
    0xff, 0xff, 0xe0, 0x3, 0xc0, 0x0, 0x36, 0x0,
    0x3, 0xb0, 0x0, 0x19, 0x80, 0x1, 0x8c, 0x0,
    0x18, 0x60, 0x1, 0x83, 0x0, 0x18, 0x18, 0x3,
    0x80, 0xc0, 0x38, 0x6, 0x7, 0x80, 0x30, 0x10,
    0x1, 0x80, 0x0, 0xc, 0x0, 0x7, 0xe0, 0x0,
    0x3e, 0x0,

    /* U+6253 "打" */
    0xc, 0x0, 0x0, 0x30, 0x0, 0x0, 0xc7, 0xff,
    0xc3, 0x1f, 0xff, 0xc, 0x0, 0xc3, 0xfe, 0x3,
    0x0, 0xc0, 0xc, 0x3, 0x0, 0x30, 0xc, 0x0,
    0xc0, 0x30, 0x3, 0x0, 0xc8, 0xc, 0x3, 0xe0,
    0x30, 0x7f, 0x0, 0xc3, 0xf0, 0x3, 0x4, 0xc0,
    0xc, 0x3, 0x0, 0x30, 0xc, 0x0, 0xc0, 0x30,
    0x3, 0x0, 0xc0, 0xc, 0x3, 0x0, 0x30, 0xc,
    0x0, 0xc1, 0xe0, 0x3e, 0x0,

    /* U+6280 "技" */
    0x18, 0x6, 0x0, 0x60, 0x18, 0x1, 0x80, 0x60,
    0x6, 0x1, 0x80, 0x19, 0xff, 0xfb, 0xfc, 0x18,
    0x1, 0x80, 0x60, 0x6, 0x1, 0x80, 0x18, 0x6,
    0x0, 0x63, 0xff, 0xc1, 0x8f, 0xff, 0x7, 0xd8,
    0x1c, 0x7e, 0x60, 0x63, 0xe0, 0xc3, 0x89, 0x83,
    0xc, 0x6, 0x6, 0x60, 0x18, 0xf, 0x80, 0x60,
    0x1c, 0x1, 0x80, 0xf0, 0x6, 0xe, 0x70, 0x18,
    0xe0, 0x73, 0xc6, 0x0, 0x60,

    /* U+628A "把" */
    0x18, 0x0, 0x0, 0x30, 0xff, 0xf0, 0x61, 0xff,
    0xe0, 0xc3, 0x18, 0xc1, 0x86, 0x31, 0x9f, 0xcc,
    0x63, 0x6, 0x18, 0xc6, 0xc, 0x31, 0x8c, 0x18,
    0x63, 0x18, 0x30, 0xc6, 0x30, 0x6d, 0xff, 0xe1,
    0xfb, 0xff, 0xcf, 0xc6, 0x1, 0x9f, 0xc, 0x3,
    0x6, 0x18, 0x0, 0xc, 0x30, 0x0, 0x18, 0x60,
    0x0, 0x30, 0xc0, 0x8, 0x61, 0x80, 0x10, 0xc3,
    0x0, 0x61, 0x83, 0xff, 0x8e, 0x0, 0x0, 0x0,

    /* U+6295 "投" */
    0xc, 0x0, 0x0, 0x18, 0x1f, 0xc0, 0x30, 0x21,
    0x80, 0x60, 0x43, 0x7, 0xf9, 0x86, 0xf, 0xf3,
    0xc, 0x3, 0xe, 0x18, 0x6, 0x38, 0x3e, 0xc,
    0xe0, 0x0, 0x18, 0x80, 0x0, 0x30, 0x0, 0x0,
    0x7b, 0xff, 0xc3, 0xe3, 0x3, 0x8f, 0x86, 0x6,
    0x3, 0x6, 0x1c, 0x6, 0xe, 0x30, 0xc, 0xc,
    0xc0, 0x18, 0xf, 0x0, 0x30, 0x1e, 0x0, 0x60,
    0x76, 0x0, 0xc7, 0x87, 0x8f, 0x38, 0x3, 0x80,

    /* U+62DC "拜" */
    0x1, 0x80, 0x0, 0x3f, 0xff, 0xff, 0xe3, 0xff,
    0xf3, 0x0, 0x60, 0xc, 0x1, 0x80, 0x30, 0x6,
    0x0, 0xc1, 0xff, 0xbf, 0xe0, 0x60, 0xc, 0x1,
    0x80, 0x30, 0x6, 0x0, 0xc0, 0x18, 0x3, 0x7,
    0xfe, 0xc, 0x1, 0x83, 0xfe, 0x6, 0xf, 0xf8,
    0x18, 0x2, 0x1f, 0xff, 0x18, 0x7f, 0xfc, 0x60,
    0x6, 0x3, 0x0, 0x18, 0x1c, 0x0, 0x60, 0x60,
    0x1, 0x81, 0x0, 0x6, 0x0,

    /* U+6383 "掃" */
    0x18, 0x0, 0x0, 0x60, 0xff, 0xc1, 0x80, 0x3,
    0x6, 0x0, 0xc, 0x18, 0xff, 0xff, 0xfc, 0x0,
    0xcf, 0xf0, 0x3, 0x6, 0x1f, 0xfc, 0x18, 0x0,
    0x0, 0x6f, 0xff, 0xf1, 0xff, 0xff, 0xdf, 0xe0,
    0xc3, 0xf9, 0x83, 0xe, 0x61, 0xff, 0xc1, 0x86,
    0x31, 0x6, 0x18, 0xc4, 0x18, 0x63, 0x10, 0x61,
    0x8c, 0x41, 0x86, 0x31, 0x6, 0x18, 0xdc, 0x18,
    0x3, 0x1, 0xc0, 0xc, 0x0,

    /* U+6392 "排" */
    0x18, 0xc, 0xc0, 0x30, 0x19, 0x80, 0x60, 0x33,
    0x0, 0xc0, 0x66, 0x1, 0x8f, 0xcf, 0xdf, 0xff,
    0x9f, 0x86, 0x3, 0x30, 0xc, 0x6, 0x60, 0x18,
    0xc, 0xc0, 0x31, 0xf9, 0xf8, 0x7c, 0x33, 0x1,
    0xf8, 0x66, 0xf, 0x80, 0xcc, 0x1f, 0x1, 0x98,
    0x26, 0x7, 0x30, 0xc, 0xfc, 0x7f, 0x19, 0x98,
    0xc0, 0x30, 0x31, 0x80, 0x60, 0xc3, 0x0, 0xc3,
    0x86, 0x1, 0x8e, 0xc, 0xe, 0x18, 0x18, 0x0,

    /* U+639B "掛" */
    0x18, 0x30, 0xc0, 0x30, 0x61, 0x80, 0x60, 0xc3,
    0x0, 0xcf, 0xf6, 0x1, 0x9f, 0xec, 0x1f, 0xc6,
    0x18, 0x6, 0xc, 0x30, 0xc, 0x18, 0x60, 0x1b,
    0xff, 0xc0, 0x37, 0xff, 0xe0, 0x60, 0x3, 0xe0,
    0xf1, 0x86, 0x6f, 0xc3, 0xc, 0x5f, 0x6, 0x18,
    0x86, 0x7f, 0xb0, 0xc, 0x18, 0x60, 0x18, 0x30,
    0xc0, 0x30, 0x61, 0x80, 0x60, 0xff, 0x0, 0xdf,
    0xe6, 0x1, 0xbc, 0xc, 0xe, 0x0, 0x18, 0x0,

    /* U+63A1 "採" */
    0x18, 0x0, 0x0, 0x30, 0x3, 0xf0, 0x63, 0xff,
    0x80, 0xc7, 0x80, 0x1, 0x80, 0x60, 0xdf, 0xf8,
    0xc1, 0x86, 0x10, 0xc6, 0xc, 0x31, 0x8c, 0x18,
    0x62, 0x30, 0x30, 0x6, 0x40, 0x60, 0xc, 0x0,
    0xf8, 0x18, 0xf, 0xcf, 0xff, 0xdb, 0x0, 0xf0,
    0x6, 0x3, 0xf0, 0xc, 0xd, 0xb0, 0x18, 0x1b,
    0x60, 0x30, 0x66, 0x60, 0x63, 0x8c, 0x60, 0xce,
    0x18, 0x71, 0x98, 0x30, 0x4e, 0x0, 0x60, 0x0,

    /* U+63A5 "接" */
    0x18, 0x6, 0x0, 0x60, 0xc, 0x1, 0x80, 0x30,
    0x6, 0x3f, 0xfe, 0x18, 0x0, 0x3, 0xfc, 0xc1,
    0x81, 0x81, 0x84, 0x6, 0x4, 0x30, 0x19, 0xff,
    0xfc, 0x60, 0x10, 0x1, 0xe0, 0xc2, 0xf, 0x83,
    0xc, 0xf9, 0xff, 0xfe, 0x60, 0xc1, 0x81, 0x83,
    0x6, 0x6, 0x18, 0x18, 0x18, 0xe0, 0xc0, 0x61,
    0xf6, 0x1, 0x80, 0xf0, 0x6, 0x3, 0xf0, 0x18,
    0x38, 0x71, 0xc3, 0x0, 0x60,

    /* U+63D0 "提" */
    0x18, 0x0, 0x0, 0x30, 0xff, 0xf0, 0x61, 0x80,
    0x60, 0xc3, 0x0, 0xc1, 0x87, 0xff, 0x9f, 0xec,
    0x3, 0x6, 0x18, 0x6, 0xc, 0x3f, 0xfc, 0x18,
    0x0, 0x0, 0x30, 0x0, 0x0, 0x63, 0xff, 0xf0,
    0xff, 0xff, 0xe7, 0xe0, 0x30, 0x1f, 0x4, 0x60,
    0x26, 0x8, 0xc0, 0xc, 0x31, 0xfc, 0x18, 0x63,
    0x0, 0x30, 0xc6, 0x0, 0x63, 0x4c, 0x0, 0xc6,
    0xd8, 0x1, 0x98, 0xf0, 0xe, 0x60, 0x7f, 0xc0,

    /* U+6536 "收" */
    0x3, 0xc, 0x0, 0xc, 0x30, 0x6, 0x30, 0xc0,
    0x18, 0xc3, 0x0, 0x63, 0x1f, 0xfd, 0x8c, 0x60,
    0xc6, 0x33, 0x83, 0x18, 0xce, 0xc, 0x63, 0x6c,
    0x21, 0x8d, 0xb1, 0x86, 0x34, 0x66, 0x18, 0xc1,
    0x90, 0x63, 0x2, 0xc1, 0xfc, 0xf, 0x7, 0xf0,
    0x18, 0x38, 0xc0, 0xe0, 0x3, 0x7, 0xc0, 0xc,
    0x39, 0x80, 0x31, 0xc3, 0x80, 0xde, 0x7, 0x3,
    0x20, 0x8,

    /* U+6557 "敗" */
    0x0, 0x6, 0x1, 0xff, 0x18, 0x6, 0xc, 0x40,
    0x18, 0x33, 0x0, 0x60, 0xcf, 0xfd, 0xff, 0x3f,
    0xf6, 0xd, 0x83, 0x18, 0x37, 0xc, 0x60, 0xdc,
    0x31, 0x83, 0xf1, 0x87, 0xfe, 0x66, 0x18, 0x31,
    0x98, 0x60, 0xc2, 0xc1, 0x83, 0xf, 0x7, 0xfc,
    0x38, 0x0, 0x0, 0x60, 0x31, 0x83, 0xc0, 0xc6,
    0x1b, 0x86, 0xc, 0xc7, 0x38, 0x1e, 0xf, 0xc0,
    0x30, 0x8,

    /* U+6559 "教" */
    0xc, 0x0, 0x0, 0x30, 0xc8, 0x0, 0xc6, 0x20,
    0x1f, 0xd9, 0x80, 0xc, 0xc7, 0xfc, 0x37, 0x1f,
    0xff, 0xff, 0x43, 0x3f, 0xff, 0x8c, 0x6, 0xe,
    0x30, 0x70, 0x78, 0xc3, 0xff, 0x62, 0x3c, 0x34,
    0xd8, 0xe1, 0x83, 0x60, 0xc, 0xd, 0x80, 0x60,
    0x1c, 0x1, 0xfc, 0x70, 0xff, 0xc1, 0xc3, 0x98,
    0xf, 0x80, 0x60, 0x77, 0x1, 0x83, 0x8e, 0x6,
    0x3c, 0x1c, 0xf8, 0x40, 0x20,

    /* U+6566 "敦" */
    0x2, 0x1, 0x80, 0x6, 0x3, 0x0, 0xc, 0x6,
    0x3, 0xff, 0xcc, 0x0, 0x0, 0x30, 0x0, 0x0,
    0x7f, 0xc7, 0xfc, 0xff, 0x88, 0x1b, 0x8c, 0x10,
    0x37, 0x18, 0x3f, 0xfe, 0x30, 0x0, 0x34, 0x60,
    0x0, 0x4c, 0x83, 0xff, 0x1b, 0x0, 0xc, 0x16,
    0x0, 0x30, 0x38, 0x1, 0x80, 0x70, 0x3, 0xf8,
    0xe1, 0xff, 0xe3, 0xe1, 0xcc, 0x6, 0xc0, 0x18,
    0x38, 0xe0, 0x30, 0xe0, 0xe1, 0xe1, 0x80, 0xc0,

    /* U+6574 "整" */
    0x6, 0x2, 0x0, 0x18, 0xc, 0xf, 0xfe, 0x20,
    0x1, 0x81, 0xff, 0x7f, 0xee, 0x31, 0x19, 0xb8,
    0xc4, 0x66, 0xb2, 0x1f, 0xf8, 0x78, 0xf, 0x1,
    0xc0, 0x7f, 0x7, 0x87, 0x66, 0x73, 0xb1, 0x87,
    0x7, 0x3f, 0xff, 0xf0, 0xff, 0xff, 0xc0, 0x3,
    0x0, 0x0, 0xc, 0x0, 0xc, 0x30, 0x0, 0x30,
    0xff, 0x80, 0xc3, 0x0, 0x3, 0xc, 0x0, 0xff,
    0xff, 0xff, 0xff, 0xff, 0xf0,

    /* U+6578 "數" */
    0x2, 0x0, 0x0, 0x8, 0x4, 0x3, 0xfe, 0x10,
    0x8, 0x88, 0xc0, 0xff, 0xfb, 0xfc, 0x88, 0x8f,
    0xf2, 0x22, 0x63, 0xf, 0xf9, 0x8c, 0x2, 0x6,
    0x31, 0xff, 0xf8, 0xc6, 0x23, 0xf2, 0x18, 0x8c,
    0x58, 0x7f, 0xf1, 0x61, 0xff, 0xc7, 0x0, 0xc4,
    0x1c, 0x3f, 0xfc, 0x30, 0x18, 0x41, 0xc0, 0xc2,
    0x7, 0x81, 0xf8, 0x36, 0x1, 0xe3, 0x8e, 0x3c,
    0xfc, 0x1f, 0x80, 0x40, 0x20,

    /* U+6587 "文" */
    0x0, 0x70, 0x0, 0x0, 0xc0, 0x0, 0x3, 0x80,
    0x0, 0x4, 0x0, 0xff, 0xff, 0xff, 0xff, 0xff,
    0xf0, 0xc0, 0xc, 0x3, 0x0, 0x70, 0x6, 0x1,
    0x80, 0x18, 0xe, 0x0, 0x30, 0x30, 0x0, 0x61,
    0x80, 0x1, 0xce, 0x0, 0x3, 0x30, 0x0, 0x7,
    0x80, 0x0, 0x1e, 0x0, 0x0, 0xfc, 0x0, 0x7,
    0x38, 0x0, 0x78, 0x78, 0xf, 0x80, 0x7c, 0xf8,
    0x0, 0x7d, 0x0, 0x0, 0x20,

    /* U+6599 "料" */
    0xc, 0x0, 0x60, 0x32, 0x1, 0x84, 0xcc, 0xc6,
    0x13, 0x23, 0x98, 0x6c, 0x83, 0x61, 0xb6, 0x1,
    0x82, 0xd0, 0x6, 0x3, 0x0, 0x18, 0xff, 0xd8,
    0x60, 0x30, 0x39, 0x80, 0xc0, 0x66, 0xb, 0xc0,
    0x18, 0x2d, 0x0, 0x61, 0xb6, 0x1, 0xf6, 0xd8,
    0xff, 0x93, 0x3f, 0xd8, 0xcc, 0xa0, 0x63, 0x30,
    0x1, 0x88, 0xc0, 0x6, 0x3, 0x0, 0x18, 0xc,
    0x0, 0x60, 0x30, 0x1, 0x80,

    /* U+65B0 "新" */
    0xc, 0x0, 0x0, 0x30, 0x1, 0xe0, 0x60, 0xfe,
    0x3f, 0xfb, 0x80, 0x20, 0xcc, 0x0, 0xc6, 0x30,
    0x3, 0x18, 0xc0, 0xc, 0x63, 0x0, 0xff, 0xef,
    0xff, 0xff, 0xbf, 0xf0, 0x60, 0xc6, 0x1, 0x83,
    0x18, 0xff, 0xec, 0x60, 0x18, 0x31, 0x82, 0x68,
    0xc6, 0x9, 0xb3, 0x18, 0x66, 0x4c, 0x61, 0x19,
    0xb1, 0x8c, 0x67, 0x86, 0x21, 0x86, 0x18, 0x6,
    0x38, 0x60, 0x18, 0x41, 0x80,

    /* U+65C5 "旅" */
    0xc, 0x4, 0x0, 0x30, 0x30, 0x0, 0x40, 0xc0,
    0x1, 0x3, 0xff, 0xff, 0xdf, 0xff, 0xff, 0x60,
    0x1, 0x83, 0x3, 0x86, 0x18, 0x7c, 0x18, 0x3f,
    0x80, 0x7e, 0x66, 0x21, 0x99, 0x99, 0xc6, 0x66,
    0x2e, 0x19, 0x98, 0xf0, 0x66, 0x63, 0x81, 0x99,
    0x8c, 0x4, 0x66, 0x10, 0x31, 0x98, 0x60, 0xc6,
    0x61, 0x83, 0x19, 0x9b, 0x18, 0x67, 0xe6, 0x61,
    0x1e, 0x1f, 0x3c, 0x40, 0x20,

    /* U+65CF "族" */
    0x8, 0x6, 0x0, 0x30, 0x18, 0x0, 0x40, 0xc0,
    0x1, 0x83, 0xff, 0xff, 0xdf, 0xff, 0xff, 0xe0,
    0x1, 0x83, 0x30, 0x6, 0x19, 0x80, 0x18, 0x7,
    0xfc, 0x7e, 0x33, 0x1, 0x99, 0x8c, 0x6, 0x60,
    0x30, 0x19, 0x80, 0xc0, 0x66, 0x7f, 0xf1, 0x98,
    0x8, 0x6, 0x60, 0x68, 0x39, 0x81, 0xb0, 0xc6,
    0x4, 0x43, 0x18, 0x31, 0x9c, 0x61, 0x82, 0x61,
    0x1c, 0x7, 0x1d, 0xe0, 0x10,

    /* U+65E5 "日" */
    0xff, 0xff, 0xff, 0xff, 0xc0, 0x3, 0xc0, 0x3,
    0xc0, 0x3, 0xc0, 0x3, 0xc0, 0x3, 0xc0, 0x3,
    0xc0, 0x3, 0xff, 0xff, 0xff, 0xff, 0xc0, 0x3,
    0xc0, 0x3, 0xc0, 0x3, 0xc0, 0x3, 0xc0, 0x3,
    0xc0, 0x3, 0xff, 0xff, 0xff, 0xff, 0xc0, 0x3,
    0xc0, 0x3,

    /* U+65E9 "早" */
    0x1f, 0xff, 0xf0, 0x60, 0x0, 0xc1, 0x80, 0x3,
    0x6, 0x0, 0xc, 0x1f, 0xff, 0xf0, 0x60, 0x0,
    0xc1, 0x80, 0x3, 0x6, 0x0, 0xc, 0x1f, 0xff,
    0xf0, 0x7f, 0xff, 0xc0, 0x3, 0x0, 0x0, 0xc,
    0x0, 0x0, 0x30, 0x3, 0xff, 0xff, 0xff, 0xff,
    0xff, 0xc0, 0xc, 0x0, 0x0, 0x30, 0x0, 0x0,
    0xc0, 0x0, 0x3, 0x0, 0x0, 0xc, 0x0, 0x0,
    0x30, 0x0,

    /* U+661F "星" */
    0x1f, 0xff, 0xe0, 0x60, 0x1, 0x81, 0x80, 0x6,
    0x6, 0x0, 0x18, 0x1f, 0xff, 0xe0, 0x60, 0x1,
    0x81, 0x80, 0x6, 0x7, 0xff, 0xf8, 0x0, 0x0,
    0x0, 0x30, 0xc0, 0x1, 0xc3, 0x0, 0x7, 0xff,
    0xfc, 0x30, 0x30, 0x1, 0x80, 0xc0, 0x4, 0x3,
    0x0, 0x7, 0xff, 0xf8, 0x0, 0x30, 0x0, 0x0,
    0xc0, 0x0, 0x3, 0x0, 0x3f, 0xff, 0xff, 0xff,
    0xff, 0xfc,

    /* U+6625 "春" */
    0x0, 0x30, 0x0, 0x0, 0xc0, 0x3, 0xff, 0xff,
    0x80, 0x18, 0x0, 0x0, 0x60, 0x0, 0x7f, 0xff,
    0xc0, 0xc, 0x0, 0x0, 0x30, 0x0, 0x1, 0x80,
    0x1, 0xff, 0xff, 0xf0, 0x30, 0x30, 0x1, 0x80,
    0x60, 0xf, 0xff, 0xe0, 0x78, 0x7, 0xc7, 0xe0,
    0x1b, 0xd9, 0x80, 0x63, 0x7, 0xff, 0x80, 0x18,
    0x6, 0x0, 0x60, 0x18, 0x1, 0x80, 0x60, 0x7,
    0xff, 0x80, 0x18, 0x6, 0x0,

    /* U+662F "是" */
    0x1f, 0xff, 0xe0, 0x60, 0x1, 0x81, 0x80, 0x6,
    0x7, 0xff, 0xf8, 0x18, 0x0, 0x60, 0x60, 0x1,
    0x81, 0x80, 0x6, 0x7, 0xff, 0xf8, 0x0, 0x0,
    0x3, 0xff, 0xff, 0xff, 0xff, 0xff, 0xc0, 0xc,
    0x0, 0x4, 0x30, 0x0, 0x30, 0xc0, 0x0, 0xc3,
    0xff, 0x3, 0xc, 0x0, 0x1e, 0x30, 0x0, 0xec,
    0xc0, 0x7, 0x1b, 0x0, 0x38, 0x38, 0x0, 0xc0,
    0x3f, 0xfc, 0x0, 0x0, 0x0,

    /* U+6642 "時" */
    0x0, 0x6, 0x0, 0x0, 0x18, 0xf, 0xe0, 0x60,
    0x31, 0xff, 0xff, 0xc6, 0x6, 0x3, 0x18, 0x18,
    0xc, 0x60, 0x60, 0x31, 0x81, 0x80, 0xc6, 0xff,
    0xfb, 0xf8, 0x1, 0x8c, 0x60, 0x6, 0x31, 0x80,
    0x18, 0xc7, 0xff, 0xff, 0x18, 0x1, 0x8c, 0x64,
    0x6, 0x31, 0x98, 0x18, 0xfe, 0x30, 0x63, 0x0,
    0x61, 0x8c, 0x1, 0x6, 0x0, 0x0, 0x18, 0x0,
    0x0, 0x60, 0x0, 0x1f, 0x0,

    /* U+665A "晚" */
    0x0, 0x18, 0x0, 0x0, 0xc0, 0xf, 0xe3, 0xfc,
    0x31, 0x98, 0x60, 0xc6, 0x61, 0x83, 0x1b, 0xff,
    0xec, 0x7f, 0xff, 0xb1, 0xf1, 0x86, 0xc6, 0xc6,
    0x1b, 0xfb, 0x18, 0x6c, 0x6c, 0x61, 0xb1, 0xbf,
    0xfe, 0xc6, 0xff, 0xfb, 0x18, 0x3c, 0xc, 0x60,
    0xf0, 0x31, 0x87, 0xc0, 0xfe, 0x1b, 0x3, 0x0,
    0xec, 0x3c, 0x7, 0x30, 0xc0, 0x38, 0xc3, 0x3,
    0xc3, 0xc, 0x1c, 0x7, 0xe0,

    /* U+666E "普" */
    0x0, 0x1, 0x0, 0x10, 0x6, 0x0, 0x60, 0x30,
    0x1f, 0xff, 0xfc, 0x7f, 0xff, 0xf0, 0x46, 0x31,
    0x3, 0x18, 0xc6, 0x6, 0x63, 0x30, 0x19, 0x8c,
    0x80, 0x6, 0x32, 0xf, 0xff, 0xff, 0xff, 0xff,
    0xff, 0x0, 0x0, 0x0, 0x7f, 0xff, 0x1, 0x80,
    0xc, 0x6, 0x0, 0x30, 0x18, 0x0, 0xc0, 0x7f,
    0xff, 0x1, 0x80, 0xc, 0x6, 0x0, 0x30, 0x18,
    0x0, 0xc0, 0x7f, 0xff, 0x1, 0x80, 0xc, 0x0,

    /* U+6674 "晴" */
    0x0, 0x6, 0x0, 0x0, 0x30, 0x3f, 0xff, 0xff,
    0x8c, 0xc, 0xc, 0x60, 0x60, 0x63, 0x7f, 0xfb,
    0x18, 0x18, 0x18, 0xff, 0xff, 0xc7, 0xff, 0xff,
    0xf0, 0x0, 0x3f, 0x80, 0x1, 0x8c, 0xff, 0xec,
    0x66, 0x3, 0x63, 0x30, 0x1b, 0x19, 0xff, 0xd8,
    0xcc, 0x6, 0xfe, 0x60, 0x36, 0x3, 0xff, 0xb0,
    0x18, 0xc, 0x1, 0x80, 0x60, 0xc, 0x3, 0x0,
    0xc0, 0xf0,

    /* U+66AB "暫" */
    0x4, 0x0, 0x3b, 0xff, 0x9f, 0x80, 0x40, 0x40,
    0x1f, 0xf1, 0x0, 0x44, 0x44, 0x1, 0x11, 0x1f,
    0xf7, 0xfc, 0xff, 0xd1, 0x13, 0x18, 0x7f, 0xcc,
    0x60, 0x10, 0x31, 0x8f, 0xff, 0x86, 0x1, 0x6,
    0x18, 0x4, 0x0, 0x60, 0x7f, 0xff, 0x1, 0x80,
    0xc, 0x6, 0x0, 0x30, 0x1f, 0xff, 0xc0, 0x60,
    0x3, 0x1, 0x80, 0xc, 0x6, 0x0, 0x30, 0x1f,
    0xff, 0xc0, 0x60, 0x3, 0x0,

    /* U+66F4 "更" */
    0xff, 0xff, 0xfb, 0xff, 0xff, 0xe0, 0x3, 0x0,
    0x0, 0xc, 0x0, 0x3f, 0xff, 0xe0, 0xc0, 0xc1,
    0x83, 0x3, 0x6, 0xc, 0xc, 0x18, 0x3f, 0xff,
    0xe0, 0xc0, 0xc1, 0x83, 0x3, 0x6, 0xc, 0xc,
    0x18, 0x3f, 0xff, 0xe0, 0x20, 0xc0, 0x1, 0x86,
    0x0, 0x3, 0x18, 0x0, 0x7, 0xc0, 0x0, 0xf,
    0x0, 0x0, 0xff, 0xc0, 0x3f, 0xf, 0xff, 0x70,
    0x3, 0xfc,

    /* U+66F8 "書" */
    0x0, 0x30, 0x0, 0x0, 0xc0, 0x1, 0xff, 0xfe,
    0x0, 0xc, 0x18, 0xff, 0xff, 0xfc, 0x0, 0xc1,
    0x81, 0xff, 0xfe, 0x7, 0xff, 0xf8, 0x0, 0x30,
    0x0, 0xff, 0xff, 0xc0, 0x3, 0x0, 0x0, 0xc,
    0x0, 0xff, 0xff, 0xff, 0xff, 0xff, 0xf0, 0x0,
    0x0, 0x7, 0xff, 0xf8, 0x18, 0x0, 0x60, 0x7f,
    0xff, 0x81, 0x80, 0x6, 0x6, 0x0, 0x18, 0x1f,
    0xff, 0xe0, 0x60, 0x1, 0x80,

    /* U+6700 "最" */
    0x1f, 0xff, 0xe0, 0x60, 0x1, 0x81, 0x80, 0x6,
    0x6, 0xff, 0xd8, 0x18, 0x0, 0x60, 0x6f, 0xfd,
    0x81, 0x80, 0x6, 0x0, 0x0, 0x0, 0x0, 0x0,
    0x3, 0xff, 0xff, 0xe3, 0xc, 0x0, 0xf, 0xf7,
    0xfc, 0x30, 0xcc, 0x30, 0xc3, 0x30, 0xc3, 0xfc,
    0x66, 0xc, 0x31, 0xb0, 0x30, 0xc3, 0xc3, 0xff,
    0xf, 0xf, 0x8c, 0xfe, 0x0, 0x3f, 0x1f, 0x0,
    0xd0, 0x18,

    /* U+6703 "會" */
    0x0, 0x30, 0x0, 0x1, 0xe0, 0x0, 0x1c, 0xe0,
    0x0, 0xe1, 0xe0, 0x1f, 0xff, 0xe3, 0xe0, 0x1,
    0xf6, 0x0, 0x0, 0xc7, 0xff, 0xf8, 0x1b, 0x33,
    0x20, 0x64, 0xc8, 0x81, 0x9b, 0x62, 0x7, 0xff,
    0xf8, 0x1f, 0xff, 0xe0, 0x0, 0x0, 0x0, 0xff,
    0xfc, 0x3, 0x0, 0x30, 0xc, 0x0, 0xc0, 0x3f,
    0xff, 0x0, 0xc0, 0xc, 0x3, 0x0, 0x30, 0xf,
    0xff, 0xc0, 0x30, 0x3, 0x0,

    /* U+6708 "月" */
    0xf, 0xff, 0xe1, 0xff, 0xfc, 0x30, 0x1, 0x86,
    0x0, 0x30, 0xc0, 0x6, 0x18, 0x0, 0xc3, 0xff,
    0xf8, 0x60, 0x3, 0xc, 0x0, 0x61, 0x80, 0xc,
    0x30, 0x1, 0x86, 0x0, 0x31, 0xff, 0xfe, 0x3f,
    0xff, 0xc6, 0x0, 0x18, 0xc0, 0x3, 0x30, 0x0,
    0x66, 0x0, 0xd, 0x80, 0x1, 0xf0, 0x7, 0xfc,
    0x0, 0xfc,

    /* U+6709 "有" */
    0x0, 0xc0, 0x0, 0x3, 0x0, 0x0, 0x8, 0x0,
    0x1f, 0xff, 0xff, 0x1, 0x80, 0x0, 0xc, 0x0,
    0x0, 0x30, 0x0, 0x1, 0x80, 0x0, 0x7, 0xff,
    0xe0, 0x38, 0x1, 0x81, 0xe0, 0x6, 0xd, 0x80,
    0x18, 0x67, 0xff, 0xe1, 0x18, 0x1, 0x80, 0x60,
    0x6, 0x1, 0x80, 0x18, 0x7, 0xff, 0xe0, 0x18,
    0x1, 0x80, 0x40, 0x6, 0x3, 0x0, 0x18, 0xc,
    0x0, 0x60, 0x60, 0x1f, 0x0,

    /* U+670B "朋" */
    0x3f, 0xcf, 0xf9, 0x86, 0x60, 0xcc, 0x33, 0x6,
    0x61, 0x98, 0x33, 0xc, 0xc1, 0x98, 0x66, 0xc,
    0xff, 0x3f, 0xe6, 0x19, 0x83, 0x30, 0xcc, 0x19,
    0x86, 0x60, 0xcc, 0x33, 0x6, 0x7f, 0x9f, 0xf3,
    0xc, 0xc1, 0x98, 0x66, 0xc, 0xc3, 0x30, 0x66,
    0x19, 0x83, 0x20, 0xd8, 0x1b, 0x6, 0xc0, 0xd8,
    0x36, 0x6, 0x81, 0xe0, 0x3c, 0x3b, 0xf, 0x0,

    /* U+670D "服" */
    0x3f, 0xdf, 0xfc, 0x30, 0xd8, 0xc, 0x30, 0xd8,
    0xc, 0x30, 0xd8, 0xc, 0x30, 0xd8, 0xc, 0x3f,
    0xd8, 0x7c, 0x3f, 0xd8, 0x0, 0x30, 0xd8, 0x0,
    0x30, 0xdf, 0xfe, 0x30, 0xda, 0x6, 0x30, 0xdb,
    0x4, 0x3f, 0xdb, 0xc, 0x30, 0xd9, 0x8c, 0x30,
    0xd9, 0x98, 0x30, 0xd8, 0xd8, 0x30, 0xd8, 0x70,
    0x30, 0xd8, 0x70, 0x20, 0xd8, 0xf8, 0x60, 0xd9,
    0x9c, 0x60, 0xdf, 0xe, 0xc7, 0x9a, 0x6,

    /* U+671F "期" */
    0x30, 0xc0, 0x1, 0x86, 0x3f, 0xcc, 0x31, 0xff,
    0xff, 0xec, 0x33, 0xc, 0x61, 0x98, 0x63, 0xc,
    0xc3, 0x18, 0x67, 0xf8, 0xff, 0x30, 0xc6, 0x19,
    0x86, 0x30, 0xcc, 0x31, 0x86, 0x7f, 0x8c, 0x33,
    0xc, 0x7f, 0x98, 0x63, 0xf, 0xff, 0xd8, 0x7f,
    0xfe, 0xc3, 0x0, 0x6, 0x18, 0xd8, 0x20, 0xcc,
    0x63, 0x6, 0x61, 0x98, 0x36, 0xd, 0x81, 0xe0,
    0xc, 0x3c,

    /* U+672A "未" */
    0x0, 0x30, 0x0, 0x0, 0xc0, 0x0, 0x3, 0x0,
    0x0, 0xc, 0x0, 0x3f, 0xff, 0xf0, 0xff, 0xff,
    0xc0, 0x3, 0x0, 0x0, 0xc, 0x0, 0x0, 0x30,
    0x0, 0x0, 0xc0, 0xf, 0xff, 0xff, 0xff, 0xff,
    0xff, 0x0, 0x78, 0x0, 0x3, 0xf0, 0x0, 0x1b,
    0x60, 0x0, 0xcc, 0xc0, 0xe, 0x31, 0xc0, 0x70,
    0xc3, 0x87, 0x83, 0x7, 0xb8, 0xc, 0x7, 0x40,
    0x30, 0x8, 0x0, 0xc0, 0x0,

    /* U+672B "末" */
    0x0, 0x30, 0x0, 0x0, 0xc0, 0x0, 0x3, 0x0,
    0x0, 0xc, 0x0, 0xff, 0xff, 0xff, 0xff, 0xff,
    0xf0, 0x3, 0x0, 0x0, 0xc, 0x0, 0x0, 0x30,
    0x0, 0x0, 0xc0, 0x3, 0xff, 0xff, 0xf, 0xff,
    0xfc, 0x0, 0x7c, 0x0, 0x3, 0xf0, 0x0, 0x1b,
    0x60, 0x0, 0xcc, 0xe0, 0xe, 0x31, 0xc0, 0x70,
    0xc3, 0x87, 0x83, 0x7, 0xb8, 0xc, 0x7, 0x40,
    0x30, 0x0, 0x0, 0xc0, 0x0,

    /* U+6751 "村" */
    0x6, 0x0, 0x30, 0xc, 0x0, 0x60, 0x18, 0x0,
    0xc0, 0x30, 0x1, 0x80, 0x60, 0x3, 0xf, 0xff,
    0xff, 0xc1, 0x80, 0xc, 0x7, 0x0, 0x18, 0xe,
    0x0, 0x30, 0x1e, 0x30, 0x60, 0x7e, 0x30, 0xc0,
    0xb6, 0x31, 0x83, 0x6e, 0x63, 0x6, 0xc8, 0x66,
    0x19, 0x80, 0xcc, 0x63, 0x0, 0x18, 0x46, 0x0,
    0x30, 0xc, 0x0, 0x60, 0x18, 0x0, 0xc0, 0x30,
    0x1, 0x80, 0x60, 0x3f, 0x0, 0xc0, 0x7c, 0x0,

    /* U+6771 "東" */
    0x0, 0x30, 0x0, 0x0, 0xc0, 0x7, 0xff, 0xff,
    0xc0, 0xc, 0x0, 0x0, 0x30, 0x0, 0x0, 0xc0,
    0x1, 0xff, 0xff, 0x6, 0xc, 0xc, 0x18, 0x30,
    0x30, 0x60, 0xc0, 0xc1, 0xff, 0xff, 0x6, 0xc,
    0xc, 0x18, 0x30, 0x30, 0x7f, 0xff, 0xc0, 0xf,
    0xc0, 0x0, 0x7f, 0x80, 0x3, 0xb7, 0x0, 0x1c,
    0xc7, 0x1, 0xc3, 0xe, 0x1e, 0xc, 0x1e, 0xe0,
    0x30, 0x1d, 0x0, 0xc0, 0x0,

    /* U+677E "松" */
    0xc, 0xb, 0xe0, 0x30, 0x2f, 0x80, 0xc0, 0x86,
    0x3, 0x6, 0x18, 0xc, 0x18, 0x33, 0xfe, 0x60,
    0xc0, 0xc1, 0x3, 0x83, 0xc, 0x86, 0x1e, 0x36,
    0x1c, 0x79, 0x98, 0x31, 0xf2, 0x60, 0xf, 0x63,
    0x0, 0x2d, 0xc, 0x1, 0xb0, 0x20, 0x86, 0xc1,
    0x82, 0x33, 0x6, 0xc, 0x4c, 0x30, 0x30, 0x30,
    0xc0, 0x60, 0xc6, 0x7f, 0x83, 0x1f, 0xfb, 0xc,
    0x30, 0xc, 0x30, 0x0, 0x0,

    /* U+677F "板" */
    0xc, 0x0, 0x0, 0x18, 0x0, 0x0, 0x30, 0xff,
    0xf0, 0x61, 0x80, 0x0, 0xc3, 0x0, 0x1f, 0xf6,
    0x0, 0x3, 0xc, 0x0, 0x6, 0x18, 0x0, 0x1c,
    0x3f, 0xfc, 0x3c, 0x78, 0x18, 0xf8, 0xd0, 0x61,
    0xf9, 0xb0, 0xc2, 0xdb, 0x61, 0x8d, 0x96, 0x66,
    0x13, 0xc, 0xcc, 0x66, 0x18, 0xf0, 0x8c, 0x61,
    0xe0, 0x18, 0xc3, 0x80, 0x31, 0x8f, 0xc0, 0x66,
    0x39, 0xc0, 0xcd, 0xe1, 0xe1, 0x91, 0x0, 0x80,

    /* U+6797 "林" */
    0x6, 0x0, 0xc0, 0xc, 0x1, 0x80, 0x18, 0x3,
    0x0, 0x30, 0x6, 0x0, 0x60, 0xc, 0xf, 0xf9,
    0xff, 0xc1, 0x80, 0x30, 0x7, 0x80, 0xf0, 0xf,
    0x81, 0xe0, 0x1f, 0x87, 0xc0, 0x7b, 0xf, 0xc0,
    0xb3, 0x36, 0x83, 0x60, 0x6d, 0x84, 0xc1, 0x9b,
    0x19, 0x83, 0x33, 0x63, 0xc, 0x67, 0x46, 0x30,
    0xc6, 0xc, 0x61, 0x80, 0x18, 0x3, 0x0, 0x30,
    0x6, 0x0, 0x60, 0xc, 0x0, 0xc0, 0x18, 0x0,

    /* U+679C "果" */
    0x1f, 0xff, 0xf0, 0x7f, 0xff, 0xc1, 0x83, 0x3,
    0x6, 0xc, 0xc, 0x1f, 0xff, 0xf0, 0x60, 0xc0,
    0xc1, 0x83, 0x3, 0x6, 0xc, 0xc, 0x1f, 0xff,
    0xf0, 0x0, 0xc0, 0x0, 0x3, 0x0, 0x0, 0xc,
    0x0, 0xff, 0xff, 0xfc, 0x3, 0xf0, 0x0, 0x1f,
    0x60, 0x0, 0xcc, 0xc0, 0xe, 0x31, 0xc0, 0x70,
    0xc3, 0xcf, 0x83, 0x3, 0xd8, 0xc, 0x2, 0x0,
    0x30, 0x0,

    /* U+67E5 "查" */
    0x0, 0x30, 0x0, 0x0, 0xc0, 0x0, 0x3, 0x0,
    0x3f, 0xff, 0xff, 0x0, 0xfe, 0x0, 0x7, 0xdc,
    0x0, 0x3b, 0x38, 0x1, 0xcc, 0x38, 0x1e, 0x30,
    0x71, 0xf0, 0xc0, 0xef, 0x7f, 0xfc, 0xd1, 0xff,
    0xf0, 0x6, 0x0, 0xc0, 0x1f, 0xff, 0x0, 0x60,
    0xc, 0x1, 0x80, 0x30, 0x6, 0x0, 0xc0, 0x1f,
    0xff, 0x0, 0x0, 0x0, 0x0, 0x0, 0x0, 0x7f,
    0xff, 0xfc,

    /* U+6838 "核" */
    0xc, 0x1, 0x0, 0x30, 0xc, 0x0, 0xc0, 0x18,
    0x3, 0x1f, 0xff, 0xc, 0x7f, 0xfd, 0xfe, 0x18,
    0x0, 0xc0, 0x60, 0x3, 0x3, 0x18, 0x1e, 0x18,
    0x60, 0x7c, 0xff, 0x1, 0xdf, 0x18, 0xf, 0x40,
    0xe6, 0x2c, 0x6, 0x19, 0xb0, 0x70, 0xc4, 0xc3,
    0x86, 0x33, 0x1c, 0x38, 0xc, 0x1, 0xc0, 0x30,
    0xf, 0x80, 0xc0, 0xe3, 0x3, 0xf, 0x6, 0xc,
    0xf0, 0xc, 0x31, 0x0, 0x0,

    /* U+6843 "桃" */
    0x18, 0xc, 0xc0, 0x60, 0x33, 0x1, 0x80, 0xcc,
    0x6, 0x3, 0x30, 0x18, 0xcc, 0xcf, 0xf9, 0x33,
    0x21, 0x86, 0xcd, 0x86, 0xb, 0x34, 0x3c, 0x3c,
    0xd0, 0xf8, 0x33, 0x3, 0xa0, 0xcc, 0xe, 0xc3,
    0x38, 0x78, 0x1c, 0xf1, 0x60, 0xf3, 0x6d, 0x8e,
    0xcc, 0xb6, 0x32, 0x33, 0x98, 0x98, 0xc2, 0x60,
    0x63, 0x1, 0x83, 0xc, 0x46, 0x8, 0x31, 0x18,
    0xc0, 0xc4, 0x66, 0x3, 0xe0,

    /* U+6848 "案" */
    0x0, 0x30, 0x0, 0x0, 0xe0, 0x7, 0xff, 0xff,
    0xd8, 0x10, 0x3, 0x60, 0x60, 0xcc, 0x3, 0x3,
    0x7, 0xff, 0xff, 0xc0, 0xc0, 0x60, 0x6, 0x3,
    0x0, 0x1c, 0x18, 0x0, 0x3f, 0xc0, 0x0, 0x7f,
    0xe0, 0x7f, 0x1, 0xf8, 0x0, 0xc0, 0x60, 0x3,
    0x0, 0x3f, 0xff, 0xff, 0x0, 0x31, 0x0, 0xc,
    0xcf, 0x0, 0xe3, 0xf, 0xf, 0xc, 0xe, 0x30,
    0x30, 0x18, 0x0, 0xc0, 0x0,

    /* U+696D "業" */
    0x31, 0x8c, 0x61, 0x8c, 0x62, 0x6, 0x63, 0x30,
    0x33, 0x19, 0xf, 0xff, 0xff, 0xff, 0xff, 0xfc,
    0x18, 0xc, 0x0, 0x60, 0x40, 0x7f, 0xff, 0xf3,
    0xff, 0xff, 0x80, 0x18, 0x0, 0x0, 0xc0, 0x3,
    0xff, 0xfc, 0x0, 0x30, 0x0, 0x1, 0x80, 0x1f,
    0xff, 0xff, 0x0, 0x60, 0x0, 0x13, 0x10, 0x3,
    0xd8, 0xf0, 0xf8, 0xc1, 0xee, 0x6, 0x3, 0x80,
    0x30, 0x0,

    /* U+6A02 "樂" */
    0x8, 0x30, 0x20, 0x60, 0x81, 0x81, 0xf, 0xc6,
    0xc, 0xa1, 0x33, 0x26, 0x84, 0x99, 0xf2, 0x17,
    0xc4, 0x8f, 0xdf, 0x6, 0xa1, 0x18, 0x32, 0x84,
    0x49, 0x8a, 0x13, 0x27, 0xff, 0xdf, 0xd0, 0xc0,
    0x73, 0x2, 0x0, 0x0, 0x0, 0xc0, 0xf, 0xff,
    0xff, 0xc0, 0xc, 0x0, 0x1, 0xb3, 0x0, 0x1c,
    0xc7, 0x1, 0xe3, 0xf, 0x1e, 0xc, 0xe, 0xe0,
    0x30, 0x8, 0x0, 0xc0, 0x0,

    /* U+6A13 "樓" */
    0x18, 0x3, 0x0, 0x30, 0x6, 0x0, 0x61, 0xff,
    0xc0, 0xc3, 0x18, 0x81, 0x86, 0x31, 0x3, 0x1f,
    0xff, 0xbf, 0x98, 0xc4, 0x7f, 0x31, 0x88, 0x18,
    0x7f, 0xf0, 0x70, 0x6, 0x0, 0xf1, 0xff, 0xe1,
    0xf2, 0x18, 0xc7, 0xa4, 0x31, 0x8f, 0x6f, 0xff,
    0x16, 0x1, 0x80, 0x6c, 0x6, 0x18, 0x98, 0xff,
    0xfe, 0x30, 0x30, 0xc0, 0x60, 0xc1, 0x80, 0xc3,
    0xf6, 0x1, 0x80, 0x3e, 0x3, 0xf, 0xcf, 0x6,
    0x3c, 0x6, 0x0,

    /* U+6A39 "樹" */
    0x18, 0x30, 0x18, 0x60, 0xc0, 0x61, 0x9f, 0xe1,
    0x86, 0xc, 0x6, 0x18, 0x30, 0x1b, 0xff, 0xff,
    0xf1, 0x80, 0x1, 0x86, 0x0, 0x6, 0x39, 0xfe,
    0x98, 0xf6, 0x1a, 0x63, 0xd8, 0x6d, 0x9e, 0xe1,
    0xb6, 0x59, 0xfe, 0x59, 0x60, 0x1, 0x6d, 0x88,
    0x41, 0xa6, 0x33, 0x6, 0x98, 0xcc, 0x18, 0x61,
    0x20, 0x61, 0x80, 0xf1, 0x86, 0xff, 0xc6, 0x1b,
    0x0, 0x70,

    /* U+6A4B "橋" */
    0xc, 0x0, 0x18, 0xc, 0x3f, 0xf0, 0xc, 0x3,
    0x0, 0xc, 0x6, 0x0, 0xc, 0x7f, 0xfe, 0x7f,
    0x8c, 0x60, 0x7f, 0x9c, 0x30, 0xc, 0x3f, 0xf8,
    0xc, 0x7c, 0x3e, 0x1e, 0x4c, 0x36, 0x1e, 0xf,
    0xf0, 0x3f, 0x0, 0x0, 0x3d, 0x0, 0x0, 0x6d,
    0xff, 0xfc, 0x6c, 0x60, 0x4, 0xcc, 0x67, 0xe4,
    0x4c, 0x64, 0x24, 0xc, 0x64, 0x24, 0xc, 0x67,
    0xe4, 0xc, 0x64, 0x4, 0xc, 0x60, 0x4, 0xc,
    0x60, 0x3c,

    /* U+6AA2 "檢" */
    0x10, 0xe, 0x0, 0x40, 0x78, 0x1, 0x3, 0xb0,
    0x4, 0x1c, 0x70, 0xfc, 0xe0, 0x73, 0xfe, 0xfe,
    0x63, 0x0, 0x0, 0xc, 0x0, 0x0, 0x38, 0x0,
    0x0, 0xe3, 0xef, 0xc7, 0xc9, 0xb1, 0x15, 0x26,
    0xc4, 0x54, 0x9b, 0x13, 0x43, 0xef, 0xc9, 0x0,
    0x0, 0x24, 0x18, 0x30, 0x90, 0x60, 0xc0, 0x43,
    0x87, 0x1, 0x1b, 0x9e, 0x4, 0x66, 0xce, 0x17,
    0x6, 0x18, 0x48, 0x10, 0x20,

    /* U+6B0A "權" */
    0xc, 0xc, 0x40, 0x18, 0x18, 0x80, 0x33, 0xf1,
    0xf8, 0x60, 0x62, 0x0, 0xc0, 0x0, 0xf, 0xff,
    0xdf, 0x3, 0x11, 0xb2, 0x6, 0x23, 0x64, 0x1e,
    0x7e, 0xf8, 0x3e, 0x22, 0x0, 0xfc, 0xc6, 0x1,
    0xeb, 0xff, 0xe2, 0xc7, 0xff, 0xcd, 0x9c, 0x30,
    0x13, 0x7f, 0xfe, 0x66, 0x30, 0xc0, 0xc, 0x61,
    0x80, 0x18, 0xff, 0xf0, 0x31, 0x86, 0x0, 0x63,
    0xc, 0x0, 0xc7, 0xff, 0xe1, 0x8c, 0x0, 0x0,

    /* U+6B21 "次" */
    0x0, 0x30, 0x0, 0x1, 0x80, 0x0, 0x6, 0x0,
    0x0, 0x18, 0x0, 0x7e, 0x7f, 0xf9, 0xfb, 0xff,
    0xe0, 0xc, 0x3, 0x80, 0x73, 0xc, 0x1, 0x8c,
    0x30, 0xe, 0x31, 0x80, 0x0, 0xc2, 0x0, 0x3,
    0x0, 0x0, 0xe, 0x3, 0xfc, 0x78, 0xf, 0xf1,
    0xb0, 0x0, 0xe, 0xc0, 0x0, 0x31, 0x80, 0x1,
    0xc3, 0x0, 0xe, 0xe, 0x0, 0xf0, 0xe, 0x7,
    0x0, 0x1c, 0x8, 0x0, 0x0,

    /* U+6B3E "款" */
    0x6, 0x6, 0x0, 0xc, 0xc, 0x3, 0xff, 0x90,
    0x0, 0x30, 0x20, 0x0, 0x60, 0x7f, 0xc0, 0xc1,
    0xff, 0x9f, 0xfb, 0x3, 0x3f, 0xf4, 0xc, 0x0,
    0x19, 0x98, 0xff, 0xe3, 0x20, 0x0, 0x6, 0x0,
    0x0, 0xc, 0xf, 0xff, 0x18, 0x1f, 0xfe, 0x38,
    0x1, 0x80, 0xf0, 0x13, 0x21, 0xa0, 0x66, 0x63,
    0x60, 0xcc, 0xcc, 0xc3, 0x18, 0x98, 0xc6, 0x30,
    0x60, 0xc0, 0x61, 0xc0, 0xe0, 0xc1, 0x0, 0x80,

    /* U+6B4C "歌" */
    0x0, 0x3, 0x1, 0xff, 0xf6, 0x3, 0xff, 0xec,
    0x0, 0x3, 0x18, 0x3, 0xe6, 0x3f, 0xc4, 0x4c,
    0xc1, 0x88, 0x99, 0x83, 0x11, 0x32, 0x64, 0x3e,
    0x6c, 0xd8, 0x0, 0xd1, 0xb3, 0xff, 0xe3, 0x7,
    0xff, 0xc6, 0x0, 0x6, 0xc, 0x0, 0xc, 0x18,
    0xf, 0x98, 0x78, 0x11, 0x30, 0xf0, 0x22, 0x61,
    0xa0, 0x44, 0xc6, 0x60, 0xf9, 0x8c, 0x61, 0x3,
    0x30, 0xc0, 0x6, 0xc0, 0xc0, 0x7d, 0x0, 0x80,

    /* U+6B62 "止" */
    0x0, 0x30, 0x0, 0x1, 0x80, 0x0, 0xc, 0x0,
    0x0, 0x60, 0x0, 0x3, 0x0, 0xc, 0x18, 0x0,
    0x60, 0xc0, 0x3, 0x6, 0x0, 0x18, 0x3f, 0xf0,
    0xc1, 0xff, 0x86, 0xc, 0x0, 0x30, 0x60, 0x1,
    0x83, 0x0, 0xc, 0x18, 0x0, 0x60, 0xc0, 0x3,
    0x6, 0x0, 0x18, 0x30, 0x0, 0xc1, 0x80, 0x6,
    0xc, 0x1, 0xff, 0xff, 0xff, 0xff, 0xff, 0x80,

    /* U+6B63 "正" */
    0x7f, 0xff, 0xf3, 0xff, 0xff, 0x80, 0xc, 0x0,
    0x0, 0x60, 0x0, 0x3, 0x0, 0x0, 0x18, 0x0,
    0x0, 0xc0, 0x3, 0x6, 0x0, 0x18, 0x30, 0x0,
    0xc1, 0xff, 0x86, 0xf, 0xfc, 0x30, 0x60, 0x1,
    0x83, 0x0, 0xc, 0x18, 0x0, 0x60, 0xc0, 0x3,
    0x6, 0x0, 0x18, 0x30, 0x0, 0xc1, 0x80, 0x3f,
    0xff, 0xff, 0xff, 0xff, 0xf0,

    /* U+6B65 "步" */
    0x0, 0x30, 0x0, 0x61, 0x80, 0x3, 0xc, 0x0,
    0x18, 0x7f, 0xc0, 0xc3, 0x0, 0x6, 0x18, 0x0,
    0x30, 0xc0, 0x1f, 0xff, 0xff, 0xff, 0xff, 0xf8,
    0x1, 0x80, 0x0, 0x8c, 0x0, 0xc, 0x60, 0xc0,
    0xc3, 0x6, 0xe, 0x18, 0x60, 0xe0, 0xc6, 0xe,
    0x6, 0x60, 0x20, 0x3e, 0x0, 0x1, 0xe0, 0x0,
    0x3c, 0x0, 0x1f, 0x80, 0xf, 0xe0, 0x0, 0x30,
    0x0, 0x0,

    /* U+6BCD "母" */
    0xf, 0xff, 0xe0, 0x30, 0x1, 0x80, 0xc4, 0x6,
    0x3, 0x1c, 0x18, 0xc, 0x38, 0x60, 0x30, 0x71,
    0x81, 0x80, 0xc6, 0x6, 0x0, 0x18, 0xff, 0xff,
    0xfc, 0x60, 0x1, 0x81, 0x88, 0x6, 0x6, 0x38,
    0x18, 0x10, 0x70, 0x60, 0xc0, 0x61, 0x83, 0x0,
    0x86, 0xc, 0x0, 0x18, 0x3f, 0xff, 0xf8, 0x0,
    0x1, 0x0, 0x0, 0xc, 0x0, 0x0, 0x30, 0x0,
    0x1f, 0x80,

    /* U+6BCF "每" */
    0x2, 0x0, 0x0, 0x6, 0x0, 0x0, 0x18, 0x0,
    0x0, 0x3f, 0xff, 0xe0, 0xc0, 0x0, 0x3, 0x0,
    0x0, 0xe, 0x0, 0x0, 0x3b, 0xff, 0xf8, 0x66,
    0x20, 0x30, 0xc, 0x70, 0x60, 0x18, 0x30, 0xc0,
    0x60, 0x21, 0x87, 0xff, 0xff, 0xe1, 0x8c, 0x6,
    0x3, 0xc, 0xc, 0x6, 0xe, 0x18, 0x18, 0x4,
    0x30, 0x3f, 0xff, 0xf8, 0x0, 0x0, 0x80, 0x0,
    0x3, 0x0, 0x0, 0x6, 0x0, 0x0, 0xf8, 0x0,

    /* U+6BD4 "比" */
    0x60, 0x38, 0x3, 0x1, 0xc0, 0x18, 0xe, 0x0,
    0xc0, 0x70, 0x6, 0x3, 0x80, 0x30, 0x1c, 0x1,
    0x80, 0xe0, 0xf, 0xf7, 0xfc, 0x7f, 0xbf, 0xe3,
    0x1, 0xc0, 0x18, 0xe, 0x0, 0xc0, 0x70, 0x6,
    0x3, 0x80, 0x30, 0x1c, 0x1, 0x80, 0xe0, 0xc,
    0x7, 0x0, 0x60, 0x38, 0x1b, 0x5, 0xc0, 0xdb,
    0xee, 0x7, 0xfc, 0x30, 0x3c, 0x1, 0xff, 0x0,
    0x0, 0x0,

    /* U+6C11 "民" */
    0x7f, 0xff, 0xc6, 0x0, 0xc, 0x60, 0x0, 0xc6,
    0x0, 0xc, 0x60, 0x0, 0xc7, 0xff, 0xfc, 0x7f,
    0xff, 0xc6, 0x6, 0x0, 0x60, 0x60, 0x6, 0x6,
    0x0, 0x60, 0x60, 0x7, 0xff, 0xff, 0x60, 0x30,
    0x6, 0x3, 0x0, 0x60, 0x18, 0x6, 0x1, 0x80,
    0x60, 0x4c, 0x16, 0x3c, 0xe1, 0x7f, 0x87, 0x3f,
    0xc0, 0x3f, 0xe0, 0x1, 0xe0,

    /* U+6C23 "氣" */
    0x6, 0x0, 0x0, 0x18, 0x0, 0x0, 0xff, 0xff,
    0x86, 0x0, 0x0, 0x38, 0x0, 0x1, 0xdf, 0xff,
    0x8e, 0x0, 0x0, 0x10, 0x0, 0x0, 0x3f, 0xff,
    0xc0, 0x0, 0x3, 0x1, 0x18, 0xcc, 0x6, 0x63,
    0x30, 0xd, 0x98, 0xc0, 0x26, 0x43, 0x7, 0xff,
    0xec, 0x0, 0x60, 0x30, 0x7, 0x90, 0xc0, 0x36,
    0x61, 0x11, 0x98, 0xc6, 0x4e, 0x61, 0x9b, 0x71,
    0x82, 0x7d, 0x6, 0x0, 0xe0,

    /* U+6C34 "水" */
    0x0, 0x30, 0x0, 0x0, 0xc0, 0x0, 0x3, 0x0,
    0x0, 0xc, 0x0, 0x0, 0x30, 0x20, 0x0, 0xc0,
    0xc7, 0xfb, 0x6, 0x1f, 0xee, 0x30, 0x1, 0xb9,
    0xc0, 0xc, 0xfe, 0x0, 0x33, 0x60, 0x1, 0xcd,
    0x80, 0x6, 0x33, 0x0, 0x38, 0xce, 0x0, 0xc3,
    0x1c, 0x6, 0xc, 0x38, 0x38, 0x30, 0x71, 0xc0,
    0xc0, 0xfe, 0x3, 0x1, 0xd0, 0xc, 0x0, 0x1,
    0xf0, 0x0, 0x7, 0x80, 0x0,

    /* U+6C38 "永" */
    0x1, 0x80, 0x0, 0x7, 0xe0, 0x0, 0x1, 0xf8,
    0x0, 0x0, 0x78, 0x0, 0x0, 0x10, 0x1, 0xff,
    0x0, 0x0, 0x6, 0x2, 0x0, 0xc, 0xe, 0x0,
    0x1c, 0x38, 0x0, 0x38, 0xe1, 0xfe, 0x73, 0x80,
    0xc, 0xfe, 0x0, 0x39, 0xb0, 0x0, 0x63, 0x60,
    0x1, 0xc6, 0x60, 0x3, 0xc, 0xe0, 0xe, 0x18,
    0xe0, 0x38, 0x30, 0xe0, 0xe0, 0x60, 0xe3, 0x80,
    0xc0, 0xf6, 0x1, 0x80, 0xc0, 0x3e, 0x0, 0x0,

    /* U+6C50 "汐" */
    0x30, 0x6, 0x0, 0xe0, 0x18, 0x0, 0xe0, 0xc0,
    0x1, 0x3, 0x0, 0x0, 0x1f, 0xfc, 0x0, 0x7f,
    0xf0, 0x3, 0x1, 0xd8, 0x1c, 0x6, 0x78, 0xe0,
    0x18, 0x63, 0xc0, 0xe0, 0x1b, 0xc3, 0x0, 0xc3,
    0x9c, 0x0, 0x7, 0x60, 0x10, 0xf, 0x80, 0x60,
    0x1c, 0x3, 0x0, 0x60, 0xc, 0x3, 0x0, 0x60,
    0x18, 0x3, 0x81, 0xc0, 0xc, 0xe, 0x0, 0x60,
    0xf0, 0x0, 0x83, 0x0, 0x0,

    /* U+6C5F "江" */
    0x0, 0x0, 0x1, 0xc0, 0x0, 0x1, 0xcf, 0xff,
    0x83, 0x3f, 0xfe, 0x0, 0x6, 0x0, 0x0, 0x18,
    0x0, 0x0, 0x60, 0x30, 0x1, 0x80, 0xf0, 0x6,
    0x0, 0xe0, 0x18, 0x0, 0x80, 0x60, 0x0, 0x1,
    0x80, 0x0, 0x6, 0x0, 0x10, 0x18, 0x0, 0xc0,
    0x60, 0x3, 0x1, 0x80, 0x18, 0x6, 0x0, 0x60,
    0x18, 0x3, 0x0, 0x60, 0x1c, 0x7f, 0xff, 0x61,
    0xff, 0xfd, 0x0, 0x0, 0x0,

    /* U+6C7A "決" */
    0x0, 0xc, 0x1, 0xc0, 0x30, 0x1, 0xc0, 0xc0,
    0x3, 0x3, 0x0, 0x1, 0xff, 0xf0, 0x0, 0x30,
    0xc0, 0x0, 0xc3, 0x38, 0x3, 0xc, 0x70, 0xc,
    0x30, 0xe0, 0x30, 0xc0, 0x0, 0xc3, 0x0, 0xff,
    0xff, 0x3, 0xff, 0xfc, 0x10, 0x70, 0x0, 0xc1,
    0x98, 0x3, 0x6, 0x30, 0x18, 0x38, 0x60, 0x60,
    0xc1, 0x83, 0x6, 0x3, 0x1c, 0x30, 0x6, 0x63,
    0x80, 0x1d, 0xc, 0x0, 0x30,

    /* U+6CBB "治" */
    0x20, 0x6, 0x0, 0xe0, 0x30, 0x1, 0xe1, 0xc0,
    0x1, 0x86, 0x30, 0x0, 0x30, 0xe0, 0x0, 0xc1,
    0xc0, 0x6, 0x3, 0x18, 0x30, 0x6, 0x79, 0xff,
    0xfc, 0xe7, 0xc0, 0x30, 0x80, 0x0, 0x0, 0x0,
    0x0, 0x0, 0x0, 0x0, 0x13, 0xff, 0xe0, 0x4c,
    0x1, 0x83, 0x30, 0x6, 0x18, 0xc0, 0x18, 0x63,
    0x0, 0x63, 0xc, 0x1, 0x9c, 0x30, 0x6, 0x60,
    0xff, 0xf8, 0x3, 0x0, 0x60,

    /* U+6CD5 "法" */
    0x20, 0x6, 0x3, 0xc0, 0x30, 0x7, 0x1, 0x80,
    0x8, 0xc, 0x0, 0xf, 0xff, 0x0, 0x3, 0x3,
    0x0, 0x18, 0x1c, 0x0, 0xc0, 0x78, 0x6, 0x0,
    0xc0, 0x30, 0x0, 0x7f, 0xfe, 0x3, 0xff, 0xf0,
    0x0, 0xc0, 0x6, 0xc, 0x0, 0x30, 0x63, 0x3,
    0x6, 0x18, 0x18, 0x30, 0x61, 0x83, 0x1, 0x8c,
    0x33, 0xfc, 0xc3, 0xff, 0xb6, 0xc, 0x1, 0x80,
    0x0, 0x0,

    /* U+6CE8 "注" */
    0x0, 0x4, 0x1, 0xc0, 0x30, 0x3, 0x80, 0x60,
    0x3, 0x1, 0x80, 0x4, 0x2, 0x0, 0x7, 0xff,
    0xe0, 0x1f, 0xff, 0x80, 0x1, 0x80, 0xc0, 0x6,
    0x3, 0xc0, 0x18, 0x3, 0x80, 0x60, 0x4, 0x1,
    0x80, 0x0, 0x6, 0x0, 0x3, 0xff, 0xc0, 0xc0,
    0x60, 0x3, 0x1, 0x80, 0x18, 0x6, 0x0, 0x60,
    0x18, 0x3, 0x0, 0x60, 0xc, 0x1, 0x80, 0x63,
    0xff, 0xfd, 0xf, 0xff, 0xf0,

    /* U+6CF0 "泰" */
    0x0, 0x30, 0x0, 0x0, 0x60, 0x1, 0xff, 0xff,
    0xe0, 0x3, 0x0, 0x0, 0x6, 0x0, 0x0, 0xc,
    0x0, 0x7, 0xff, 0xfc, 0x0, 0x60, 0x0, 0x1,
    0x80, 0x1, 0xff, 0xff, 0xf8, 0xc, 0xc, 0x0,
    0x30, 0xc, 0x0, 0xe3, 0xc, 0x3, 0x86, 0xc,
    0xf, 0x8c, 0x6e, 0x71, 0x99, 0x8e, 0x41, 0x36,
    0x0, 0x1, 0x60, 0x0, 0xe, 0xdc, 0x0, 0xf1,
    0x8e, 0x3, 0x83, 0x7, 0x0, 0x3e, 0x0, 0x0,

    /* U+6CF3 "泳" */
    0x0, 0x30, 0x1, 0xc1, 0xf8, 0x1, 0xc0, 0x78,
    0x3, 0x0, 0x70, 0x0, 0x0, 0x0, 0x3, 0xf8,
    0x8, 0x0, 0x60, 0x38, 0x1, 0x82, 0x70, 0x6,
    0x1c, 0xe0, 0x1c, 0xe0, 0x3f, 0x77, 0x0, 0xd,
    0xf8, 0x0, 0x67, 0x80, 0x21, 0x9e, 0x0, 0xc6,
    0x6c, 0x6, 0x31, 0xb0, 0x18, 0xc6, 0x60, 0xc6,
    0x18, 0xc3, 0x38, 0x63, 0x99, 0xc1, 0x87, 0xe6,
    0x6, 0x9, 0x0, 0xf0, 0x0,

    /* U+6D17 "洗" */
    0x20, 0x23, 0x0, 0x70, 0x66, 0x0, 0x71, 0x8c,
    0x0, 0x23, 0x18, 0x0, 0x7, 0xff, 0xc0, 0x18,
    0x60, 0x10, 0x30, 0xc0, 0x78, 0xc1, 0x80, 0x38,
    0x83, 0x0, 0x10, 0x6, 0x0, 0x7, 0xff, 0xf8,
    0xf, 0xff, 0xf0, 0x1, 0x8c, 0x0, 0x3, 0x18,
    0x3, 0x6, 0x30, 0x6, 0xc, 0x60, 0x18, 0x30,
    0xc0, 0x30, 0x61, 0x88, 0xc1, 0xc3, 0x19, 0x83,
    0x6, 0x36, 0x1c, 0xc, 0x64, 0x70, 0xf, 0x80,

    /* U+6D32 "洲" */
    0x70, 0x63, 0x19, 0xe3, 0x18, 0xc3, 0x18, 0xc6,
    0x0, 0xc6, 0x30, 0x6, 0x31, 0x80, 0x31, 0x8f,
    0x89, 0xce, 0x6f, 0x6f, 0x7b, 0x1b, 0x6b, 0x58,
    0xb, 0x5b, 0xc0, 0x7b, 0xce, 0x3, 0xd6, 0x30,
    0x86, 0x31, 0x8c, 0x31, 0x8c, 0x63, 0xc, 0x66,
    0x18, 0x63, 0x30, 0xc3, 0x19, 0x8e, 0x18, 0xd8,
    0xe0, 0xc6, 0xc6, 0x6, 0x30, 0x10, 0x1, 0x80,

    /* U+6D3B "活" */
    0x20, 0x0, 0x18, 0x70, 0x7, 0xf0, 0x7b, 0xff,
    0x0, 0x33, 0x18, 0x0, 0x0, 0x30, 0x0, 0x0,
    0x60, 0x0, 0x0, 0xc0, 0x30, 0xff, 0xff, 0x78,
    0x3, 0x0, 0x30, 0x6, 0x0, 0x0, 0xc, 0x0,
    0x0, 0x18, 0x0, 0x0, 0x30, 0x0, 0x8f, 0xff,
    0x1, 0x9f, 0xfe, 0x6, 0x30, 0xc, 0xc, 0x60,
    0x18, 0x30, 0xc0, 0x30, 0xe1, 0x80, 0x61, 0x83,
    0x0, 0xc6, 0x7, 0xff, 0x84, 0xc, 0x3, 0x0,

    /* U+6D41 "流" */
    0x20, 0x2, 0x0, 0xe0, 0x18, 0x0, 0xc0, 0xe0,
    0x1, 0x7f, 0xff, 0x0, 0x18, 0x0, 0x0, 0xc1,
    0x84, 0x3, 0x3, 0x1c, 0x18, 0xc, 0x38, 0xff,
    0xf8, 0x23, 0x80, 0x30, 0x0, 0x0, 0x0, 0x19,
    0x88, 0x4, 0x66, 0x20, 0x19, 0x98, 0x80, 0xc6,
    0x62, 0x3, 0x19, 0x88, 0x18, 0x66, 0x20, 0x63,
    0x18, 0x83, 0xc, 0x62, 0x1c, 0x61, 0x88, 0x23,
    0x6, 0x3c,

    /* U+6D77 "海" */
    0x0, 0x60, 0x1, 0xc1, 0x80, 0x1, 0xc6, 0x0,
    0x1, 0x3f, 0xfe, 0x0, 0xc0, 0x0, 0x6, 0x0,
    0x0, 0x30, 0x0, 0x1, 0xdf, 0xfc, 0xe0, 0x44,
    0x11, 0xe3, 0x18, 0x41, 0xc, 0x31, 0x0, 0x30,
    0x44, 0x3, 0xff, 0xfc, 0x23, 0x20, 0x41, 0x8c,
    0x41, 0x6, 0x21, 0x8c, 0x31, 0x82, 0x30, 0xc7,
    0xff, 0xe3, 0x0, 0x3, 0x18, 0x0, 0xc, 0x60,
    0x0, 0x20, 0x0, 0xf, 0x80,

    /* U+6D88 "消" */
    0x0, 0x3, 0x1, 0xc3, 0xc, 0x31, 0xcc, 0x31,
    0x83, 0x18, 0xc6, 0x0, 0x73, 0x30, 0x0, 0xcc,
    0x80, 0x0, 0x30, 0x10, 0x3f, 0xfe, 0xf0, 0xff,
    0xf8, 0xe3, 0x0, 0x60, 0x8d, 0x81, 0x80, 0x37,
    0xc6, 0x0, 0xc3, 0xd8, 0x13, 0x0, 0x60, 0x6c,
    0x3, 0x83, 0x30, 0xfe, 0x1c, 0xdf, 0x18, 0x63,
    0x40, 0x63, 0xc, 0x1, 0x8c, 0x30, 0x6, 0x61,
    0x80, 0x18, 0x86, 0x3, 0xe0,

    /* U+6E05 "清" */
    0x0, 0x6, 0x1, 0x80, 0x18, 0x3, 0xbf, 0xff,
    0xc7, 0x1, 0x80, 0x8, 0x6, 0x0, 0x7, 0xff,
    0xe0, 0x0, 0x60, 0x20, 0x1, 0x80, 0xe3, 0xff,
    0xfc, 0xc0, 0x0, 0x0, 0xf, 0xff, 0x0, 0x30,
    0xc, 0x0, 0xc0, 0x30, 0x23, 0x0, 0xc1, 0x8f,
    0xff, 0x6, 0x30, 0xc, 0x10, 0xc0, 0x30, 0xc3,
    0xff, 0xc3, 0x1c, 0x3, 0x18, 0x60, 0xc, 0xc1,
    0x80, 0x31, 0x4, 0x3, 0xc0,

    /* U+6E2C "測" */
    0x30, 0x0, 0xc, 0xe7, 0xf0, 0x30, 0xd8, 0xcc,
    0xc0, 0x63, 0x33, 0x1, 0x8c, 0xcc, 0x7, 0xf3,
    0x34, 0x1f, 0xcc, 0xfc, 0x63, 0x33, 0x39, 0x8c,
    0xcc, 0x26, 0x33, 0x30, 0x1f, 0xcc, 0xc0, 0x63,
    0x33, 0x1, 0x8c, 0xcc, 0x26, 0x33, 0x30, 0x9f,
    0xcc, 0xc6, 0x7f, 0x33, 0x18, 0x0, 0xc, 0xc3,
    0x60, 0x33, 0x18, 0xc0, 0xcc, 0xc1, 0x83, 0x63,
    0x6, 0xc, 0x98, 0x1, 0xe0,

    /* U+6E2F "港" */
    0x20, 0x30, 0xc0, 0xf0, 0x61, 0x80, 0x70, 0xc3,
    0x0, 0x2f, 0xff, 0xe0, 0x3, 0xc, 0x0, 0x6,
    0x18, 0x10, 0xc, 0x30, 0x79, 0xff, 0xfe, 0x3b,
    0xff, 0xfc, 0x10, 0x61, 0x80, 0x1, 0x81, 0x80,
    0x7, 0xff, 0x80, 0x1e, 0xd, 0x81, 0xfc, 0x19,
    0x83, 0x98, 0x31, 0xc, 0x3f, 0xe0, 0x18, 0x60,
    0x0, 0x60, 0xc0, 0x20, 0xc1, 0x80, 0x63, 0x83,
    0x0, 0xc6, 0x2, 0x1, 0x84, 0x7, 0xfe, 0x0,

    /* U+6E38 "游" */
    0x21, 0x81, 0x81, 0xc3, 0x6, 0x1, 0xc6, 0x18,
    0x2, 0x10, 0x7f, 0x7, 0xff, 0xfc, 0x1f, 0xfc,
    0x0, 0x18, 0x60, 0x30, 0x61, 0x80, 0x71, 0x81,
    0xfc, 0x47, 0xe0, 0x60, 0x19, 0x87, 0x0, 0x66,
    0x18, 0x1, 0x98, 0x60, 0x66, 0x7f, 0xf1, 0x99,
    0x86, 0xc, 0x46, 0x18, 0x33, 0x18, 0x60, 0xcc,
    0x61, 0x86, 0x21, 0x86, 0x19, 0x86, 0x18, 0x64,
    0x10, 0x61, 0x33, 0xcf, 0x0,

    /* U+6E56 "湖" */
    0x20, 0x0, 0x1, 0xe1, 0x7, 0xf1, 0xc4, 0x18,
    0xc2, 0x10, 0x63, 0x0, 0x41, 0x8c, 0x1f, 0xf6,
    0x34, 0x4, 0x1e, 0xf8, 0x10, 0x6b, 0x38, 0x41,
    0xbc, 0x41, 0x6, 0x70, 0x4, 0x18, 0xc0, 0xfe,
    0x63, 0x3, 0xf9, 0x9c, 0xc, 0x66, 0xf1, 0xb1,
    0x9e, 0xc6, 0xc6, 0x63, 0x33, 0x1b, 0x8c, 0xcf,
    0xec, 0x33, 0x30, 0x70, 0xd8, 0xc1, 0x83, 0x60,
    0xe, 0xd, 0x0, 0x30, 0xe0,

    /* U+6E96 "準" */
    0x30, 0x6e, 0x0, 0xf1, 0x98, 0x0, 0xcf, 0xff,
    0x0, 0x7f, 0xfc, 0x43, 0x86, 0x3, 0xde, 0x18,
    0x3, 0x7f, 0xff, 0x0, 0x61, 0x80, 0x1, 0x86,
    0x0, 0x37, 0xff, 0xc1, 0x98, 0x60, 0xc, 0x61,
    0x80, 0x71, 0xff, 0xf9, 0x87, 0xff, 0xe4, 0x1b,
    0x0, 0x0, 0xc, 0x0, 0xff, 0xff, 0xfc, 0x0,
    0xc0, 0x0, 0x3, 0x0, 0x0, 0xc, 0x0, 0x0,
    0x30, 0x0, 0x0, 0xc0, 0x0,

    /* U+6EAB "溫" */
    0x20, 0x0, 0x1, 0xe3, 0xff, 0xc1, 0xcc, 0x43,
    0x0, 0x31, 0xc, 0x0, 0xc4, 0x30, 0x3, 0x38,
    0xc0, 0xd, 0xb3, 0x38, 0x3c, 0x6c, 0x30, 0xc0,
    0x30, 0x43, 0xff, 0xc0, 0x0, 0x0, 0x0, 0x0,
    0x0, 0x1, 0xff, 0xf8, 0x26, 0x44, 0x61, 0x99,
    0x11, 0x86, 0x64, 0x46, 0x31, 0x91, 0x18, 0xc6,
    0x44, 0x62, 0x19, 0x11, 0x98, 0x64, 0x46, 0x67,
    0xff, 0xfd, 0x1f, 0xff, 0xf0,

    /* U+6F14 "演" */
    0x30, 0xe, 0x0, 0x70, 0x18, 0x0, 0x5f, 0xff,
    0xc0, 0x60, 0x3, 0x1, 0x80, 0xc, 0x3, 0xff,
    0xc4, 0xf, 0xff, 0x1c, 0x1, 0x80, 0x38, 0x6,
    0x0, 0x3, 0xff, 0xe0, 0x8, 0x61, 0x80, 0x21,
    0x86, 0x0, 0x86, 0x18, 0x13, 0xff, 0xe0, 0xc8,
    0x61, 0x83, 0x21, 0x86, 0x18, 0xff, 0xf8, 0x63,
    0xff, 0xe3, 0x1, 0xc, 0xc, 0x1c, 0x3c, 0x61,
    0xe0, 0x38, 0x8e, 0x0, 0x30,

    /* U+6F54 "潔" */
    0x0, 0x0, 0x7, 0x6, 0x0, 0xd, 0xff, 0xfe,
    0x21, 0x83, 0x30, 0x7f, 0x99, 0x80, 0x60, 0x8c,
    0x3, 0x64, 0x78, 0xff, 0x42, 0x74, 0xc4, 0x71,
    0x80, 0xc0, 0x0, 0xc, 0x0, 0x1, 0x87, 0x0,
    0x3f, 0xe0, 0x8, 0x18, 0x30, 0xcf, 0xff, 0xc6,
    0x7f, 0xff, 0x22, 0xc, 0x1b, 0x0, 0x64, 0x18,
    0x33, 0x31, 0x83, 0x18, 0xcc, 0x70, 0xc3, 0xc2,
    0x1e, 0x0,

    /* U+6FD5 "濕" */
    0x0, 0x0, 0x1, 0xc7, 0xff, 0xc3, 0x98, 0x3,
    0x3, 0x60, 0xc, 0x1, 0xff, 0xf0, 0x6, 0x0,
    0xc0, 0x18, 0x3, 0x30, 0x7f, 0xfc, 0xf0, 0x40,
    0x80, 0xc3, 0x2, 0x0, 0x19, 0x93, 0x0, 0xfc,
    0xfc, 0x0, 0x60, 0x60, 0x23, 0x43, 0x41, 0x9f,
    0x9f, 0x86, 0xfe, 0xfe, 0x30, 0x0, 0x0, 0xc6,
    0xcc, 0xc6, 0x19, 0x93, 0x18, 0xc6, 0x46, 0x43,
    0x19, 0x8c, 0x8, 0x0, 0x20,

    /* U+70BA "為" */
    0x4, 0x18, 0x0, 0x18, 0x60, 0x0, 0x31, 0x80,
    0x0, 0xcc, 0x0, 0x7f, 0xff, 0xc0, 0x1, 0x83,
    0x0, 0x6, 0xc, 0x0, 0x30, 0x30, 0x1, 0xc0,
    0x80, 0x7, 0xff, 0xc0, 0x30, 0x3, 0x1, 0x80,
    0xc, 0xe, 0x0, 0x20, 0x7f, 0xff, 0xf3, 0x80,
    0x0, 0xf8, 0x0, 0x43, 0xcc, 0x99, 0x8c, 0x32,
    0x22, 0x31, 0x8c, 0xcd, 0x86, 0x33, 0x6, 0x30,
    0xc8, 0x18, 0x80, 0x7, 0xc0,

    /* U+7121 "無" */
    0x6, 0x0, 0x0, 0x18, 0x0, 0x0, 0xc0, 0x0,
    0x7, 0xff, 0xfe, 0x30, 0x0, 0x1, 0xc0, 0x0,
    0xe, 0xc4, 0xc6, 0x13, 0x13, 0x18, 0xc, 0x4c,
    0x61, 0xff, 0xff, 0xf0, 0xc4, 0xc6, 0x3, 0x13,
    0x18, 0xc, 0x4c, 0x60, 0x31, 0x31, 0x8f, 0xff,
    0xff, 0xff, 0xff, 0xff, 0x0, 0x0, 0x0, 0x62,
    0x30, 0xc3, 0xc, 0xc3, 0xc, 0x31, 0x86, 0x60,
    0xc6, 0x1d, 0x83, 0x18, 0x20,

    /* U+7136 "然" */
    0x6, 0x1, 0x80, 0x30, 0x6, 0xc0, 0xfe, 0x19,
    0x86, 0x8, 0x62, 0x1c, 0x61, 0x80, 0xd9, 0xff,
    0xf6, 0x3c, 0x18, 0x10, 0x70, 0xf0, 0xd, 0x83,
    0x61, 0xe4, 0xd, 0xc4, 0x30, 0x63, 0x1, 0x83,
    0x6, 0x1c, 0x1c, 0x19, 0xe0, 0xe0, 0x36, 0x7,
    0x0, 0xc0, 0x0, 0x0, 0x18, 0x4, 0x60, 0x43,
    0x10, 0xc3, 0xc, 0x61, 0x98, 0x31, 0x87, 0xe0,
    0xc2, 0xc,

    /* U+716E "煮" */
    0x0, 0xc0, 0x0, 0x3, 0x0, 0x83, 0xff, 0xf6,
    0x0, 0x30, 0x70, 0x0, 0xc3, 0x83, 0xff, 0xff,
    0xff, 0xff, 0xff, 0xc0, 0x3c, 0x0, 0x7, 0xc0,
    0x0, 0xff, 0xff, 0xf, 0xc0, 0xc, 0x33, 0x0,
    0x30, 0xf, 0xff, 0xc0, 0x30, 0x3, 0x0, 0xc0,
    0xc, 0x3, 0xff, 0xf0, 0x0, 0x0, 0x0, 0xc6,
    0x31, 0x83, 0x18, 0x63, 0x18, 0x61, 0x8e, 0xc1,
    0x86, 0x1c,

    /* U+71DF "營" */
    0x6, 0x1, 0x83, 0x32, 0xcc, 0x9, 0x92, 0x66,
    0x4d, 0x17, 0x60, 0xe0, 0x38, 0xf, 0xc3, 0xf1,
    0xc7, 0xf0, 0xe8, 0x2, 0x3, 0x7f, 0xff, 0xfb,
    0x0, 0x0, 0xd8, 0x0, 0x6, 0xcf, 0xff, 0x30,
    0x40, 0x18, 0x2, 0x0, 0xc0, 0x1f, 0xfe, 0x0,
    0x8, 0x0, 0x1f, 0xff, 0xf0, 0xc0, 0x1, 0x86,
    0x0, 0xc, 0x30, 0x0, 0x61, 0xff, 0xff, 0xc,
    0x0, 0x18,

    /* U+7236 "父" */
    0x3, 0x2, 0x0, 0xc, 0xc, 0x0, 0x60, 0x18,
    0x3, 0x80, 0x30, 0x1c, 0x0, 0x60, 0xe0, 0x0,
    0xc7, 0x0, 0x3, 0x99, 0x80, 0x66, 0x3, 0x3,
    0x80, 0xc, 0xc, 0x0, 0x18, 0x70, 0x0, 0x61,
    0x80, 0x0, 0xce, 0x0, 0x3, 0xf0, 0x0, 0x7,
    0x80, 0x0, 0x1e, 0x0, 0x0, 0xfc, 0x0, 0x7,
    0x3c, 0x0, 0x78, 0x7c, 0xf, 0x80, 0x7c, 0xf8,
    0x0, 0x7d, 0x0, 0x0, 0x20,

    /* U+723A "爺" */
    0x0, 0x0, 0x0, 0x1c, 0xe, 0x0, 0xe0, 0xe,
    0xe, 0x40, 0x9e, 0x61, 0x87, 0x18, 0x3, 0xf0,
    0x0, 0x7, 0x80, 0x1, 0xff, 0xe0, 0xff, 0x3,
    0xfd, 0x80, 0x0, 0xe0, 0x0, 0x1, 0x1f, 0xf9,
    0xfe, 0x30, 0xc6, 0x30, 0xc3, 0x18, 0xc3, 0xfc,
    0x66, 0xc, 0x31, 0x90, 0x30, 0xc6, 0x70, 0xff,
    0x18, 0xe3, 0xc, 0x61, 0x8f, 0xf1, 0x86, 0xf0,
    0xc6, 0xf0, 0x3, 0x18, 0x0, 0xc, 0x60, 0x0,

    /* U+7259 "牙" */
    0x3f, 0xff, 0xf1, 0xff, 0xff, 0x83, 0x0, 0xc0,
    0x18, 0x6, 0x1, 0x80, 0x30, 0xc, 0x1, 0x80,
    0x60, 0xc, 0x3, 0x0, 0x60, 0x1f, 0xff, 0xf9,
    0xff, 0xff, 0xc0, 0x7, 0xc0, 0x0, 0x76, 0x0,
    0x7, 0x30, 0x0, 0x71, 0x80, 0x7, 0xc, 0x0,
    0xe0, 0x60, 0x1e, 0x3, 0x3, 0xe0, 0x18, 0x3c,
    0x0, 0xc0, 0x80, 0x7e, 0x0, 0x3, 0xe0, 0x0,

    /* U+7269 "物" */
    0x6, 0x6, 0x0, 0xc, 0x18, 0x0, 0x98, 0x30,
    0x1, 0x30, 0x60, 0x2, 0x61, 0xff, 0xef, 0xf3,
    0x26, 0xd9, 0x8c, 0x4d, 0xb3, 0x19, 0x9b, 0x46,
    0x63, 0x26, 0x8c, 0x8c, 0xcc, 0x18, 0x19, 0x98,
    0x3e, 0x62, 0x30, 0xfc, 0xcc, 0x6f, 0xc3, 0x18,
    0xdd, 0x8e, 0x21, 0x3, 0x18, 0xc2, 0x6, 0x61,
    0x4, 0xc, 0x6, 0x8, 0x18, 0x18, 0x30, 0x30,
    0x60, 0x60, 0x61, 0xc0, 0x80, 0xc3, 0x1e, 0x0,

    /* U+73C8 "珈" */
    0x0, 0x60, 0x1, 0xf9, 0x80, 0x7, 0xe6, 0xf,
    0xc6, 0x18, 0x3f, 0x18, 0x60, 0xcc, 0x67, 0xfb,
    0x31, 0x86, 0x6c, 0xc6, 0x19, 0xb3, 0x18, 0x66,
    0xcd, 0xf9, 0x9b, 0x31, 0x86, 0x6c, 0xc6, 0x19,
    0xb3, 0x18, 0x66, 0xcc, 0x61, 0x1b, 0x31, 0x8c,
    0x6c, 0xc6, 0x31, 0xb3, 0x1e, 0xc6, 0xcd, 0xf2,
    0x1b, 0x3f, 0x8, 0x4f, 0xc0, 0x43, 0x33, 0x1,
    0x3c, 0xcc, 0x0, 0x0, 0x0,

    /* U+73FE "現" */
    0x7f, 0xbf, 0xfc, 0x7f, 0xbf, 0xfc, 0xc, 0x30,
    0xc, 0xc, 0x30, 0xc, 0xc, 0x3f, 0xfc, 0xc,
    0x30, 0xc, 0xc, 0x30, 0xc, 0x7f, 0xb0, 0xc,
    0x7f, 0xbf, 0xfc, 0xc, 0x30, 0xc, 0xc, 0x30,
    0xc, 0xc, 0x3f, 0xfc, 0xc, 0x3f, 0xfc, 0xd,
    0x8c, 0xc0, 0xf, 0x8c, 0xc0, 0xfe, 0x8, 0xc0,
    0xf0, 0x18, 0xc0, 0x0, 0x18, 0xc3, 0x0, 0x30,
    0xc2, 0x0, 0xe0, 0xc2, 0x1, 0xc0, 0xfe,

    /* U+7403 "球" */
    0x0, 0x3, 0x21, 0xfe, 0x6, 0x63, 0xfc, 0xc,
    0x60, 0xc0, 0x18, 0x1, 0x8f, 0xff, 0xc3, 0x0,
    0x60, 0x6, 0x0, 0xc0, 0xc, 0x21, 0x84, 0x18,
    0x63, 0xd, 0xfc, 0x46, 0x30, 0x60, 0xce, 0xc0,
    0xc0, 0x9f, 0x1, 0x80, 0x3e, 0x3, 0x0, 0xf8,
    0x6, 0x3, 0xf0, 0xc, 0x1d, 0xb0, 0x1f, 0x73,
    0x70, 0x7f, 0xc6, 0x63, 0xe7, 0xc, 0x66, 0x4,
    0x18, 0x70, 0x0, 0x30, 0x40, 0x3, 0xc0, 0x0,

    /* U+7406 "理" */
    0xff, 0x7f, 0xfb, 0xfd, 0x8c, 0x61, 0x86, 0x31,
    0x86, 0x18, 0xc6, 0x18, 0x63, 0x18, 0x61, 0xff,
    0xe1, 0x86, 0x31, 0xbf, 0x98, 0xc6, 0xfe, 0x63,
    0x18, 0x61, 0xff, 0xe1, 0x80, 0x30, 0x6, 0x0,
    0xc0, 0x18, 0x3, 0x0, 0x60, 0xc, 0x1, 0x9f,
    0xff, 0xc7, 0xc0, 0xc0, 0xf8, 0x3, 0x3, 0x0,
    0xc, 0x0, 0x1f, 0xff, 0xc0, 0x7f, 0xff,

    /* U+7434 "琴" */
    0x7f, 0xef, 0xfc, 0xc, 0x1, 0x80, 0x18, 0x3,
    0x3, 0xfe, 0x7f, 0xc0, 0x60, 0xc, 0x0, 0xc0,
    0x18, 0x1f, 0xfb, 0xff, 0xbc, 0xf, 0xff, 0x0,
    0x78, 0x0, 0x1, 0xdc, 0x0, 0xe, 0x1e, 0x0,
    0xf8, 0xf, 0x8f, 0xdf, 0xf7, 0xee, 0x0, 0x1,
    0x80, 0x0, 0x0, 0x7, 0xff, 0xf0, 0x0, 0x0,
    0xc0, 0x0, 0x7, 0x0, 0x0, 0x1c, 0x0, 0x0,
    0x70, 0x0, 0x0, 0x40, 0x0,

    /* U+745C "瑜" */
    0x0, 0x1, 0x0, 0x0, 0x6, 0x3, 0xfc, 0x1e,
    0x7, 0xf8, 0x76, 0x1, 0x81, 0x86, 0x3, 0x6,
    0x6, 0x6, 0x38, 0x7, 0xc, 0x5f, 0xf2, 0x18,
    0x0, 0x0, 0x30, 0x0, 0x1, 0xf8, 0x0, 0x23,
    0xf7, 0xf2, 0x41, 0x8c, 0x64, 0x83, 0x18, 0xc9,
    0x6, 0x3f, 0x92, 0xc, 0x63, 0x24, 0x18, 0xc6,
    0x48, 0x35, 0xfc, 0x90, 0xfb, 0x19, 0x27, 0x86,
    0x30, 0x48, 0x8, 0x60, 0x80, 0x10, 0xc1, 0x0,
    0x67, 0xe, 0x0,

    /* U+751C "甜" */
    0xff, 0xcc, 0x19, 0xff, 0x98, 0x30, 0x30, 0x30,
    0x60, 0x60, 0x60, 0xc0, 0xc3, 0xff, 0xe1, 0x87,
    0xff, 0xc3, 0x3, 0x6, 0x7f, 0xe6, 0xc, 0xc,
    0xc, 0x18, 0x18, 0x18, 0x30, 0x30, 0x30, 0x60,
    0x60, 0x7f, 0xc7, 0xfc, 0xff, 0x8f, 0xf9, 0x83,
    0x18, 0x33, 0x6, 0x30, 0x66, 0xc, 0x60, 0xcc,
    0x18, 0xc1, 0x98, 0x31, 0x83, 0x30, 0x63, 0xfe,
    0x7f, 0xc6, 0xc, 0xc1, 0x8c, 0x1, 0x83, 0x0,

    /* U+751F "生" */
    0x0, 0x30, 0x0, 0x30, 0xc0, 0x0, 0xc3, 0x0,
    0x3, 0xc, 0x0, 0x18, 0x30, 0x0, 0x7f, 0xff,
    0xe1, 0xff, 0xff, 0x8c, 0xc, 0x0, 0x70, 0x30,
    0x1, 0x80, 0xc0, 0x4, 0x3, 0x0, 0x0, 0xc,
    0x0, 0x0, 0x30, 0x0, 0x7f, 0xff, 0xc0, 0x3,
    0x0, 0x0, 0xc, 0x0, 0x0, 0x30, 0x0, 0x0,
    0xc0, 0x0, 0x3, 0x0, 0x0, 0xc, 0x0, 0xff,
    0xff, 0xff, 0xff, 0xff, 0xf0,

    /* U+7522 "產" */
    0x0, 0x30, 0x0, 0x0, 0x60, 0x3, 0xff, 0xff,
    0x80, 0x80, 0x30, 0x7, 0xe7, 0x80, 0x0, 0xf0,
    0x0, 0x3e, 0x7c, 0x1, 0xc0, 0x38, 0x3f, 0xff,
    0xfc, 0xc0, 0x0, 0x3, 0x10, 0xc0, 0xc, 0xc3,
    0x0, 0x33, 0xff, 0xf0, 0xd8, 0x30, 0x3, 0xc0,
    0xc0, 0xf, 0x3, 0x0, 0x23, 0xff, 0xf0, 0x80,
    0x30, 0x6, 0x0, 0xc0, 0x18, 0x3, 0x0, 0xcf,
    0xff, 0xff, 0x3f, 0xff, 0xf0, 0x0, 0x0, 0x0,

    /* U+7528 "用" */
    0x1f, 0xff, 0xf8, 0xff, 0xff, 0xc6, 0x6, 0x6,
    0x30, 0x30, 0x31, 0x81, 0x81, 0x8c, 0xc, 0xc,
    0x7f, 0xff, 0xe3, 0x3, 0x3, 0x18, 0x18, 0x18,
    0xc0, 0xc0, 0xc6, 0x6, 0x6, 0x30, 0x30, 0x31,
    0xff, 0xff, 0x8c, 0xc, 0xc, 0x60, 0x60, 0x66,
    0x3, 0x3, 0x30, 0x18, 0x19, 0x80, 0xc0, 0xd8,
    0x6, 0x6, 0xc0, 0x30, 0x3c, 0x1, 0x9f, 0x0,

    /* U+756B "畫" */
    0x0, 0x30, 0x0, 0x7f, 0xff, 0x80, 0x3, 0x6,
    0x0, 0xc, 0x18, 0xff, 0xff, 0xfc, 0x0, 0xc1,
    0x81, 0xff, 0xfe, 0x0, 0xc, 0x0, 0x0, 0x30,
    0x0, 0xff, 0xff, 0xc0, 0x3, 0x0, 0x3f, 0xff,
    0xff, 0xff, 0xff, 0xfc, 0x7f, 0xff, 0x81, 0x83,
    0x6, 0x7, 0xff, 0xf8, 0x18, 0x30, 0x60, 0x60,
    0xc1, 0x81, 0xff, 0xfe, 0x0, 0x0, 0x0, 0xff,
    0xff, 0xfc,

    /* U+7570 "異" */
    0x1f, 0xff, 0xf0, 0x3f, 0xff, 0xe0, 0x60, 0xc0,
    0xc0, 0xc1, 0x81, 0x81, 0x83, 0x3, 0x3, 0xff,
    0xfe, 0x6, 0xc, 0xc, 0xc, 0x18, 0x18, 0x1f,
    0xff, 0xf0, 0x3f, 0xff, 0xe0, 0xc, 0x6, 0x0,
    0x18, 0xc, 0x3, 0xff, 0xff, 0x80, 0x60, 0x30,
    0x0, 0xc0, 0x60, 0x1, 0x80, 0xc0, 0xff, 0xff,
    0xff, 0xff, 0xff, 0xfc, 0x4, 0x4, 0x0, 0x3c,
    0x1f, 0x3, 0xe0, 0x7, 0xce, 0x0, 0x3, 0x80,

    /* U+7576 "當" */
    0x0, 0x60, 0x1, 0xc3, 0x7, 0x6, 0x18, 0x30,
    0x18, 0xc3, 0xf, 0xff, 0xff, 0xff, 0xff, 0xff,
    0x0, 0x0, 0x78, 0x0, 0x3, 0xcf, 0xff, 0x98,
    0x60, 0xc, 0x3, 0x0, 0x60, 0x18, 0x3, 0x0,
    0xff, 0xf8, 0x0, 0x0, 0x0, 0xff, 0xff, 0x87,
    0xff, 0xfc, 0x30, 0x60, 0x21, 0x83, 0x1, 0xf,
    0xff, 0xf8, 0x60, 0xc0, 0x43, 0x6, 0x2, 0x1f,
    0xff, 0xf0, 0xff, 0xff, 0x80,

    /* U+75AB "疫" */
    0x0, 0x8, 0x0, 0x0, 0x30, 0x0, 0x0, 0xc0,
    0x3, 0xff, 0xff, 0x4c, 0x0, 0x1, 0xb0, 0x0,
    0x6, 0xc7, 0xfc, 0xf, 0x18, 0x30, 0x3c, 0x60,
    0xc0, 0x33, 0x83, 0x0, 0xdc, 0xf, 0x87, 0x70,
    0x0, 0x3d, 0x0, 0x3, 0xf7, 0xff, 0xc4, 0xcc,
    0x6, 0x2, 0x18, 0x18, 0x18, 0x70, 0xc0, 0x60,
    0xee, 0x3, 0x0, 0xe0, 0xc, 0x1f, 0xf8, 0x63,
    0xe0, 0xf8, 0x8, 0x0, 0x20,

    /* U+7642 "療" */
    0x0, 0xc, 0x0, 0x0, 0xc, 0x0, 0x3f, 0xff,
    0xf8, 0x60, 0x30, 0x4, 0xc0, 0x60, 0xd, 0x80,
    0x80, 0x1b, 0x7f, 0xff, 0x96, 0xc, 0x62, 0x3d,
    0xf8, 0x6c, 0x18, 0xe0, 0x70, 0x33, 0xff, 0xe0,
    0x6f, 0x0, 0xf3, 0xd6, 0x1, 0x7f, 0x8f, 0xfe,
    0x1b, 0x18, 0x4, 0x4, 0x30, 0x8, 0x18, 0x7f,
    0xf0, 0x30, 0x6, 0x0, 0x61, 0x8c, 0xc1, 0x86,
    0x18, 0xc3, 0x18, 0x30, 0xc4, 0x23, 0xc0, 0x80,

    /* U+767C "發" */
    0x0, 0x18, 0x40, 0xff, 0x63, 0x80, 0xc, 0xf8,
    0x8c, 0x61, 0x86, 0x1b, 0x3, 0x30, 0x38, 0x7,
    0x81, 0xc0, 0xe, 0x3f, 0xe7, 0xff, 0xc1, 0x98,
    0xc8, 0x6, 0x63, 0x0, 0x19, 0x8c, 0x7, 0xec,
    0x30, 0x3f, 0xf0, 0xf8, 0xc0, 0x0, 0x2, 0x3,
    0xff, 0xf, 0xe0, 0x1c, 0x1, 0xb8, 0x60, 0x6,
    0x33, 0x0, 0x18, 0x38, 0x0, 0x60, 0xe0, 0x3,
    0x1c, 0x60, 0x7d, 0xc0, 0xc0,

    /* U+767E "百" */
    0xff, 0xff, 0xff, 0xff, 0xff, 0xc0, 0xc, 0x0,
    0x0, 0x40, 0x0, 0x6, 0x0, 0x0, 0x30, 0x0,
    0x7f, 0xff, 0x83, 0x0, 0xc, 0x18, 0x0, 0x60,
    0xc0, 0x3, 0x6, 0x0, 0x18, 0x30, 0x0, 0xc1,
    0xff, 0xfe, 0xc, 0x0, 0x30, 0x60, 0x1, 0x83,
    0x0, 0xc, 0x18, 0x0, 0x60, 0xc0, 0x3, 0x7,
    0xff, 0xf8, 0x30, 0x0, 0xc1, 0x80, 0x6, 0x0,

    /* U+7684 "的" */
    0xc, 0xc, 0x0, 0xc0, 0x80, 0x18, 0x8, 0x1,
    0x81, 0x80, 0xff, 0x9f, 0xfc, 0x19, 0x3, 0xc1,
    0xb0, 0x3c, 0x1a, 0x3, 0xc1, 0xe0, 0x3c, 0x1c,
    0x3, 0xc1, 0x98, 0x3f, 0xf8, 0xc3, 0xc1, 0x86,
    0x3c, 0x18, 0x63, 0xc1, 0x83, 0x3c, 0x18, 0x23,
    0xc1, 0x80, 0x3c, 0x18, 0x3, 0xff, 0x80, 0x2c,
    0x0, 0x6, 0xc0, 0x0, 0x60, 0x0, 0x7c,

    /* U+76AE "皮" */
    0x0, 0x18, 0x0, 0x0, 0x30, 0x0, 0x0, 0x60,
    0x0, 0xff, 0xff, 0xe1, 0x81, 0x81, 0xc3, 0x3,
    0x3, 0x6, 0x6, 0xe, 0xc, 0xc, 0x18, 0x18,
    0x18, 0x0, 0x3f, 0xff, 0xe0, 0x7f, 0xff, 0xc0,
    0xcc, 0x3, 0x81, 0x8c, 0x6, 0x3, 0x18, 0x1c,
    0xe, 0x18, 0x70, 0x1c, 0x19, 0xc0, 0x30, 0x1f,
    0x0, 0x60, 0x3c, 0x1, 0xc1, 0xfe, 0x3, 0xf,
    0x8f, 0xc, 0xfc, 0x7, 0xe8, 0xc0, 0x3, 0x80,

    /* U+76E3 "監" */
    0x0, 0x3, 0x0, 0xff, 0xc6, 0x1, 0x88, 0xc,
    0x3, 0x10, 0x30, 0x7, 0xfe, 0x7f, 0xcc, 0xd,
    0x80, 0x18, 0x1b, 0x0, 0x30, 0x3c, 0x0, 0x7f,
    0xe0, 0x0, 0xc4, 0xf, 0xf1, 0xff, 0x9f, 0xe3,
    0xff, 0x0, 0x0, 0x0, 0x0, 0x0, 0x0, 0x0,
    0x7, 0xff, 0xfc, 0xc, 0x43, 0x18, 0x18, 0x86,
    0x30, 0x31, 0xc, 0x60, 0x62, 0x18, 0xc0, 0xc4,
    0x31, 0x8f, 0xff, 0xff, 0xff, 0xff, 0xff, 0xc0,

    /* U+770B "看" */
    0x0, 0x0, 0x30, 0x7f, 0xff, 0x80, 0x3, 0x0,
    0x0, 0x18, 0x0, 0x1f, 0xff, 0xf8, 0x1, 0x80,
    0x0, 0xc, 0x0, 0x0, 0x30, 0x0, 0x7f, 0xff,
    0xfc, 0x6, 0x0, 0x0, 0x30, 0x0, 0x1, 0xff,
    0xfc, 0xf, 0x0, 0x30, 0x7c, 0x0, 0xc3, 0xbf,
    0xff, 0x3c, 0xc0, 0xc, 0x43, 0x0, 0x30, 0xf,
    0xff, 0xc0, 0x30, 0x3, 0x0, 0xc0, 0xc, 0x3,
    0xff, 0xf0, 0xc, 0x0, 0xc0,

    /* U+773C "眼" */
    0xfe, 0x7f, 0xf3, 0x19, 0x80, 0xcc, 0x66, 0x3,
    0x31, 0x98, 0xc, 0xc6, 0x7f, 0xf3, 0xf9, 0x80,
    0xcc, 0x66, 0x3, 0x31, 0x98, 0xc, 0xc6, 0x7f,
    0xf3, 0x19, 0xff, 0xcf, 0xe6, 0x20, 0x31, 0x98,
    0xc6, 0xc6, 0x63, 0x33, 0x19, 0x87, 0x8c, 0x66,
    0x1c, 0x3f, 0x98, 0x30, 0xc0, 0x60, 0xe3, 0x1,
    0xf9, 0xc0, 0xf, 0xc3, 0x80, 0x10, 0x2,

    /* U+77E5 "知" */
    0x10, 0x0, 0x1, 0x80, 0x0, 0xc, 0x3, 0xfe,
    0x7f, 0xdf, 0xf7, 0xfe, 0xc1, 0xb3, 0x6, 0xd,
    0x98, 0x30, 0x78, 0xc1, 0x83, 0x46, 0xc, 0x18,
    0x30, 0x60, 0xff, 0xff, 0x6, 0xc, 0x18, 0x30,
    0x60, 0xc1, 0x87, 0x6, 0xc, 0x3c, 0x30, 0x61,
    0xb1, 0x83, 0x18, 0xcc, 0x18, 0xc3, 0x60, 0xcc,
    0xb, 0xfe, 0xc0, 0x18, 0x3c, 0x0, 0xc1, 0x80,
    0x0, 0x0,

    /* U+7814 "研" */
    0xff, 0x7f, 0xfb, 0xfd, 0xff, 0xe1, 0x81, 0x86,
    0x4, 0x6, 0x18, 0x30, 0x18, 0x60, 0xc0, 0x61,
    0x83, 0x1, 0x86, 0x8, 0x6, 0x18, 0x7f, 0x18,
    0x61, 0x8f, 0xff, 0xfe, 0x31, 0x86, 0x28, 0xc6,
    0x18, 0xa3, 0x18, 0x60, 0x8c, 0x61, 0x82, 0x31,
    0x86, 0x8, 0xc4, 0x18, 0x23, 0x30, 0x60, 0xfc,
    0xc1, 0x82, 0x6, 0x6, 0x8, 0x18, 0x18, 0x0,
    0x40, 0x60,

    /* U+78BA "確" */
    0x0, 0x1, 0x81, 0xfe, 0xc, 0x7, 0xff, 0xff,
    0xc3, 0x18, 0x83, 0x8, 0x67, 0x8c, 0x61, 0xb3,
    0x31, 0x80, 0xcc, 0x6, 0x7, 0xff, 0x1f, 0xb8,
    0xc0, 0xc7, 0xe3, 0x3, 0x1d, 0x8c, 0x1c, 0x67,
    0xff, 0x71, 0x98, 0xc1, 0x46, 0x63, 0x1, 0x19,
    0x8c, 0x4, 0x67, 0xff, 0x1f, 0x98, 0xc0, 0x7e,
    0x63, 0x1, 0x1, 0xff, 0xc4, 0x7, 0xff, 0x0,
    0x18, 0x0,

    /* U+793E "社" */
    0x4, 0x0, 0xc0, 0xc, 0x0, 0xc0, 0x6, 0x0,
    0xc0, 0x2, 0x0, 0xc0, 0x7f, 0xc0, 0xc0, 0x1,
    0xc0, 0xc0, 0x1, 0x80, 0xc0, 0x3, 0x80, 0xc0,
    0x7, 0x1f, 0xfe, 0x6, 0x0, 0xc0, 0xf, 0x0,
    0xc0, 0x3f, 0x80, 0xc0, 0x76, 0xc0, 0xc0, 0x66,
    0x40, 0xc0, 0x46, 0x0, 0xc0, 0x6, 0x0, 0xc0,
    0x6, 0x0, 0xc0, 0x6, 0x0, 0xc0, 0x6, 0x0,
    0xc0, 0x6, 0x3f, 0xff, 0x6, 0x3f, 0xff, 0x6,
    0x0, 0x0,

    /* U+795D "祝" */
    0x18, 0x0, 0x0, 0x18, 0xff, 0xf0, 0x31, 0xff,
    0xe0, 0x23, 0x0, 0xcf, 0xf6, 0x1, 0x80, 0x6c,
    0x3, 0x0, 0xd8, 0x6, 0x3, 0x30, 0xc, 0x4,
    0x60, 0x18, 0x18, 0xff, 0xf0, 0x79, 0xff, 0xe1,
    0xf0, 0x66, 0x7, 0xf0, 0x8c, 0x1d, 0xb1, 0x18,
    0x33, 0x6, 0x30, 0x6, 0xc, 0x60, 0xc, 0x18,
    0xc0, 0x18, 0x21, 0x80, 0x30, 0xc3, 0x18, 0x63,
    0x6, 0x30, 0xcc, 0xc, 0x61, 0xb0, 0x1f, 0x80,

    /* U+795E "神" */
    0x8, 0x1, 0x80, 0x30, 0x6, 0x0, 0x40, 0x18,
    0x1, 0x0, 0x60, 0xff, 0xbf, 0xfc, 0xe, 0xc6,
    0x30, 0x33, 0x18, 0xc1, 0xcc, 0x63, 0x6, 0x31,
    0x8c, 0x30, 0xff, 0xf1, 0xe3, 0x18, 0xcf, 0xcc,
    0x63, 0x6d, 0xb1, 0x8f, 0x36, 0xc6, 0x30, 0xc3,
    0xff, 0xc3, 0xc, 0x63, 0xc, 0x1, 0x80, 0x30,
    0x6, 0x0, 0xc0, 0x18, 0x3, 0x0, 0x60, 0xc,
    0x1, 0x80, 0x30, 0x6, 0x0,

    /* U+79CB "秋" */
    0x0, 0x81, 0x80, 0xf, 0x83, 0x1, 0xfc, 0x6,
    0x2, 0x30, 0xc, 0x0, 0x60, 0x18, 0x0, 0xc6,
    0x30, 0x81, 0x84, 0x63, 0x3f, 0xec, 0xc6, 0x6,
    0x19, 0x98, 0x1e, 0x13, 0x30, 0x3e, 0x26, 0x40,
    0xf4, 0xc, 0x1, 0xec, 0x3c, 0x6, 0xc0, 0x78,
    0x19, 0x80, 0xf0, 0x33, 0x3, 0xb0, 0x46, 0x6,
    0x60, 0xc, 0x1c, 0x60, 0x18, 0x70, 0xe0, 0x31,
    0xc0, 0xe0, 0x67, 0x0, 0xe0, 0xc4, 0x0, 0x80,

    /* U+79D1 "科" */
    0x0, 0x0, 0x60, 0x1e, 0x1, 0x8f, 0xf0, 0x86,
    0x1b, 0x3, 0x18, 0xc, 0x6, 0x60, 0x30, 0xd,
    0x80, 0xc0, 0x6, 0x3f, 0xf0, 0x18, 0xc, 0x38,
    0x60, 0x78, 0x71, 0x81, 0xf0, 0x66, 0xf, 0x40,
    0x98, 0x2d, 0x80, 0x61, 0xb2, 0x1, 0xb6, 0xc0,
    0x3f, 0xf3, 0x1f, 0xf8, 0x8c, 0x78, 0x60, 0x30,
    0x1, 0x80, 0xc0, 0x6, 0x3, 0x0, 0x18, 0xc,
    0x0, 0x60, 0x30, 0x1, 0x80,

    /* U+79D8 "秘" */
    0x1, 0x8, 0x0, 0x1f, 0x1c, 0x1, 0xf8, 0x1c,
    0x63, 0xe0, 0x1c, 0xc0, 0xc0, 0x19, 0x81, 0x80,
    0x6, 0x3, 0x3, 0xc, 0x3f, 0xc6, 0x18, 0xc,
    0x2c, 0x78, 0x1c, 0xd8, 0xf0, 0x79, 0xb3, 0x30,
    0xfa, 0x66, 0x63, 0xd4, 0xd8, 0xc7, 0xa9, 0xb0,
    0x9b, 0x33, 0xc1, 0xb6, 0x27, 0x3, 0xcc, 0xe,
    0x0, 0x98, 0x18, 0x20, 0x30, 0x70, 0x60, 0x63,
    0xe0, 0xc0, 0xce, 0xc1, 0x81, 0x88, 0xfe, 0x0,

    /* U+79FB "移" */
    0x1, 0x3, 0x0, 0x3e, 0x18, 0xf, 0xc0, 0xff,
    0x83, 0x7, 0xe, 0xc, 0x38, 0x30, 0x31, 0xf1,
    0x80, 0xc4, 0x3c, 0x3f, 0xe0, 0x60, 0xc, 0x7,
    0x0, 0x70, 0x76, 0x1, 0xe7, 0x30, 0xf, 0xc1,
    0xff, 0x2d, 0x8e, 0xd, 0xb2, 0x70, 0x34, 0xc7,
    0xe1, 0xb3, 0x8, 0xcc, 0x8c, 0x1, 0xf0, 0x30,
    0x3, 0x0, 0xc0, 0x38, 0x3, 0x3, 0xc0, 0xc,
    0xfc, 0x0, 0x31, 0x80, 0x0,

    /* U+7A0B "程" */
    0x1, 0x0, 0x0, 0x7e, 0xff, 0xef, 0xc3, 0x1,
    0x83, 0xc, 0x6, 0xc, 0x30, 0x18, 0x30, 0xc0,
    0x6f, 0xfb, 0x1, 0xbf, 0xef, 0xfe, 0xc, 0x0,
    0x0, 0x70, 0x0, 0x1, 0xe0, 0x1f, 0x8f, 0xdf,
    0xe0, 0x2d, 0x83, 0x1, 0xb6, 0xc, 0xc, 0xc0,
    0x30, 0x33, 0x1f, 0xfe, 0x8c, 0x3, 0x0, 0x30,
    0xc, 0x0, 0xc0, 0x30, 0x3, 0x0, 0xc0, 0xc,
    0xff, 0xfc, 0x33, 0xff, 0xf0,

    /* U+7A7A "空" */
    0x0, 0xc0, 0x0, 0x3, 0x0, 0x0, 0x18, 0x1,
    0xff, 0xff, 0xef, 0xff, 0xff, 0x60, 0x86, 0x1b,
    0xc, 0x30, 0xd8, 0x61, 0x86, 0x6, 0xc, 0x3,
    0xe0, 0x7f, 0x9c, 0x0, 0x0, 0x0, 0x0, 0x0,
    0x0, 0x0, 0x1f, 0xff, 0xe0, 0xff, 0xff, 0x0,
    0xc, 0x0, 0x0, 0x60, 0x0, 0x3, 0x0, 0x0,
    0x18, 0x0, 0x0, 0xc0, 0xf, 0xff, 0xff, 0x7f,
    0xff, 0xf8,

    /* U+7AEF "端" */
    0x30, 0x3, 0x0, 0x61, 0x8c, 0x61, 0x86, 0x31,
    0x82, 0x18, 0xc6, 0xff, 0x63, 0x1b, 0xfd, 0xff,
    0xe0, 0x7, 0xff, 0x90, 0x80, 0x0, 0x42, 0x0,
    0x1, 0x9b, 0xff, 0xf6, 0x60, 0x30, 0x19, 0x80,
    0x80, 0x24, 0x7f, 0xf8, 0x91, 0xff, 0xe2, 0x46,
    0x49, 0x89, 0x19, 0x26, 0xf, 0x64, 0x98, 0xfd,
    0x92, 0x6f, 0xc6, 0x49, 0xb0, 0x19, 0x26, 0x0,
    0x64, 0x98, 0x1, 0x92, 0xe0,

    /* U+7AF9 "竹" */
    0x8, 0x2, 0x0, 0x18, 0xc, 0x0, 0x30, 0x18,
    0x0, 0xc0, 0x30, 0x1, 0x80, 0xc0, 0x7, 0xfd,
    0xff, 0xcf, 0xfb, 0xff, 0x9b, 0xc, 0x30, 0x66,
    0x18, 0x61, 0xcc, 0x60, 0xc3, 0x19, 0x81, 0x80,
    0x30, 0x3, 0x0, 0x60, 0x6, 0x0, 0xc0, 0xc,
    0x1, 0x80, 0x18, 0x3, 0x0, 0x30, 0x6, 0x0,
    0x60, 0xc, 0x0, 0xc0, 0x18, 0x1, 0x80, 0x30,
    0x3, 0x0, 0x60, 0x7e, 0x0, 0xc0, 0x78, 0x0,

    /* U+7B2C "第" */
    0x8, 0x6, 0x0, 0x60, 0x18, 0x3, 0xfe, 0xff,
    0xcd, 0x87, 0x20, 0x63, 0x18, 0xc1, 0x4, 0x1,
    0x80, 0x0, 0x0, 0xf, 0xff, 0xfc, 0x0, 0x30,
    0x30, 0x0, 0xc0, 0xc0, 0x3, 0x3, 0x7, 0xff,
    0xfc, 0x18, 0x30, 0x0, 0xc0, 0xc0, 0x3, 0xff,
    0xff, 0x80, 0x3c, 0x6, 0x1, 0xf0, 0x10, 0xe,
    0xc0, 0xc0, 0x73, 0x3, 0x7, 0xc, 0xc, 0x78,
    0x31, 0xe1, 0x80, 0xc0, 0x0,

    /* U+7BA1 "管" */
    0x18, 0x6, 0x0, 0x40, 0x18, 0x3, 0xfe, 0xff,
    0xd9, 0x86, 0x20, 0xe3, 0x18, 0xc3, 0x4, 0x81,
    0x80, 0x3, 0x0, 0x1f, 0xff, 0xfe, 0x60, 0x0,
    0x19, 0x80, 0x0, 0x66, 0xff, 0xfd, 0x83, 0x0,
    0x30, 0xc, 0x0, 0xc0, 0x3f, 0xff, 0x0, 0xc0,
    0x0, 0x3, 0x0, 0x0, 0xf, 0xff, 0xe0, 0x30,
    0x1, 0x80, 0xc0, 0x6, 0x3, 0x0, 0x18, 0xf,
    0xff, 0xe0, 0x30, 0x1, 0x80,

    /* U+7BC0 "節" */
    0xc, 0x3, 0x0, 0x30, 0xe, 0x0, 0x7f, 0x9f,
    0xf9, 0x90, 0x72, 0x7, 0x70, 0xce, 0x1c, 0x63,
    0xc, 0x10, 0x6, 0x0, 0x1f, 0xf3, 0xfe, 0x30,
    0x66, 0xc, 0x60, 0xcc, 0x18, 0xff, 0x98, 0x31,
    0x83, 0x30, 0x63, 0x6, 0x60, 0xc6, 0xc, 0xc1,
    0x8f, 0xf9, 0x83, 0x18, 0x3, 0x6, 0x31, 0x86,
    0xc, 0x61, 0x8c, 0x18, 0xc3, 0x99, 0xe3, 0xff,
    0x30, 0x7, 0xc3, 0x60, 0x0, 0x0, 0xc0, 0x0,

    /* U+7C21 "簡" */
    0x10, 0x2, 0x0, 0x60, 0x18, 0x3, 0xfe, 0xff,
    0xd9, 0x83, 0x20, 0xc7, 0x18, 0xc0, 0x8, 0x1,
    0x7, 0xfc, 0xff, 0x18, 0x33, 0xc, 0x60, 0xcc,
    0x31, 0xff, 0x3f, 0xc6, 0xc, 0xc3, 0x1f, 0xf3,
    0xfc, 0x60, 0x0, 0x31, 0x8f, 0xf8, 0xc6, 0x30,
    0x23, 0x18, 0xc0, 0x8c, 0x63, 0xfe, 0x31, 0x8c,
    0x8, 0xc6, 0x30, 0x23, 0x18, 0xff, 0x8c, 0x63,
    0x0, 0x31, 0x80, 0x3, 0xc0,

    /* U+7CBE "精" */
    0xc, 0x1, 0x80, 0x18, 0x3, 0x1, 0x32, 0xff,
    0xfb, 0x6c, 0xc, 0x6, 0xd8, 0x18, 0x5, 0xa7,
    0xff, 0x8b, 0xc0, 0x60, 0x6, 0x0, 0xc0, 0xff,
    0xff, 0xfe, 0x18, 0x0, 0x0, 0x30, 0x0, 0x1,
    0x61, 0xff, 0xc3, 0xd3, 0x1, 0x85, 0xb6, 0x3,
    0xb, 0x6f, 0xfe, 0x36, 0x78, 0xc, 0x4c, 0xb0,
    0x19, 0x98, 0x7f, 0xf2, 0x30, 0xc0, 0x60, 0x61,
    0x80, 0xc0, 0xc2, 0x1, 0x81, 0x8c, 0xf, 0x0,

    /* U+7CD5 "糕" */
    0xc, 0x18, 0x18, 0x99, 0x98, 0x61, 0x32, 0x30,
    0xc3, 0x6d, 0xff, 0xf2, 0xdb, 0xff, 0xe5, 0xa0,
    0x30, 0xb, 0xc0, 0x60, 0x6, 0x0, 0xc0, 0x7f,
    0x81, 0x80, 0xff, 0x7f, 0xf8, 0x30, 0x6, 0x1,
    0xf0, 0xc, 0x3, 0xd0, 0x18, 0x5, 0xaf, 0xff,
    0xcb, 0x7f, 0xff, 0xb6, 0xc0, 0x0, 0x4c, 0x34,
    0xc8, 0x98, 0x49, 0x99, 0x31, 0x99, 0x10, 0x63,
    0x33, 0x30, 0xcc, 0x66, 0x61, 0x98, 0xc8, 0xc0,

    /* U+7D04 "約" */
    0x0, 0x0, 0x0, 0x30, 0x60, 0x3, 0x3, 0x0,
    0x18, 0x10, 0x1, 0x91, 0x80, 0x18, 0xcf, 0xfc,
    0xcc, 0xc0, 0x6f, 0xc6, 0x3, 0xe6, 0x60, 0x18,
    0x6c, 0x0, 0xc6, 0x63, 0x6, 0x61, 0x1c, 0x37,
    0xfc, 0x61, 0xff, 0x61, 0x8d, 0x2, 0x6, 0x60,
    0x10, 0x23, 0x24, 0x80, 0x19, 0x24, 0x0, 0xd9,
    0x30, 0x6, 0xc9, 0x80, 0x64, 0x60, 0x3, 0x20,
    0x1, 0xf0,

    /* U+7D1A "級" */
    0x8, 0x0, 0x0, 0x21, 0xff, 0x81, 0x87, 0xfe,
    0x4, 0x6, 0x18, 0x33, 0x18, 0x61, 0x9c, 0x63,
    0x86, 0x61, 0x8c, 0x3f, 0x6, 0x30, 0x9c, 0x1f,
    0xf8, 0x6c, 0x70, 0x63, 0x31, 0xe1, 0x9f, 0xe7,
    0x84, 0xff, 0x9a, 0x32, 0x4, 0x4c, 0xc0, 0x23,
    0x16, 0x12, 0xcc, 0x78, 0x49, 0x30, 0xc1, 0x27,
    0x87, 0x8c, 0x86, 0x37, 0x32, 0x33, 0x8e, 0x80,
    0xcc, 0x1c,

    /* U+7D2B "紫" */
    0x3, 0x6, 0x0, 0x6, 0xc, 0x0, 0xcc, 0x18,
    0x1, 0x9f, 0xbf, 0xe3, 0x30, 0x60, 0x6, 0x60,
    0xc0, 0x8c, 0xfd, 0x81, 0xff, 0xe3, 0xfe, 0x0,
    0x70, 0x0, 0x1, 0x83, 0x0, 0xe, 0x3e, 0x0,
    0x7f, 0xf0, 0x0, 0xc7, 0x8c, 0x0, 0x3c, 0xe,
    0x1, 0xc0, 0xe, 0x1f, 0xff, 0xfe, 0x18, 0x18,
    0xe, 0x4, 0x31, 0x80, 0x1c, 0x63, 0x80, 0xe0,
    0xc1, 0xc3, 0x1, 0x81, 0xcc, 0x1f, 0x0, 0x80,

    /* U+7D93 "經" */
    0x6, 0x0, 0x0, 0x18, 0xff, 0xf8, 0x30, 0x0,
    0x0, 0xcc, 0x66, 0x61, 0x39, 0x98, 0x86, 0x67,
    0x33, 0x1f, 0x8c, 0xcc, 0x3f, 0x39, 0x98, 0xc,
    0x31, 0x10, 0x32, 0x33, 0x30, 0xc4, 0x63, 0x21,
    0x9c, 0x66, 0x27, 0xf8, 0x0, 0xc, 0x17, 0xff,
    0x80, 0xf, 0xff, 0x16, 0x80, 0xc0, 0x6d, 0x81,
    0x80, 0xdb, 0x3, 0x1, 0x92, 0x6, 0x3, 0x20,
    0xc, 0x4, 0x47, 0xff, 0xe8, 0xf, 0xff, 0xc0,

    /* U+7DAD "維" */
    0x4, 0x4, 0x80, 0x30, 0x13, 0x0, 0xc0, 0xcc,
    0x2, 0x3, 0x18, 0x19, 0x9f, 0xfc, 0xcc, 0x7f,
    0xf2, 0x33, 0x8c, 0x1f, 0x9e, 0x30, 0x64, 0x78,
    0xc0, 0x34, 0x7f, 0xf1, 0x99, 0x8c, 0xc, 0x66,
    0x30, 0x7f, 0x98, 0xc1, 0xe3, 0x63, 0x0, 0x1,
    0xff, 0xcb, 0x66, 0x30, 0x64, 0x98, 0xc1, 0x92,
    0x63, 0x6, 0x4d, 0xff, 0xd1, 0x7, 0xff, 0xc0,
    0x18, 0x0, 0x0, 0x60, 0x0,

    /* U+7DCA "緊" */
    0xff, 0xe0, 0x7, 0xff, 0xff, 0xb1, 0x86, 0x1d,
    0xff, 0x10, 0xcc, 0x8, 0xce, 0x60, 0x43, 0x63,
    0xfe, 0x1e, 0x1f, 0xf0, 0x70, 0xc6, 0xf, 0xc7,
    0xff, 0xe3, 0x80, 0x24, 0xe, 0x3, 0x80, 0x0,
    0x71, 0xc0, 0xf, 0xf8, 0x0, 0xf, 0xe, 0x7,
    0xff, 0xf8, 0xff, 0xff, 0xe6, 0x3, 0x1, 0x81,
    0x99, 0xc0, 0x38, 0xc3, 0x87, 0x6, 0x7, 0x40,
    0xf0, 0x0,

    /* U+7DDA "線" */
    0x0, 0x1, 0x0, 0x18, 0x3, 0x0, 0x30, 0x4,
    0x0, 0x41, 0xff, 0xe1, 0x9b, 0x0, 0xc6, 0x66,
    0x1, 0x8c, 0xcf, 0xff, 0x3f, 0x18, 0x6, 0x4c,
    0x30, 0xc, 0x1e, 0x7f, 0xf8, 0x64, 0xff, 0xf1,
    0x88, 0xc, 0x7, 0xf8, 0x18, 0x4c, 0x3f, 0xfb,
    0x80, 0x41, 0x7e, 0x15, 0x86, 0xf0, 0x6d, 0xd,
    0xe0, 0xda, 0x33, 0x61, 0xb6, 0xc6, 0x62, 0x63,
    0xc, 0x64, 0x44, 0x18, 0x68, 0x0, 0xf0, 0x0,

    /* U+7DF4 "練" */
    0x0, 0x1, 0x80, 0x8, 0x3, 0x0, 0x30, 0x6,
    0x0, 0x43, 0xff, 0xf1, 0x98, 0x18, 0x6, 0x60,
    0x30, 0xc, 0xcf, 0xff, 0x3f, 0x10, 0xc6, 0x4c,
    0x29, 0xbc, 0x1a, 0x4b, 0x58, 0x64, 0x96, 0xb1,
    0x8d, 0x2d, 0x67, 0xfb, 0xff, 0xcf, 0xd7, 0xff,
    0x90, 0x20, 0xf0, 0x0, 0x83, 0xf0, 0x2d, 0x7,
    0xb0, 0xdb, 0x1b, 0x31, 0x96, 0x66, 0x72, 0x27,
    0x8c, 0x74, 0x42, 0x18, 0x48, 0x0, 0x30, 0x0,

    /* U+7E3D "總" */
    0x8, 0x6, 0x0, 0x60, 0x18, 0x1, 0x7, 0xff,
    0xc, 0x98, 0x44, 0x26, 0x6d, 0x11, 0x99, 0x99,
    0x4c, 0xc6, 0x7d, 0x3e, 0x1b, 0x64, 0x98, 0x69,
    0x90, 0xd9, 0x8d, 0x46, 0x26, 0x65, 0x18, 0xd8,
    0x4, 0xff, 0x7f, 0xf1, 0x84, 0x0, 0x0, 0x0,
    0x30, 0x12, 0x96, 0x4c, 0x4a, 0x59, 0x91, 0x29,
    0x62, 0x6c, 0xbd, 0x82, 0xb2, 0x26, 0xb, 0x80,
    0x1f, 0xc0,

    /* U+7E6A "繪" */
    0x4, 0x1, 0x0, 0xc, 0x6, 0x0, 0x30, 0x1f,
    0x0, 0x60, 0xe3, 0x81, 0x93, 0x81, 0xc2, 0x3d,
    0xfc, 0xcc, 0xc0, 0x0, 0x3f, 0x1f, 0xfe, 0x7e,
    0x3f, 0xfc, 0x18, 0x52, 0x58, 0x64, 0xa4, 0xb0,
    0xcd, 0xa, 0x63, 0xfb, 0xff, 0xce, 0x17, 0xff,
    0x80, 0x47, 0xfe, 0x16, 0x88, 0xc, 0x6d, 0x90,
    0x18, 0xcb, 0x3f, 0xf1, 0x92, 0x40, 0x62, 0x24,
    0x80, 0xc4, 0x41, 0xff, 0x88, 0x2, 0x3, 0x0,

    /* U+7E73 "繳" */
    0x8, 0x30, 0x40, 0x60, 0xc1, 0x1, 0xf, 0xe4,
    0xc, 0x21, 0x90, 0x36, 0x86, 0xc0, 0x9b, 0xfb,
    0xf6, 0x48, 0x68, 0xbf, 0x21, 0xa2, 0xf8, 0x87,
    0x98, 0x43, 0xfe, 0x63, 0x43, 0x1d, 0x9, 0x8c,
    0x14, 0x5f, 0xfe, 0x53, 0xff, 0xf9, 0xc0, 0x26,
    0x7, 0x1f, 0x9f, 0x98, 0x5a, 0x66, 0x61, 0x29,
    0x19, 0xc4, 0xac, 0x6d, 0x12, 0x31, 0xe6, 0x49,
    0x8f, 0x8e, 0x4, 0xf4, 0x20,

    /* U+7F72 "署" */
    0x3f, 0xff, 0xf8, 0x61, 0x84, 0x30, 0xc3, 0x8,
    0x61, 0xff, 0xff, 0xc3, 0xff, 0xff, 0x80, 0x6,
    0x0, 0x0, 0xc, 0x4, 0xf, 0xff, 0xdc, 0x0,
    0x30, 0x60, 0x0, 0x63, 0x81, 0xff, 0xff, 0xfb,
    0xff, 0xff, 0xf0, 0xf, 0x80, 0x1, 0xff, 0xfe,
    0x1f, 0xc0, 0xc, 0x39, 0x80, 0x18, 0x3, 0xff,
    0xf0, 0x6, 0x0, 0x60, 0xc, 0x0, 0xc0, 0x1f,
    0xff, 0x80, 0x30, 0x3, 0x0,

    /* U+7F8E "美" */
    0x6, 0x1, 0x80, 0x18, 0x6, 0x0, 0x30, 0x30,
    0x1f, 0xff, 0xfe, 0x7f, 0xff, 0xf8, 0x0, 0xc0,
    0x0, 0x3, 0x0, 0x7, 0xff, 0xfc, 0x0, 0x30,
    0x0, 0x0, 0xc0, 0xf, 0xff, 0xff, 0xff, 0xff,
    0xff, 0x0, 0x30, 0x0, 0x1, 0x80, 0x7, 0xff,
    0xff, 0xc0, 0x1a, 0x0, 0x0, 0xde, 0x0, 0x7,
    0x1e, 0x0, 0x78, 0x1e, 0xf, 0x80, 0x1e, 0xf8,
    0x0, 0x1c, 0x0, 0x0, 0x0,

    /* U+7FA9 "義" */
    0x6, 0x1, 0x80, 0xc, 0xc, 0x7, 0xff, 0xff,
    0x9f, 0xff, 0xfe, 0x0, 0x30, 0x0, 0x7f, 0xff,
    0x80, 0x3, 0x0, 0x0, 0xc, 0x0, 0xff, 0xff,
    0xff, 0xff, 0xff, 0xf0, 0x1c, 0xc0, 0x1f, 0xc3,
    0x3c, 0x6, 0xc, 0x30, 0x18, 0x30, 0x4f, 0xff,
    0xff, 0xc1, 0x81, 0x88, 0x6, 0x26, 0x73, 0xff,
    0x8b, 0x8f, 0xe0, 0x38, 0x1, 0x81, 0xe1, 0x6,
    0x1c, 0xcc, 0xf9, 0x81, 0xe0,

    /* U+7FD2 "習" */
    0xff, 0xdf, 0xf9, 0x6, 0x0, 0xdc, 0x33, 0x6,
    0x31, 0x8c, 0x30, 0x8c, 0x21, 0x80, 0x60, 0x4c,
    0x3b, 0x1e, 0x6f, 0x1b, 0xc3, 0xe0, 0xd8, 0x18,
    0x1f, 0x87, 0x80, 0x8, 0x0, 0x3f, 0xff, 0x81,
    0x80, 0xc, 0xc, 0x0, 0x60, 0x60, 0x3, 0x3,
    0xff, 0xf8, 0x18, 0x0, 0xc0, 0xc0, 0x6, 0x6,
    0x0, 0x30, 0x3f, 0xff, 0x81, 0x80, 0xc, 0x0,

    /* U+8001 "老" */
    0x0, 0x60, 0x0, 0x1, 0x80, 0x60, 0x6, 0x3,
    0x87, 0xff, 0xfc, 0x1f, 0xff, 0xe0, 0x7f, 0xff,
    0x0, 0x6, 0x18, 0x0, 0x18, 0xc0, 0x0, 0x6e,
    0x3, 0xff, 0xff, 0xff, 0xff, 0xff, 0xc0, 0x3c,
    0x0, 0x1, 0xc0, 0x0, 0x1e, 0x0, 0x1, 0xf8,
    0x0, 0x3e, 0x7f, 0xfc, 0x61, 0x80, 0x0, 0x6,
    0x0, 0x20, 0x18, 0x0, 0xc0, 0x60, 0x3, 0x1,
    0x80, 0xc, 0x3, 0xff, 0xe0,

    /* U+800C "而" */
    0xff, 0xff, 0xff, 0xff, 0xff, 0xf0, 0x6, 0x0,
    0x0, 0x18, 0x0, 0x0, 0x60, 0x1, 0xff, 0xff,
    0xe7, 0xff, 0xff, 0x98, 0x61, 0x86, 0x61, 0x86,
    0x19, 0x86, 0x18, 0x66, 0x18, 0x61, 0x98, 0x61,
    0x86, 0x61, 0x86, 0x19, 0x86, 0x18, 0x66, 0x18,
    0x61, 0x98, 0x61, 0x86, 0x61, 0x86, 0x19, 0x86,
    0x18, 0x66, 0x18, 0x61, 0x98, 0x61, 0x86, 0x60,
    0x0, 0xf0,

    /* U+8033 "耳" */
    0x7f, 0xff, 0xfd, 0xff, 0xff, 0xf0, 0xc0, 0xc,
    0x3, 0x0, 0x30, 0xc, 0x0, 0xc0, 0x30, 0x3,
    0x0, 0xff, 0xfc, 0x3, 0x0, 0x30, 0xc, 0x0,
    0xc0, 0x30, 0x3, 0x0, 0xc0, 0xc, 0x3, 0xff,
    0xf0, 0xc, 0x0, 0xc0, 0x30, 0x3, 0x0, 0xc0,
    0xc, 0x3, 0x0, 0x30, 0xff, 0xff, 0xff, 0xff,
    0xff, 0xf0, 0x0, 0xc, 0x0, 0x0, 0x30, 0x0,
    0x0, 0xc0,

    /* U+805A "聚" */
    0xff, 0xf8, 0x3, 0xff, 0xe0, 0x3, 0x6, 0xff,
    0x8f, 0xfa, 0xe, 0x30, 0x6e, 0x70, 0xff, 0x8f,
    0x83, 0x6, 0x1e, 0xd, 0xf9, 0xce, 0xfe, 0x6c,
    0x18, 0x1, 0x80, 0x0, 0x0, 0x0, 0x0, 0x1,
    0xf0, 0x3f, 0xf8, 0x0, 0x0, 0x43, 0x0, 0x41,
    0xc, 0x3, 0x4, 0x70, 0x1e, 0x11, 0xe0, 0xcc,
    0x4c, 0xc7, 0x19, 0xe1, 0xd0, 0x5, 0x2, 0x0,
    0x10, 0x0, 0x0, 0x40, 0x0,

    /* U+8089 "肉" */
    0x0, 0x60, 0x0, 0x6, 0x0, 0x0, 0x60, 0xf,
    0xff, 0xff, 0xff, 0xff, 0xfc, 0xc, 0x3, 0xc0,
    0xe0, 0x3c, 0x1f, 0x83, 0xc3, 0x9c, 0x3c, 0x70,
    0x73, 0xde, 0x63, 0x3c, 0x86, 0x13, 0xc0, 0xc0,
    0x3c, 0xe, 0x3, 0xc1, 0xb8, 0x3c, 0x39, 0xc3,
    0xc7, 0xe, 0x3d, 0xc0, 0x3b, 0xc8, 0x0, 0x3c,
    0x0, 0x3, 0xc0, 0x3, 0xfc, 0x0, 0x3e,

    /* U+809D "肝" */
    0x3f, 0xff, 0xfc, 0x7f, 0xff, 0xf8, 0xc3, 0x6,
    0x1, 0x86, 0xc, 0x3, 0xc, 0x18, 0x7, 0xd8,
    0x30, 0xc, 0xf0, 0x60, 0x18, 0xe0, 0xc0, 0x30,
    0xff, 0xfe, 0x61, 0xff, 0xfc, 0xc7, 0x6, 0x1,
    0xbe, 0xc, 0x3, 0xec, 0x18, 0x6, 0x18, 0x30,
    0xc, 0x30, 0x60, 0x18, 0x60, 0xc0, 0x30, 0xc1,
    0x80, 0x41, 0x83, 0x1, 0x83, 0x6, 0x3, 0x6,
    0xc, 0x4, 0x78, 0x18, 0x0,

    /* U+80A1 "股" */
    0x3f, 0x87, 0xf0, 0x63, 0x8, 0x60, 0xc6, 0x10,
    0xc1, 0x8c, 0x21, 0x83, 0x98, 0xc3, 0x7, 0xb3,
    0x86, 0xd, 0xee, 0xf, 0x99, 0xd8, 0x0, 0x31,
    0xa0, 0x0, 0x63, 0x0, 0x0, 0xc6, 0xff, 0xf1,
    0x9c, 0xc0, 0x63, 0xf8, 0xc1, 0xc7, 0x31, 0x87,
    0xc, 0x61, 0x8c, 0x18, 0xc1, 0xb0, 0x61, 0x83,
    0xe0, 0xc3, 0x3, 0x81, 0x86, 0x1d, 0x83, 0xc,
    0xe1, 0xcc, 0x73, 0x0, 0xe0,

    /* U+80C3 "胃" */
    0xff, 0xff, 0xf0, 0x30, 0x1c, 0xc, 0x7, 0xff,
    0xff, 0xc0, 0xc0, 0x70, 0x30, 0x1f, 0xff, 0xff,
    0xff, 0xff, 0x0, 0x0, 0xf, 0xff, 0xe3, 0x0,
    0x18, 0xde, 0x6, 0x31, 0xf1, 0x8c, 0xe, 0x62,
    0x0, 0x38, 0x87, 0xfe, 0x6f, 0xe1, 0x9a, 0x0,
    0x66, 0x0, 0x1b, 0x0, 0x3e,

    /* U+80FD "能" */
    0xc, 0xc, 0x0, 0x30, 0x30, 0x1, 0x98, 0xc0,
    0xc, 0x33, 0xfe, 0x60, 0xcc, 0x1, 0xff, 0xb0,
    0x4, 0x6, 0xc0, 0x0, 0x3, 0x0, 0x0, 0xc,
    0x1, 0xff, 0x1f, 0xe6, 0xc, 0x0, 0x18, 0x33,
    0x0, 0x6c, 0xcc, 0x1, 0x9b, 0x30, 0x6, 0xc,
    0xff, 0x98, 0x73, 0x0, 0x66, 0xcc, 0x1, 0xf3,
    0x30, 0x27, 0x8c, 0xc0, 0x50, 0x33, 0x3, 0xc0,
    0xcc, 0xf, 0x1e, 0x1f, 0xe0,

    /* U+814E "腎" */
    0xff, 0xff, 0xf7, 0xff, 0xff, 0xb3, 0x6, 0x19,
    0xff, 0x98, 0xcf, 0xfc, 0xcc, 0x60, 0x63, 0xe3,
    0xff, 0xe, 0x19, 0x81, 0xf8, 0xff, 0xfc, 0xf7,
    0xff, 0x81, 0xc0, 0x0, 0x0, 0x7f, 0xff, 0x83,
    0x0, 0xc, 0x1b, 0xc0, 0x60, 0xc7, 0xe3, 0x6,
    0x7, 0xd8, 0x30, 0x3, 0xc1, 0x80, 0xfe, 0xd,
    0xff, 0x30, 0x5f, 0x81, 0x86, 0x80, 0xc, 0x30,
    0x7, 0xe0,

    /* U+8166 "腦" */
    0x0, 0x11, 0x11, 0xfc, 0xc4, 0x66, 0x32, 0x33,
    0x18, 0xd9, 0x98, 0x63, 0x46, 0x61, 0x8d, 0x88,
    0x87, 0xb3, 0x33, 0x1b, 0xcc, 0x46, 0x67, 0x19,
    0x8d, 0x8c, 0x8, 0x6, 0x30, 0x60, 0x18, 0xdf,
    0xfe, 0x67, 0x60, 0x19, 0xed, 0xb3, 0x67, 0x36,
    0x69, 0x98, 0xd8, 0xe6, 0x63, 0x63, 0x99, 0xd,
    0xbb, 0x6c, 0x37, 0x85, 0xb0, 0xd8, 0x6, 0xc3,
    0x7f, 0xfa, 0x79, 0x80, 0x60,

    /* U+8178 "腸" */
    0x7f, 0x1f, 0xf9, 0x8c, 0x60, 0x66, 0x31, 0x81,
    0x98, 0xc7, 0xfe, 0x63, 0x18, 0x19, 0xec, 0x60,
    0x66, 0xf1, 0xff, 0x99, 0xc0, 0x0, 0x63, 0x0,
    0x1, 0x8d, 0xff, 0xf6, 0x71, 0x80, 0x1b, 0xc6,
    0x0, 0x7b, 0x3f, 0xf9, 0x8d, 0xd9, 0x26, 0x36,
    0x4c, 0x98, 0xd3, 0x22, 0x43, 0x8, 0x99, 0xc,
    0x66, 0x6c, 0x31, 0x11, 0xb0, 0xc8, 0x86, 0x8e,
    0x6, 0x70,

    /* U+819A "膚" */
    0x0, 0x30, 0x0, 0x1, 0xff, 0x80, 0xc, 0x0,
    0x7f, 0xff, 0xf3, 0xff, 0xff, 0x98, 0x18, 0x18,
    0xdf, 0xfe, 0x6, 0x7, 0xff, 0x30, 0x0, 0x1,
    0x80, 0x0, 0xd, 0xff, 0xfc, 0x6c, 0x18, 0x63,
    0x7f, 0xff, 0x1b, 0xff, 0xf8, 0xc0, 0x0, 0x6,
    0x7f, 0xfc, 0x73, 0x30, 0x63, 0x18, 0xfb, 0x18,
    0xc0, 0xf8, 0xc6, 0xfe, 0xcc, 0x30, 0x6, 0x23,
    0x0, 0xe0,

    /* U+81DF "臟" */
    0x0, 0x38, 0x61, 0xf0, 0xe1, 0x86, 0x5f, 0xdf,
    0xd9, 0xe, 0x18, 0x64, 0x38, 0x79, 0x90, 0x0,
    0x37, 0x40, 0x6, 0x5f, 0x2f, 0xff, 0x6c, 0xa0,
    0x61, 0x92, 0xbf, 0x86, 0x4a, 0xfe, 0xd9, 0x3b,
    0x9a, 0x6c, 0x2f, 0xe9, 0xf0, 0xb3, 0xa7, 0x5e,
    0xcb, 0x99, 0x2b, 0xec, 0x64, 0xaf, 0xb1, 0x92,
    0xb8, 0x84, 0x4a, 0xfe, 0x51, 0x7b, 0xfd, 0xc5,
    0x40, 0x96, 0x71, 0x2, 0x30,

    /* U+81E8 "臨" */
    0x0, 0x18, 0x3, 0xfe, 0x40, 0xf, 0xfb, 0x0,
    0x33, 0xf, 0xfe, 0xcc, 0x60, 0x3, 0x31, 0x7f,
    0xcf, 0xf9, 0xff, 0x3f, 0xe6, 0xc, 0xc1, 0x98,
    0x33, 0x6, 0x60, 0xcc, 0x19, 0xff, 0x30, 0x60,
    0x0, 0xff, 0x80, 0x3, 0xff, 0xff, 0xfc, 0xc6,
    0x78, 0xf3, 0x19, 0xe3, 0xcc, 0x67, 0x8f, 0x31,
    0x9e, 0x3c, 0xc6, 0x78, 0xff, 0xff, 0xff, 0x0,
    0x67, 0x8c, 0x1, 0x9e, 0x30,

    /* U+81EA "自" */
    0x1, 0x80, 0x3, 0x0, 0x3, 0x0, 0xff, 0xff,
    0xc0, 0x3, 0xc0, 0x3, 0xc0, 0x3, 0xc0, 0x3,
    0xc0, 0x3, 0xff, 0xff, 0xc0, 0x3, 0xc0, 0x3,
    0xc0, 0x3, 0xc0, 0x3, 0xff, 0xff, 0xc0, 0x3,
    0xc0, 0x3, 0xc0, 0x3, 0xc0, 0x3, 0xff, 0xff,
    0xc0, 0x3, 0xc0, 0x3,

    /* U+8208 "興" */
    0xc, 0x0, 0x1, 0xff, 0xff, 0xc6, 0x10, 0x63,
    0x18, 0x41, 0x8c, 0x61, 0x76, 0x31, 0xf4, 0x1f,
    0xc7, 0xd0, 0x7f, 0x18, 0x5d, 0x8c, 0x61, 0x56,
    0x31, 0x85, 0x58, 0xc7, 0xd5, 0x7f, 0x18, 0x5d,
    0x8c, 0x61, 0x6, 0x31, 0x84, 0x18, 0xcf, 0xff,
    0xff, 0xff, 0xff, 0xff, 0x0, 0x0, 0x0, 0xc,
    0x1c, 0x0, 0xe0, 0x3c, 0xf, 0x0, 0x3c, 0xf0,
    0x0, 0x39, 0x0, 0x0, 0x40,

    /* U+821E "舞" */
    0x4, 0x0, 0x0, 0x30, 0x0, 0x1, 0xff, 0xff,
    0x8c, 0x0, 0x0, 0x6c, 0xcc, 0x60, 0x33, 0x31,
    0x83, 0xff, 0xff, 0x83, 0x33, 0x18, 0xc, 0xcc,
    0x60, 0x33, 0x31, 0x8f, 0xff, 0xff, 0xff, 0xff,
    0xff, 0x4, 0x0, 0xc0, 0x30, 0x3, 0x1, 0xfd,
    0xff, 0xcc, 0x32, 0x30, 0xf9, 0x98, 0xc1, 0x36,
    0x63, 0x0, 0x31, 0xff, 0xc3, 0x80, 0x30, 0x3c,
    0x0, 0xc1, 0xc0, 0x3, 0x0,

    /* U+822C "般" */
    0x6, 0x0, 0x0, 0x8, 0x1f, 0xe0, 0xff, 0x30,
    0xc1, 0x86, 0x61, 0x83, 0xc, 0xc3, 0x6, 0x99,
    0x86, 0xd, 0xb3, 0xc, 0x19, 0x6c, 0x1e, 0x30,
    0xd0, 0x0, 0x61, 0x80, 0x3, 0xff, 0xff, 0xf7,
    0x86, 0x40, 0x43, 0xc, 0xc1, 0x86, 0x99, 0x83,
    0xd, 0xb1, 0x8c, 0x19, 0x63, 0x18, 0x32, 0xc3,
    0x60, 0xc1, 0x83, 0x81, 0x83, 0x7, 0x3, 0x6,
    0x3b, 0x4, 0xd, 0xe3, 0x98, 0x7b, 0x1, 0x80,

    /* U+82B1 "花" */
    0x3, 0x3, 0x0, 0xc, 0xc, 0xf, 0xff, 0xff,
    0xc0, 0xc0, 0xc0, 0x3, 0x3, 0x0, 0x0, 0x0,
    0x0, 0x31, 0x80, 0x1, 0x86, 0x0, 0xe, 0x18,
    0x0, 0x30, 0x60, 0x1, 0xc1, 0xff, 0xcf, 0x6,
    0x0, 0x7c, 0x18, 0x3, 0xb0, 0x60, 0x4, 0xc1,
    0x80, 0x3, 0x6, 0x0, 0xc, 0x18, 0xc, 0x30,
    0x60, 0x30, 0xc1, 0x80, 0xc3, 0x6, 0x3, 0xc,
    0xf, 0xf8,

    /* U+82D7 "苗" */
    0x6, 0x3, 0x0, 0x18, 0xc, 0xf, 0xfd, 0xff,
    0xc1, 0x80, 0xc0, 0x6, 0x3, 0x0, 0x18, 0xc,
    0x3, 0xff, 0xfe, 0xf, 0xff, 0xf8, 0x30, 0x60,
    0x60, 0xc1, 0x81, 0x83, 0x6, 0x6, 0xc, 0x18,
    0x18, 0x30, 0x60, 0x60, 0xff, 0xff, 0x83, 0x6,
    0x6, 0xc, 0x18, 0x18, 0x30, 0x60, 0x60, 0xc1,
    0x81, 0x83, 0xff, 0xfe, 0xc, 0x0, 0x18, 0x30,
    0x0, 0x60,

    /* U+82F1 "英" */
    0x2, 0x1, 0x80, 0x8, 0x6, 0x7, 0xfd, 0xff,
    0x80, 0x80, 0x60, 0x2, 0x1, 0x80, 0x0, 0xc0,
    0x0, 0x3, 0x0, 0x7, 0xff, 0xf8, 0x18, 0x30,
    0x20, 0x60, 0xc0, 0x81, 0x83, 0x2, 0x6, 0xc,
    0x8, 0xff, 0xff, 0xff, 0xff, 0xff, 0xf0, 0x6,
    0x0, 0x0, 0x1b, 0x80, 0x0, 0xc7, 0x80, 0xe,
    0x7, 0x80, 0xf0, 0x7, 0x3f, 0x0, 0x7, 0x60,
    0x0, 0x8,

    /* U+8336 "茶" */
    0x6, 0x1, 0x80, 0x18, 0x6, 0xf, 0xfc, 0xff,
    0xc1, 0x80, 0x60, 0x6, 0x31, 0x80, 0x1, 0xc0,
    0x0, 0xf, 0xc0, 0x0, 0x73, 0x80, 0x7, 0x3,
    0xc0, 0xf0, 0xc3, 0xcf, 0x3, 0x3, 0xd0, 0xc,
    0x0, 0x1f, 0xff, 0xe0, 0x0, 0xc0, 0x0, 0x63,
    0x10, 0x3, 0x8c, 0xf0, 0x1c, 0x30, 0xe0, 0xe0,
    0xc1, 0xcf, 0x3, 0x3, 0x90, 0xc, 0x4, 0x0,
    0x30, 0x0,

    /* U+83DC "菜" */
    0x3, 0x0, 0xc0, 0x6, 0x1, 0x81, 0xff, 0x9f,
    0xf8, 0x18, 0x6, 0x0, 0x30, 0xc, 0x0, 0x0,
    0x7f, 0xf, 0xff, 0xe0, 0x0, 0x18, 0xc, 0x18,
    0x30, 0x18, 0x38, 0x30, 0x60, 0x30, 0x60, 0xc0,
    0x20, 0xc3, 0x0, 0x41, 0x86, 0x0, 0x3, 0x0,
    0x1f, 0xff, 0xff, 0x80, 0x3f, 0x0, 0x0, 0xdb,
    0x0, 0x7, 0x33, 0x80, 0x3c, 0x63, 0xc1, 0xe0,
    0xc1, 0xe7, 0x1, 0x80, 0xe0, 0x3, 0x0, 0x0,

    /* U+83EF "華" */
    0x3, 0x3, 0x0, 0xc, 0xc, 0xf, 0xff, 0xff,
    0xc0, 0xc0, 0xc0, 0x3, 0x3, 0x1, 0xff, 0xff,
    0xe7, 0xff, 0xff, 0x80, 0xc, 0x0, 0xc, 0x30,
    0xc0, 0x30, 0xc3, 0x7, 0xfb, 0x7f, 0x83, 0xc,
    0x30, 0xc, 0x30, 0xc0, 0x0, 0xc0, 0xf, 0xff,
    0xff, 0xc0, 0xc, 0x0, 0x0, 0x30, 0x1, 0xff,
    0xff, 0xe0, 0x3, 0x0, 0x0, 0xc, 0x0, 0x0,
    0x30, 0x0, 0x0, 0xc0, 0x0,

    /* U+842C "萬" */
    0x6, 0x3, 0x3, 0xff, 0x7f, 0xf0, 0x60, 0x30,
    0x7, 0xff, 0xf8, 0x1f, 0xff, 0xe0, 0x41, 0x81,
    0x81, 0x6, 0x6, 0x7, 0xff, 0xf8, 0x10, 0x60,
    0x60, 0x41, 0x81, 0x81, 0xff, 0xfe, 0x0, 0x18,
    0x0, 0x60, 0x60, 0x3, 0xff, 0xff, 0xe6, 0x6,
    0x21, 0x98, 0x18, 0xc6, 0x6f, 0xff, 0x19, 0xbf,
    0xfe, 0x66, 0x0, 0x9, 0x98, 0x0, 0x6, 0x60,
    0x0, 0xf0,

    /* U+8457 "著" */
    0x6, 0x1, 0x80, 0x18, 0x6, 0xf, 0xfd, 0xff,
    0xc1, 0x80, 0x60, 0x6, 0xc1, 0x80, 0x3, 0x0,
    0x43, 0xff, 0xf3, 0x80, 0x30, 0x18, 0x0, 0xc1,
    0xc0, 0x3, 0x1c, 0xf, 0xff, 0xff, 0xff, 0xff,
    0xff, 0x7, 0xc0, 0x1, 0xff, 0xff, 0x8e, 0x60,
    0x2, 0x1, 0x80, 0x8, 0x6, 0x0, 0x20, 0x1f,
    0xff, 0x80, 0x60, 0x2, 0x1, 0x80, 0x8, 0x7,
    0xff, 0xe0, 0x18, 0x0, 0x80,

    /* U+8463 "董" */
    0x2, 0x1, 0x80, 0x8, 0x6, 0xf, 0xfd, 0xff,
    0xc0, 0x80, 0x60, 0x3f, 0xff, 0xe0, 0xff, 0xfe,
    0x0, 0x3, 0x0, 0x3f, 0xff, 0xff, 0x0, 0x30,
    0x0, 0x0, 0xc0, 0x1, 0xff, 0xfe, 0x6, 0xc,
    0x8, 0x1f, 0xff, 0xe0, 0x60, 0xc0, 0x81, 0x83,
    0x2, 0x7, 0xff, 0xf8, 0x0, 0x30, 0x0, 0xff,
    0xff, 0xc0, 0x3, 0x0, 0x0, 0xc, 0x0, 0xff,
    0xff, 0xfc,

    /* U+84EE "蓮" */
    0x2, 0x1, 0x80, 0x8, 0x6, 0xf, 0xfd, 0xff,
    0xc0, 0x80, 0x60, 0x2, 0x0, 0x0, 0xe0, 0x18,
    0x1, 0xdf, 0xff, 0x80, 0x1, 0x80, 0x7e, 0xff,
    0xf8, 0x33, 0x18, 0x60, 0xcc, 0x61, 0x86, 0x3f,
    0xfe, 0x30, 0xc6, 0x19, 0xf3, 0x18, 0x67, 0xcf,
    0xff, 0x81, 0x1, 0x80, 0xf, 0xff, 0xfc, 0x30,
    0x18, 0x1, 0xc0, 0x60, 0xc, 0x80, 0x0, 0x61,
    0x80, 0x3, 0x1, 0xff, 0xf0,

    /* U+852C "蔬" */
    0x3, 0x1, 0x80, 0xc, 0x6, 0xf, 0xff, 0xff,
    0xc0, 0xc0, 0x60, 0x3, 0x1, 0x80, 0x0, 0xe,
    0x7, 0xf8, 0x30, 0x0, 0x7f, 0xff, 0x3, 0xc,
    0x20, 0x18, 0x30, 0xc2, 0x61, 0x83, 0x89, 0x8f,
    0xff, 0x27, 0xe0, 0xc, 0x9f, 0x0, 0x22, 0x61,
    0x33, 0x9, 0x84, 0xcc, 0x26, 0x13, 0x30, 0x9b,
    0x4c, 0xc2, 0xfb, 0x33, 0x3f, 0xc, 0xcc, 0xc0,
    0x63, 0x30, 0x1, 0x80, 0xf0,

    /* U+85DD "藝" */
    0x3, 0x3, 0x0, 0xc, 0xc, 0xf, 0xfe, 0xff,
    0xc0, 0xc0, 0xc0, 0x6, 0x3, 0x0, 0xff, 0xc,
    0x0, 0x60, 0xfe, 0x1f, 0xf8, 0xc8, 0x11, 0xb,
    0x21, 0xc7, 0xb8, 0x84, 0x60, 0x72, 0xf, 0xf1,
    0xea, 0x6, 0xc, 0x29, 0xff, 0xe0, 0xe0, 0x1,
    0x0, 0x7, 0xff, 0xf8, 0x0, 0x0, 0x3, 0xff,
    0xff, 0xe0, 0x30, 0x38, 0x3, 0x80, 0x30, 0x3f,
    0xff, 0xf0, 0x80, 0x0, 0x40,

    /* U+85E5 "藥" */
    0x6, 0x1, 0x83, 0xff, 0x7f, 0xf0, 0x60, 0x18,
    0x0, 0xc, 0x0, 0x10, 0x30, 0x60, 0xc7, 0xf9,
    0x2, 0x78, 0x6d, 0x93, 0x61, 0xe4, 0xf9, 0xff,
    0xf0, 0x56, 0x19, 0xe3, 0x58, 0x6c, 0x9f, 0xff,
    0xfe, 0x73, 0xff, 0xc, 0x0, 0xc0, 0xf, 0xff,
    0xff, 0xc0, 0xc, 0x80, 0x3, 0xb3, 0x80, 0x38,
    0xc3, 0x87, 0xc3, 0x3, 0xbc, 0xc, 0x2, 0x0,
    0x30, 0x0,

    /* U+8606 "蘆" */
    0x3, 0x3, 0x3, 0xff, 0xbf, 0xf0, 0x30, 0x30,
    0x0, 0xc, 0x0, 0x0, 0x3f, 0xf0, 0x0, 0xc0,
    0x3, 0xff, 0xff, 0x8f, 0xff, 0xfe, 0x37, 0xff,
    0x98, 0xdf, 0x80, 0x3, 0x3, 0xfe, 0xc, 0x0,
    0x0, 0x33, 0xff, 0xe0, 0xcc, 0x21, 0x83, 0x3f,
    0xfe, 0xc, 0xff, 0xf8, 0x30, 0x0, 0x1, 0x9f,
    0xff, 0xc6, 0x62, 0x23, 0x19, 0x88, 0x8c, 0xdf,
    0xff, 0xff, 0x7f, 0xff, 0xf0,

    /* U+862D "蘭" */
    0x6, 0x1, 0x83, 0xff, 0x7f, 0xf0, 0x60, 0x18,
    0x0, 0x0, 0x0, 0x7f, 0x8f, 0xf1, 0x86, 0x30,
    0xc6, 0x18, 0xc3, 0x1f, 0xe3, 0xfc, 0x61, 0x8c,
    0x31, 0xfe, 0x3f, 0xc6, 0x2, 0x3, 0x19, 0xff,
    0xcc, 0x60, 0x20, 0x31, 0x9f, 0xfc, 0xc6, 0x7f,
    0xf3, 0x19, 0xaa, 0x4c, 0x67, 0xff, 0x31, 0x81,
    0xe0, 0xc6, 0x1a, 0xe3, 0x18, 0xc8, 0xcc, 0x6e,
    0x21, 0x31, 0x80, 0x81, 0xc0,

    /* U+865F "號" */
    0x0, 0x1, 0x1, 0xfc, 0x4, 0x7, 0xf0, 0x1f,
    0x98, 0x40, 0x40, 0x61, 0x1, 0x1, 0x84, 0xff,
    0xf7, 0xf3, 0x10, 0xc0, 0xc, 0x43, 0x0, 0x3f,
    0xeb, 0xfe, 0xfe, 0xf, 0xfb, 0x10, 0x8, 0xc,
    0x7c, 0x20, 0x30, 0x1, 0xfc, 0xd9, 0x80, 0x33,
    0x66, 0x0, 0xcd, 0x98, 0x2, 0x36, 0x60, 0x9,
    0x99, 0x90, 0x26, 0xc6, 0x40, 0xbb, 0x19, 0x6,
    0xdc, 0x7c, 0xf3, 0x60, 0x0,

    /* U+86CB "蛋" */
    0x3f, 0xff, 0xfc, 0x7f, 0xff, 0xf0, 0x0, 0xc0,
    0x60, 0x31, 0x80, 0x80, 0xe3, 0xfd, 0x1, 0xe6,
    0x0, 0x6, 0x7c, 0x0, 0x3c, 0x3f, 0xfe, 0xf0,
    0x0, 0x1, 0xc0, 0x60, 0x0, 0x0, 0xc0, 0x0,
    0xff, 0xff, 0x81, 0x83, 0x3, 0x3, 0x6, 0x6,
    0x6, 0xc, 0xc, 0xf, 0xff, 0xf8, 0x0, 0x30,
    0x80, 0x0, 0x61, 0xc1, 0xff, 0xff, 0xc3, 0xff,
    0xff, 0xe0, 0x0, 0x0, 0x40,

    /* U+884C "行" */
    0x7, 0x0, 0x0, 0x1c, 0x7f, 0xf8, 0x70, 0x0,
    0x1, 0xc0, 0x0, 0xe, 0x10, 0x0, 0x8, 0x70,
    0x0, 0x0, 0xc0, 0x0, 0x3, 0x3f, 0xff, 0xc,
    0x7f, 0xfe, 0x38, 0x0, 0xc0, 0xf0, 0x1, 0x87,
    0x60, 0x3, 0x4, 0xc0, 0x6, 0x1, 0x80, 0xc,
    0x3, 0x0, 0x18, 0x6, 0x0, 0x30, 0xc, 0x0,
    0x60, 0x18, 0x0, 0xc0, 0x30, 0x1, 0x80, 0x60,
    0x3, 0x0, 0xc0, 0x7c, 0x0,

    /* U+8853 "術" */
    0xc, 0x30, 0x0, 0x30, 0x64, 0x0, 0xe0, 0xc9,
    0xfb, 0x81, 0x88, 0xe, 0x3, 0x10, 0x9, 0xff,
    0xe0, 0x3, 0xff, 0xc0, 0xc, 0x18, 0x7f, 0x18,
    0x30, 0xfe, 0x71, 0x64, 0x31, 0xe2, 0xc8, 0x67,
    0xc5, 0x90, 0xcd, 0x8b, 0x21, 0x83, 0x16, 0x43,
    0x6, 0x2c, 0x86, 0xc, 0x99, 0xc, 0x19, 0x32,
    0x18, 0x36, 0x67, 0x30, 0x68, 0xc0, 0x60, 0xc1,
    0x80, 0xc1, 0x83, 0xf, 0x83, 0x6, 0x1e, 0x0,

    /* U+8857 "街" */
    0xc, 0x30, 0x0, 0x60, 0xc3, 0xf3, 0x83, 0xf,
    0xdc, 0x7f, 0x80, 0xe4, 0x30, 0x0, 0x10, 0xc0,
    0x0, 0xc3, 0x0, 0x6, 0xff, 0xff, 0x1b, 0xff,
    0xfc, 0xe0, 0x0, 0xc7, 0x83, 0x3, 0x3e, 0xc,
    0xc, 0xd8, 0x30, 0x30, 0x6f, 0xfc, 0xc1, 0x83,
    0x3, 0x6, 0xc, 0xc, 0x18, 0x30, 0x30, 0x60,
    0xc0, 0xc1, 0x83, 0xf3, 0x6, 0xff, 0xcc, 0x1b,
    0xc0, 0x30, 0x60, 0x7, 0xc0,

    /* U+8863 "衣" */
    0x0, 0x30, 0x0, 0x0, 0x60, 0x0, 0x0, 0x60,
    0x0, 0x0, 0xc0, 0x7, 0xff, 0xff, 0xcf, 0xff,
    0xff, 0x80, 0x1e, 0x0, 0x0, 0x74, 0x0, 0x1,
    0xcc, 0x8, 0x7, 0x18, 0x30, 0x1c, 0x30, 0xc0,
    0x78, 0x33, 0x3, 0xb0, 0x7c, 0x1e, 0x60, 0x70,
    0x10, 0xc0, 0xc0, 0x1, 0x80, 0xc0, 0x3, 0x1,
    0xc0, 0x6, 0x1, 0xc0, 0xc, 0x71, 0xc0, 0x1f,
    0xc1, 0xc0, 0x7c, 0x1, 0xc0, 0xc0, 0x0, 0x80,

    /* U+8868 "表" */
    0x0, 0x30, 0x0, 0x0, 0xc0, 0x7, 0xff, 0xff,
    0x80, 0xc, 0x0, 0x0, 0x30, 0x0, 0x0, 0xc0,
    0x1, 0xff, 0xff, 0x0, 0xc, 0x0, 0x0, 0x30,
    0x1, 0xff, 0xff, 0xf0, 0xf, 0x80, 0x0, 0x76,
    0x4, 0x3, 0xc, 0x38, 0x38, 0x31, 0x83, 0xe0,
    0x7c, 0x3d, 0x80, 0xc0, 0x6, 0x1, 0x80, 0x18,
    0x63, 0x80, 0x6f, 0x87, 0x83, 0xf0, 0xf, 0x6,
    0x0, 0x0,

    /* U+88AB "被" */
    0x30, 0x3, 0x0, 0x30, 0x6, 0x0, 0x60, 0xc,
    0x0, 0x43, 0xff, 0xef, 0xf7, 0xff, 0xc0, 0x4c,
    0x61, 0x81, 0x98, 0xc6, 0x2, 0x31, 0x8c, 0xd,
    0x63, 0x0, 0x32, 0xff, 0xf0, 0x6d, 0xff, 0xe1,
    0xf3, 0x41, 0xc7, 0xe6, 0xc3, 0x1b, 0x6d, 0x8e,
    0x26, 0x59, 0x98, 0xc, 0x73, 0xf0, 0x18, 0xc3,
    0xc0, 0x31, 0x87, 0x0, 0x63, 0x1f, 0x80, 0xcc,
    0xf3, 0xc1, 0x9f, 0x83, 0xe3, 0x24, 0x1, 0x80,

    /* U+88DC "補" */
    0x30, 0x3, 0x60, 0x60, 0xc, 0xe0, 0xc0, 0x31,
    0x82, 0x3f, 0xff, 0xfe, 0x3, 0x0, 0x18, 0xc,
    0x0, 0x60, 0x30, 0x1, 0x0, 0xc0, 0xc, 0xff,
    0xf8, 0x67, 0xc, 0x61, 0xbc, 0x31, 0x8f, 0xb0,
    0xc6, 0x7c, 0xff, 0xf9, 0xfb, 0xc, 0x6d, 0xbc,
    0x31, 0xa6, 0x30, 0xc6, 0x18, 0xff, 0xf8, 0x63,
    0xc, 0x61, 0x8c, 0x31, 0x86, 0x30, 0xc6, 0x18,
    0xc3, 0x18, 0x63, 0xd, 0xe0,

    /* U+88FD "製" */
    0x26, 0x0, 0x1, 0xff, 0x99, 0x9f, 0xfc, 0xcd,
    0x8c, 0x6, 0x6f, 0xff, 0x33, 0x7f, 0xf9, 0x98,
    0x18, 0xc, 0xcf, 0xfe, 0x66, 0x66, 0x33, 0x33,
    0x31, 0x81, 0x99, 0x8c, 0xc, 0xc, 0xe1, 0xc0,
    0x3, 0x0, 0x7f, 0xff, 0xfc, 0x3, 0xe0, 0x80,
    0x71, 0xc, 0x3e, 0xd, 0xc7, 0xb0, 0x38, 0x1,
    0x84, 0xe0, 0xf, 0xe1, 0xe0, 0xf0, 0x3, 0x80,
    0x0, 0x0,

    /* U+8907 "複" */
    0x30, 0x10, 0x0, 0x60, 0xc0, 0x0, 0xc7, 0xff,
    0xbf, 0xd8, 0x0, 0x2, 0xff, 0xf0, 0x1b, 0x80,
    0xc0, 0x46, 0x3, 0x3, 0x1f, 0xfc, 0x19, 0x60,
    0x30, 0xed, 0x80, 0xc3, 0xe7, 0xff, 0x1f, 0x83,
    0x0, 0xdb, 0x58, 0x2, 0x65, 0xff, 0xc1, 0x87,
    0x7, 0x6, 0x3e, 0x18, 0x18, 0x9d, 0xc0, 0x60,
    0x3e, 0x1, 0x81, 0xfc, 0x6, 0x3e, 0x3f, 0x18,
    0xc0, 0x38,

    /* U+8981 "要" */
    0xff, 0xff, 0xf7, 0xff, 0xff, 0x80, 0xc3, 0x0,
    0x6, 0x18, 0x0, 0x30, 0xc0, 0x3f, 0xff, 0xf1,
    0x8c, 0x30, 0x8c, 0x61, 0x84, 0x63, 0xc, 0x23,
    0xff, 0xff, 0x1f, 0xff, 0xf8, 0x2, 0x0, 0x0,
    0x30, 0x0, 0x1, 0x80, 0xc3, 0xff, 0xff, 0xe1,
    0x80, 0x60, 0x1c, 0x6, 0x0, 0xfc, 0xe0, 0x0,
    0xfe, 0x0, 0x7, 0xff, 0xf, 0xf0, 0x1f, 0x70,
    0x0, 0x10,

    /* U+89BD "覽" */
    0x0, 0x6, 0x0, 0xff, 0xdf, 0xf9, 0x88, 0x30,
    0x3, 0xfe, 0xff, 0xc6, 0xc, 0x0, 0xf, 0xf9,
    0xff, 0x9f, 0xf3, 0xff, 0x31, 0x4, 0x92, 0x7f,
    0xef, 0xfc, 0x0, 0x0, 0x0, 0x3f, 0xff, 0x80,
    0x60, 0x3, 0x0, 0xff, 0xfe, 0x1, 0x80, 0xc,
    0x3, 0x0, 0x18, 0x7, 0xff, 0xf0, 0xc, 0x0,
    0x60, 0x1f, 0xff, 0xc0, 0x4, 0x30, 0x10, 0x18,
    0x60, 0x20, 0xe0, 0xc0, 0x5f, 0x0, 0xff, 0x80,

    /* U+89C0 "觀" */
    0x9, 0x80, 0x0, 0x26, 0x3f, 0xef, 0x9f, 0xff,
    0x82, 0x63, 0x2, 0x0, 0xc, 0x9, 0xe7, 0xbf,
    0xe4, 0x92, 0xc0, 0x92, 0x4b, 0x2, 0x79, 0xec,
    0x8, 0x4c, 0x3f, 0xe3, 0xfe, 0xc0, 0x8f, 0xfb,
    0x2, 0x71, 0xf, 0xf9, 0xc4, 0x3f, 0xef, 0xfe,
    0x12, 0xc, 0x40, 0xc8, 0x31, 0x3, 0x20, 0xff,
    0x8c, 0x83, 0x10, 0x62, 0x4f, 0xf9, 0x89, 0x3f,
    0xec, 0x24, 0xc0, 0x60, 0xe0,

    /* U+8A08 "計" */
    0x18, 0x1, 0x80, 0x30, 0x6, 0x0, 0x40, 0x18,
    0x1, 0x0, 0x60, 0xff, 0xc1, 0x80, 0x0, 0x6,
    0x0, 0x0, 0x18, 0x1f, 0xe0, 0x60, 0x0, 0x3f,
    0xfc, 0x0, 0xff, 0xf7, 0xf8, 0x18, 0x0, 0x0,
    0x60, 0x0, 0x1, 0x80, 0x0, 0x6, 0x3, 0xf8,
    0x18, 0x8, 0x20, 0x60, 0x20, 0x81, 0x80, 0x82,
    0x6, 0x2, 0x8, 0x18, 0xf, 0xe0, 0x60, 0x20,
    0x1, 0x80, 0x80, 0x6, 0x0,

    /* U+8A0E "討" */
    0x18, 0x0, 0x60, 0x60, 0x1, 0x80, 0xc0, 0x6,
    0x2, 0x0, 0x18, 0xff, 0x80, 0x60, 0x1, 0xff,
    0xf0, 0x7, 0xff, 0xdf, 0xc0, 0x18, 0x0, 0x0,
    0x60, 0x0, 0x41, 0x87, 0xf1, 0x86, 0x0, 0x6,
    0x18, 0x0, 0xc, 0x60, 0x0, 0x31, 0x87, 0xf0,
    0x66, 0x18, 0x41, 0x18, 0x61, 0x0, 0x61, 0x84,
    0x1, 0x86, 0x10, 0x6, 0x1f, 0xc0, 0x18, 0x60,
    0x7, 0xe1, 0x80, 0x1f, 0x0,

    /* U+8A13 "訓" */
    0x0, 0x0, 0x0, 0x60, 0x60, 0x30, 0xc1, 0x98,
    0xc2, 0x6, 0x63, 0xff, 0x99, 0x8c, 0x0, 0x66,
    0x30, 0x1, 0x98, 0xdf, 0xc6, 0x63, 0x0, 0x19,
    0x8c, 0x0, 0x66, 0x37, 0xf1, 0x98, 0xc0, 0x6,
    0x63, 0x0, 0x19, 0x8c, 0x0, 0x66, 0x37, 0xf1,
    0x98, 0xd8, 0x46, 0x63, 0x61, 0x31, 0x8d, 0x84,
    0xc6, 0x36, 0x13, 0x18, 0xdf, 0xd8, 0x3, 0x60,
    0x60, 0xd, 0x81, 0x0, 0x30,

    /* U+8A2A "訪" */
    0x10, 0x3, 0x0, 0x60, 0xc, 0x0, 0xc0, 0x30,
    0x2, 0x0, 0x60, 0xff, 0xff, 0xff, 0xff, 0xff,
    0xf0, 0x0, 0xc0, 0x1f, 0xc3, 0x0, 0x0, 0xc,
    0x0, 0x0, 0x3f, 0xe7, 0xf0, 0xff, 0x80, 0x3,
    0x6, 0x0, 0xc, 0x18, 0x0, 0x20, 0x67, 0xf1,
    0x81, 0x98, 0xc6, 0x6, 0x63, 0x18, 0x19, 0x8c,
    0xc0, 0x66, 0x33, 0x1, 0x9f, 0xd8, 0xe, 0x60,
    0xe0, 0x31, 0x81, 0xf, 0x80,

    /* U+8A2D "設" */
    0x10, 0x0, 0x0, 0x60, 0x3f, 0x80, 0xc0, 0x86,
    0x2, 0x2, 0x18, 0xff, 0x88, 0x60, 0x0, 0x61,
    0x80, 0x3, 0x6, 0x1f, 0xdc, 0x1f, 0x0, 0x60,
    0x0, 0x1, 0x0, 0x0, 0x0, 0x0, 0x1f, 0xdf,
    0xfe, 0x0, 0x30, 0x30, 0x0, 0xc0, 0xc7, 0xf1,
    0x86, 0x18, 0x43, 0x38, 0x61, 0xf, 0xc1, 0x84,
    0x1e, 0x6, 0x10, 0xfc, 0x1f, 0xcf, 0xfe, 0x60,
    0xf8, 0x7d, 0x81, 0x80, 0x60,

    /* U+8A3A "診" */
    0x30, 0x3, 0x0, 0x60, 0xc, 0x0, 0x80, 0x70,
    0x2, 0x3, 0x60, 0xff, 0x18, 0xc0, 0x0, 0xc1,
    0xc0, 0x6, 0x3, 0x9f, 0xb0, 0xc2, 0x0, 0x6,
    0x0, 0x0, 0x70, 0x7, 0xe7, 0x8c, 0x0, 0x8,
    0x60, 0x0, 0x3, 0x80, 0x0, 0x1c, 0x7, 0xe0,
    0xc3, 0x10, 0x8e, 0xc, 0x42, 0x10, 0xe1, 0x8,
    0x7, 0x4, 0x20, 0x78, 0x1f, 0x87, 0xc0, 0x40,
    0x7c, 0x1, 0x1, 0xc0, 0x0,

    /* U+8A66 "試" */
    0x30, 0x1, 0x80, 0x60, 0x6, 0xc1, 0x80, 0x19,
    0x82, 0x0, 0x62, 0xff, 0xff, 0xfc, 0x3, 0xff,
    0xf0, 0x0, 0x18, 0x1f, 0xc0, 0x60, 0x0, 0x1,
    0x80, 0x3, 0xfe, 0x7, 0xff, 0xf8, 0x0, 0x6,
    0x60, 0x0, 0x19, 0xc0, 0x0, 0x63, 0x7, 0xf1,
    0x8c, 0x18, 0xc6, 0x30, 0x63, 0x18, 0xc1, 0x8c,
    0x7b, 0x96, 0x3f, 0xc6, 0x5f, 0xf0, 0x19, 0x60,
    0x0, 0x7d, 0x80, 0x0, 0xe0,

    /* U+8A71 "話" */
    0x18, 0x0, 0x70, 0x18, 0x1f, 0xe0, 0x30, 0xe6,
    0x7, 0xfc, 0xc, 0x0, 0x0, 0x18, 0x0, 0x0,
    0x30, 0x0, 0x0, 0x60, 0x3f, 0x9f, 0xff, 0x0,
    0x1, 0x80, 0xfe, 0x3, 0x0, 0x0, 0x6, 0x0,
    0x0, 0xc, 0x0, 0x3, 0xff, 0x8f, 0xe7, 0xff,
    0x18, 0x4c, 0x6, 0x30, 0x98, 0xc, 0x61, 0x30,
    0x18, 0xc2, 0x60, 0x31, 0x84, 0xc0, 0x63, 0xf9,
    0xff, 0xc6, 0x3, 0x1, 0x80,

    /* U+8A8D "認" */
    0x0, 0x0, 0x0, 0x60, 0xff, 0xe1, 0x83, 0xff,
    0x83, 0x0, 0x46, 0x8, 0x11, 0x1b, 0xfe, 0x64,
    0x60, 0x0, 0xf1, 0x80, 0x1, 0xc6, 0x7f, 0x2,
    0x18, 0x0, 0x18, 0x60, 0x0, 0xc1, 0x80, 0x7,
    0x3c, 0x7f, 0x78, 0xe0, 0x0, 0x8c, 0x0, 0x0,
    0x10, 0x1f, 0xcb, 0x24, 0x41, 0x2c, 0x99, 0x5,
    0xb0, 0x34, 0x16, 0xc2, 0xd0, 0x53, 0x8, 0x7f,
    0x4c, 0x21, 0x0, 0x30, 0x84, 0x0, 0xfc, 0x0,

    /* U+8A9E "語" */
    0x18, 0x0, 0x0, 0x61, 0xff, 0xf0, 0xc0, 0x60,
    0x2, 0x1, 0x80, 0xff, 0x86, 0x0, 0x0, 0xff,
    0xc0, 0x0, 0x43, 0x1f, 0xc1, 0xc, 0x0, 0xc,
    0x30, 0x0, 0x30, 0xc7, 0xf7, 0xff, 0xc0, 0x0,
    0x0, 0x0, 0x0, 0x0, 0x0, 0x0, 0x7, 0xf3,
    0xff, 0x98, 0x4c, 0x6, 0x61, 0x30, 0x19, 0x84,
    0xc0, 0x66, 0x13, 0x1, 0x98, 0x4c, 0x6, 0x7f,
    0x3f, 0xf9, 0x80, 0xc0, 0x60,

    /* U+8AA4 "誤" */
    0x0, 0x0, 0x0, 0x60, 0x1f, 0xc0, 0x83, 0x43,
    0x2, 0xd, 0xc, 0xff, 0xb4, 0x30, 0x0, 0xd0,
    0xc0, 0x3, 0x7f, 0x1f, 0xcc, 0x0, 0x0, 0x30,
    0x0, 0x0, 0xff, 0xe0, 0x3, 0xff, 0x9f, 0xc0,
    0xc6, 0x0, 0x3, 0x18, 0x0, 0xc, 0x67, 0xff,
    0xff, 0xd0, 0xff, 0xff, 0x43, 0x7, 0x1, 0xc,
    0x1f, 0x4, 0x31, 0xef, 0x1f, 0xcf, 0xe, 0x40,
    0xf8, 0x1d, 0x1, 0x80, 0x30,

    /* U+8AAA "說" */
    0x30, 0x8, 0x80, 0x60, 0x73, 0x1, 0x81, 0x86,
    0x2, 0xc, 0xc, 0xff, 0x60, 0x18, 0x3, 0x80,
    0x70, 0xf, 0xfe, 0xdf, 0x8f, 0xf8, 0x0, 0x30,
    0x20, 0x0, 0xc0, 0x87, 0xe3, 0x2, 0x0, 0xc,
    0x8, 0x0, 0x3f, 0xe0, 0x0, 0xff, 0x87, 0xe0,
    0xcc, 0x10, 0x83, 0x30, 0x42, 0xc, 0xc1, 0x8,
    0x63, 0x24, 0x21, 0x8c, 0xdf, 0x9c, 0x33, 0x40,
    0xf0, 0xcd, 0x3, 0x3, 0xe0,

    /* U+8AB2 "課" */
    0x10, 0x0, 0x0, 0x60, 0xff, 0xe1, 0x83, 0xff,
    0x83, 0x8, 0xc6, 0x8, 0x23, 0x1b, 0xfe, 0x8c,
    0x60, 0x3, 0xff, 0x80, 0x8, 0xc6, 0x7f, 0x23,
    0x18, 0x0, 0xff, 0xe0, 0x3, 0xff, 0x9f, 0xc0,
    0xc0, 0x0, 0x3, 0x0, 0x3, 0xff, 0xf0, 0xf,
    0xff, 0xdf, 0xc1, 0xe0, 0x43, 0xf, 0xc1, 0xc,
    0x7d, 0x84, 0x33, 0xb3, 0x10, 0xdc, 0xc6, 0x7f,
    0xe3, 0xd, 0x1, 0xc, 0x4, 0x0, 0x30, 0x0,

    /* U+8ACB "請" */
    0x10, 0x3, 0x0, 0x60, 0xc, 0x0, 0x87, 0xff,
    0xc0, 0x0, 0xc0, 0xff, 0x3, 0x3, 0xfd, 0xff,
    0xe0, 0x0, 0x30, 0x1f, 0xbf, 0xff, 0x0, 0xff,
    0xfc, 0x0, 0x0, 0x0, 0x0, 0x0, 0x1f, 0x8f,
    0xfe, 0x0, 0x30, 0x18, 0x0, 0xc0, 0x67, 0xe3,
    0xff, 0x90, 0x8c, 0x6, 0x42, 0x30, 0x19, 0x8,
    0xff, 0xe4, 0x23, 0x1, 0x9f, 0x98, 0x6, 0x40,
    0x60, 0x19, 0x1, 0x3, 0xe0,

    /* U+8AD6 "論" */
    0x30, 0x3, 0x0, 0xc0, 0x1c, 0x1, 0x80, 0x70,
    0x0, 0x3, 0x60, 0xfe, 0x38, 0xc0, 0x1, 0xc1,
    0xc0, 0x1f, 0xff, 0xdf, 0x6f, 0xfa, 0x0, 0x0,
    0x0, 0x0, 0x0, 0x7, 0xcf, 0xff, 0x80, 0x32,
    0x26, 0x0, 0xc8, 0x99, 0xfb, 0x22, 0x67, 0xec,
    0x89, 0x91, 0xbf, 0xfe, 0x46, 0xc8, 0x99, 0x1b,
    0x22, 0x64, 0x6c, 0x89, 0x9f, 0xb2, 0x26, 0x40,
    0xc8, 0x99, 0x3, 0x0, 0xc0,

    /* U+8B1B "講" */
    0x30, 0x18, 0x60, 0x60, 0x61, 0x80, 0xc7, 0xff,
    0x82, 0x6, 0x18, 0xff, 0x18, 0x63, 0xfd, 0xff,
    0xe0, 0x1, 0x86, 0x1f, 0xbf, 0xff, 0x0, 0xff,
    0xfc, 0x0, 0xc, 0x0, 0x0, 0x30, 0x1f, 0x9f,
    0xfe, 0x0, 0x63, 0x18, 0x1, 0x8c, 0x67, 0xe7,
    0xff, 0x90, 0x98, 0xc6, 0x42, 0xff, 0xfd, 0xb,
    0xff, 0xf4, 0x26, 0x1, 0x9f, 0x98, 0x6, 0x40,
    0x60, 0x19, 0x1, 0x83, 0xe0,

    /* U+8B66 "警" */
    0x9, 0x3, 0x1, 0xe7, 0xc8, 0x0, 0x90, 0x7f,
    0xcc, 0x3, 0xc, 0x3f, 0xee, 0x61, 0x81, 0xff,
    0x8f, 0xe6, 0x1e, 0xf, 0x93, 0xfe, 0x3f, 0xde,
    0x18, 0x87, 0xa0, 0x20, 0x3, 0x0, 0x3f, 0xff,
    0xff, 0x0, 0x0, 0x0, 0x3f, 0xff, 0x0, 0x0,
    0x0, 0x0, 0x0, 0x0, 0xf, 0xff, 0xc0, 0x0,
    0x0, 0x0, 0xff, 0xfc, 0x2, 0x0, 0x10, 0xf,
    0xff, 0xc0, 0x20, 0x1, 0x0,

    /* U+8B70 "議" */
    0x0, 0x10, 0x20, 0x40, 0x60, 0xc1, 0x80, 0x82,
    0x2, 0x1f, 0xfe, 0xff, 0x3, 0x0, 0x1, 0xff,
    0xe0, 0x0, 0x30, 0x1f, 0x80, 0xc0, 0x7e, 0xff,
    0xfc, 0x3, 0xff, 0xf0, 0x0, 0xed, 0x1f, 0xbf,
    0x36, 0x0, 0x18, 0xcc, 0x0, 0x63, 0x7, 0xef,
    0xff, 0xd0, 0x86, 0x34, 0x42, 0x1f, 0x59, 0xb,
    0xf9, 0xc4, 0x21, 0x86, 0x1f, 0x86, 0x39, 0x40,
    0x19, 0xb5, 0x1, 0xec, 0x60,

    /* U+8B77 "護" */
    0x0, 0x0, 0x0, 0x30, 0x8, 0x80, 0x31, 0xf1,
    0xf0, 0x0, 0x22, 0xf, 0xf9, 0x90, 0x0, 0x2,
    0x30, 0x0, 0xf, 0xff, 0x3f, 0xb8, 0xc0, 0x0,
    0x7f, 0xf8, 0x0, 0x63, 0x1, 0xfc, 0xff, 0xe0,
    0x1, 0x8c, 0x0, 0x3, 0x18, 0x0, 0x7, 0xff,
    0x9f, 0xcf, 0xff, 0x30, 0xbf, 0xfc, 0x61, 0x18,
    0x30, 0xc2, 0x18, 0xe1, 0x84, 0x1f, 0x3, 0xf8,
    0x7f, 0x86, 0x7, 0xef, 0xcc, 0xe, 0x7, 0x80,

    /* U+8B8A "變" */
    0x18, 0x20, 0x20, 0x40, 0xc1, 0x3, 0x7f, 0xec,
    0x89, 0x0, 0x26, 0x4c, 0x1, 0x30, 0xe3, 0xf3,
    0xa3, 0x4f, 0xcc, 0x9f, 0x80, 0x7e, 0x7a, 0x1,
    0xec, 0x3, 0xf0, 0x5, 0x48, 0x5a, 0x96, 0xa1,
    0x6a, 0x4a, 0xfd, 0x2f, 0xc, 0x0, 0x0, 0x60,
    0x0, 0x3, 0xff, 0xfe, 0x1e, 0x1, 0xc1, 0xce,
    0xe, 0x6, 0xe, 0xe0, 0x0, 0x3f, 0x80, 0x1f,
    0xc7, 0xf1, 0xf0, 0x1, 0xf0,

    /* U+8CB7 "買" */
    0x3f, 0xff, 0xf0, 0xc3, 0x18, 0x43, 0xc, 0x61,
    0xc, 0x31, 0x84, 0x3f, 0xff, 0xf0, 0x0, 0x0,
    0x0, 0x0, 0x0, 0x3, 0xff, 0xf8, 0xc, 0x0,
    0x60, 0x30, 0x1, 0x80, 0xff, 0xfe, 0x3, 0x0,
    0x18, 0xc, 0x0, 0x60, 0x3f, 0xff, 0x80, 0xc0,
    0x6, 0x3, 0x0, 0x18, 0xf, 0xff, 0xe0, 0x2,
    0x4, 0x0, 0x7c, 0x3c, 0x1f, 0x80, 0x1e, 0x70,
    0x0, 0x18,

    /* U+8CBB "費" */
    0x1, 0x8c, 0x3, 0xff, 0xff, 0x80, 0x63, 0xc,
    0x3, 0x18, 0x63, 0xff, 0xff, 0x18, 0xc6, 0x0,
    0xff, 0xff, 0xe0, 0x61, 0x83, 0x7, 0xc, 0x79,
    0xff, 0xff, 0xbf, 0xff, 0xf8, 0x30, 0x0, 0xc1,
    0xff, 0xfe, 0xc, 0x0, 0x30, 0x60, 0x1, 0x83,
    0xff, 0xfc, 0x18, 0x0, 0x60, 0xff, 0xff, 0x0,
    0xc1, 0xc0, 0x3c, 0x3, 0xcf, 0x80, 0x7, 0x80,
    0x0, 0x0,

    /* U+8CEA "質" */
    0x1, 0xc0, 0x70, 0xfc, 0x3f, 0x83, 0x0, 0xc0,
    0xc, 0x3, 0x0, 0x3f, 0xef, 0xfc, 0xcc, 0x33,
    0x6, 0x31, 0x8c, 0x10, 0xc4, 0x30, 0xf, 0xff,
    0xe0, 0x20, 0x3, 0x80, 0x80, 0xe, 0x3, 0xff,
    0xf8, 0x8, 0x0, 0xe0, 0x20, 0x3, 0x80, 0xff,
    0xfe, 0x2, 0x0, 0x38, 0x8, 0x0, 0xe0, 0x3f,
    0xff, 0x80, 0x10, 0x30, 0x3, 0xc0, 0xf8, 0x7c,
    0x0, 0x79, 0x80, 0x0, 0x20,

    /* U+8CFC "購" */
    0x0, 0x8, 0x61, 0xfc, 0x21, 0x86, 0x37, 0xff,
    0x98, 0xc2, 0x18, 0x63, 0x8, 0x61, 0x8d, 0xff,
    0xe7, 0xf7, 0xff, 0x98, 0xc2, 0x18, 0x63, 0x7f,
    0xfd, 0x8c, 0xc, 0x7, 0xf0, 0x30, 0x1f, 0xcf,
    0xfe, 0x63, 0x33, 0x19, 0x8c, 0xcc, 0x66, 0x33,
    0xff, 0x9f, 0xcc, 0xc6, 0x36, 0x7f, 0xfc, 0xc9,
    0xff, 0xf6, 0x33, 0x1, 0x98, 0xcc, 0x6, 0xc1,
    0xb0, 0x1b, 0x0, 0xc3, 0xe0,

    /* U+8CFD "賽" */
    0x0, 0x10, 0x0, 0x0, 0x30, 0x1, 0xff, 0xff,
    0xf3, 0x4, 0x18, 0x67, 0xff, 0xff, 0xc0, 0x10,
    0x60, 0x0, 0x20, 0xc0, 0xf, 0xff, 0xf0, 0x0,
    0x83, 0x1, 0xff, 0xff, 0xfb, 0xff, 0xff, 0xf0,
    0x7f, 0xff, 0x7, 0xe0, 0xf, 0xdc, 0xff, 0xf8,
    0x81, 0x80, 0x30, 0x3, 0x0, 0x60, 0x7, 0xff,
    0xc0, 0xc, 0x1, 0x80, 0x1f, 0xff, 0x0, 0x1e,
    0x3c, 0x1, 0xf0, 0x1f, 0xf, 0x0, 0x7, 0x0,

    /* U+8D85 "超" */
    0x6, 0x0, 0x0, 0xc, 0x3f, 0xf8, 0x18, 0x7f,
    0xf3, 0xff, 0xc, 0x20, 0x60, 0x30, 0xc0, 0xc0,
    0x61, 0x81, 0x81, 0x83, 0x3f, 0xf7, 0x3e, 0x7f,
    0xfc, 0x78, 0x4, 0x0, 0x0, 0xc8, 0x3f, 0xf1,
    0x90, 0x60, 0x63, 0x20, 0xc0, 0xc6, 0x7d, 0x81,
    0x8c, 0x83, 0x3, 0x19, 0x6, 0x6, 0x3a, 0xf,
    0xfc, 0x54, 0x0, 0x1, 0xb8, 0x0, 0x3, 0x18,
    0x0, 0xc, 0xf, 0xff, 0xe0, 0x0, 0x0, 0x0,

    /* U+8DD1 "跑" */
    0x0, 0x8, 0x0, 0xff, 0x10, 0x1, 0xfe, 0x60,
    0x3, 0xc, 0xff, 0xc6, 0x1b, 0x1, 0x8c, 0x36,
    0x3, 0x18, 0x78, 0x6, 0x3f, 0xcf, 0xcc, 0xc,
    0x11, 0x98, 0x18, 0x23, 0x30, 0x30, 0x46, 0x63,
    0x60, 0x8c, 0xc6, 0xf9, 0x19, 0x8d, 0xf3, 0xf3,
    0x1b, 0x4, 0x6, 0x36, 0x8, 0x78, 0x6c, 0x10,
    0x0, 0xdb, 0x20, 0x9, 0xbe, 0x40, 0x17, 0xe0,
    0x80, 0x2e, 0x1, 0x0, 0xc0, 0x3, 0xff, 0x0,

    /* U+8DEF "路" */
    0x0, 0x6, 0x1, 0xfe, 0x18, 0x6, 0x18, 0xff,
    0x18, 0x67, 0xc, 0x61, 0xbc, 0x21, 0xff, 0xd9,
    0x87, 0xfa, 0x3c, 0x3, 0x0, 0xe0, 0xc, 0x3,
    0x81, 0xb0, 0x1b, 0x86, 0xf9, 0xc3, 0x1b, 0xfe,
    0x7, 0x6c, 0x7f, 0xf1, 0xb0, 0x60, 0x46, 0xc1,
    0x81, 0x1b, 0x6, 0x4, 0x6f, 0xd8, 0x11, 0xff,
    0x60, 0x4f, 0xc1, 0x81, 0x30, 0x7, 0xfc, 0x0,
    0x18, 0x10,

    /* U+8E48 "蹈" */
    0x0, 0x0, 0x19, 0xfc, 0x3f, 0xf6, 0x13, 0xf0,
    0x18, 0x40, 0x43, 0x61, 0x31, 0xd, 0x84, 0x46,
    0x67, 0xf1, 0x99, 0x9f, 0xc6, 0xc, 0xc, 0x0,
    0x0, 0x30, 0x38, 0x0, 0xc1, 0xcf, 0xdb, 0xc,
    0x3f, 0x6f, 0xb0, 0xd, 0xb0, 0xc0, 0x36, 0xc3,
    0x0, 0xdb, 0xf, 0xbf, 0x6c, 0x30, 0xd, 0xbe,
    0xc0, 0x37, 0xf3, 0x0, 0xfe, 0xc, 0x3, 0xc0,
    0x3f, 0xfc, 0x0, 0xc0, 0x30,

    /* U+8E64 "蹤" */
    0x0, 0x33, 0x11, 0xf8, 0x8c, 0xc4, 0x26, 0x23,
    0x10, 0xb0, 0x8c, 0x42, 0x87, 0x31, 0xa, 0xdd,
    0xe7, 0xe3, 0x46, 0xdf, 0x8b, 0x33, 0x18, 0x68,
    0x84, 0x61, 0x83, 0x5, 0x8e, 0xc, 0x17, 0xf9,
    0xb0, 0x5f, 0x66, 0xc1, 0x61, 0x9b, 0xe5, 0x86,
    0x6f, 0x96, 0x19, 0xb0, 0x58, 0x66, 0xc1, 0x7d,
    0x9b, 0x7, 0xf6, 0xec, 0x3c, 0x1b, 0x70, 0x80,
    0x69, 0x80, 0x1, 0xa1, 0xf0,

    /* U+8EAB "身" */
    0x0, 0x30, 0x0, 0x1, 0x80, 0x0, 0xff, 0xfc,
    0x3, 0x0, 0x30, 0xc, 0x0, 0xc0, 0x3f, 0xff,
    0x0, 0xc0, 0xc, 0x3, 0x0, 0x33, 0xc, 0x0,
    0xd8, 0x3f, 0xff, 0xc0, 0xc0, 0xf, 0x3, 0x0,
    0x38, 0xff, 0xff, 0xc3, 0xff, 0x1f, 0x0, 0x1,
    0xec, 0x0, 0xe, 0x30, 0x1, 0xf0, 0xc0, 0x1f,
    0x3, 0x3, 0xe0, 0xc, 0x3e, 0x7, 0xf0, 0x40,
    0xf, 0xc0,

    /* U+8FA6 "辦" */
    0x30, 0x40, 0x60, 0x41, 0x1, 0x8f, 0xe4, 0x1f,
    0xc0, 0x10, 0x0, 0x40, 0x41, 0x89, 0x17, 0xf2,
    0x26, 0xc4, 0xc9, 0x9b, 0x13, 0x26, 0xfe, 0x4d,
    0xff, 0xf9, 0x37, 0xf1, 0x4, 0xc2, 0x4, 0x13,
    0x8, 0x10, 0x4c, 0x23, 0xfa, 0x37, 0xf1, 0x8,
    0xc2, 0x4, 0x23, 0x8, 0x30, 0x8c, 0x20, 0xc6,
    0x30, 0x82, 0x10, 0xc2, 0x18, 0xc3, 0x8, 0xc2,
    0x78, 0x20,

    /* U+8FFD "追" */
    0x0, 0x0, 0x0, 0x60, 0xc, 0x0, 0x60, 0x18,
    0x0, 0x63, 0xff, 0x80, 0x6, 0x3, 0xf, 0xcc,
    0x6, 0x1f, 0x98, 0xc, 0x6, 0x3f, 0xf8, 0x18,
    0x60, 0x0, 0x30, 0xc0, 0x0, 0xc1, 0x80, 0x7,
    0x3, 0xff, 0xc7, 0xe7, 0xff, 0x80, 0xcc, 0x3,
    0x1, 0x98, 0x6, 0x2, 0x30, 0xc, 0xc, 0x60,
    0x18, 0x18, 0xff, 0xf0, 0x70, 0x0, 0x0, 0xf0,
    0x0, 0x3, 0x38, 0x0, 0xc, 0xf, 0xff, 0x80,
    0x0, 0x0, 0x0,

    /* U+9001 "送" */
    0x30, 0x30, 0x30, 0x30, 0x60, 0x60, 0x60, 0x60,
    0x80, 0x60, 0xc3, 0x0, 0xf, 0xff, 0xc0, 0x1f,
    0xff, 0x9f, 0x80, 0xc0, 0x6, 0x1, 0x80, 0xc,
    0x3, 0x0, 0x30, 0x6, 0x0, 0xc3, 0xff, 0xfb,
    0x7, 0xff, 0xf7, 0xe0, 0x70, 0x0, 0xc0, 0xf0,
    0x1, 0x3, 0xf0, 0x6, 0x6, 0x30, 0xc, 0x38,
    0x38, 0x10, 0xe0, 0x38, 0x73, 0x80, 0x30, 0xb0,
    0x0, 0x3, 0x38, 0x0, 0xc, 0xf, 0xff, 0xc0,
    0x0, 0x0, 0x0,

    /* U+9019 "這" */
    0x10, 0xc, 0x0, 0x60, 0xc, 0x0, 0x60, 0xc,
    0x0, 0x6f, 0xff, 0xe0, 0x0, 0x0, 0xf, 0x80,
    0x0, 0x1f, 0x9f, 0xfc, 0x6, 0x0, 0x0, 0x8,
    0x0, 0x0, 0x30, 0xff, 0xe0, 0xc0, 0x0, 0x3,
    0xf0, 0x0, 0x7, 0xe7, 0xff, 0x0, 0xc8, 0x6,
    0x1, 0x10, 0xc, 0x2, 0x20, 0x18, 0xc, 0x40,
    0x30, 0x18, 0xff, 0xe0, 0x70, 0x0, 0x0, 0xb0,
    0x0, 0x3, 0x38, 0x0, 0xc, 0xf, 0xff, 0x80,
    0x0, 0x0, 0x0,

    /* U+901A "通" */
    0x30, 0x0, 0x0, 0x31, 0xff, 0xf8, 0x60, 0x0,
    0xe0, 0x60, 0xe7, 0x0, 0x0, 0x78, 0xf, 0xdf,
    0xff, 0x9f, 0x3f, 0xff, 0x6, 0x61, 0x86, 0x18,
    0xc3, 0xc, 0x61, 0x86, 0x19, 0x83, 0xff, 0xf3,
    0x6, 0x18, 0x67, 0xec, 0x30, 0xc0, 0xdf, 0xff,
    0x81, 0x30, 0xc3, 0x2, 0x61, 0x86, 0xc, 0xc3,
    0xc, 0x19, 0x86, 0x78, 0x70, 0x0, 0x0, 0x90,
    0x0, 0x3, 0x1c, 0x0, 0xc, 0xf, 0xff, 0xc0,
    0x0, 0x0, 0x0,

    /* U+9020 "造" */
    0x60, 0x26, 0x0, 0xc1, 0x98, 0x1, 0x6, 0x60,
    0x6, 0x3f, 0xfc, 0x0, 0x86, 0x0, 0x6, 0x18,
    0xf, 0xf0, 0x60, 0x6, 0x1, 0x80, 0x1b, 0xff,
    0xf8, 0xcf, 0xff, 0xe6, 0x0, 0x0, 0x30, 0x0,
    0x0, 0xfc, 0xff, 0xf0, 0x33, 0x0, 0xc0, 0x8c,
    0x3, 0x2, 0x30, 0xc, 0x18, 0xc0, 0x30, 0x63,
    0xff, 0xc3, 0x80, 0x0, 0xb, 0x0, 0x0, 0x63,
    0x80, 0x3, 0x3, 0xff, 0xf0, 0x0, 0x0, 0x0,

    /* U+9031 "週" */
    0x60, 0x0, 0x0, 0x43, 0xff, 0xf0, 0xc7, 0xff,
    0xe0, 0xcc, 0x30, 0xc1, 0x98, 0x61, 0x80, 0x3f,
    0xff, 0x3f, 0x61, 0x86, 0x4, 0xc3, 0xc, 0x19,
    0xff, 0xf8, 0x63, 0xff, 0xf0, 0x86, 0x0, 0x63,
    0xc, 0xfc, 0xcf, 0xf9, 0x9, 0x91, 0x62, 0x13,
    0x2, 0xc4, 0x26, 0xd, 0x8f, 0xcc, 0x1a, 0x10,
    0x18, 0x34, 0x1, 0xf0, 0xf0, 0x0, 0x1, 0x30,
    0x0, 0x6, 0x38, 0x0, 0x18, 0x1f, 0xff, 0xc0,
    0x0, 0x0, 0x0,

    /* U+9032 "進" */
    0x30, 0x19, 0x0, 0x70, 0x23, 0x0, 0x60, 0xc6,
    0x0, 0x61, 0x6, 0x0, 0x7, 0xff, 0xc0, 0x1f,
    0xff, 0x9f, 0xb8, 0x60, 0x6, 0xf0, 0xc0, 0xf,
    0x7f, 0xfc, 0x30, 0xc3, 0x0, 0xc1, 0x86, 0x3,
    0x3, 0xc, 0x7, 0xe7, 0xff, 0xc0, 0xcc, 0x30,
    0x1, 0x98, 0x60, 0x2, 0x30, 0xc0, 0xc, 0x7f,
    0xfe, 0x18, 0xff, 0xfc, 0x70, 0x0, 0x0, 0xf0,
    0x0, 0x3, 0x3c, 0x0, 0xc, 0xf, 0xff, 0xc0,
    0x0, 0x0, 0x0,

    /* U+904B "運" */
    0x20, 0x0, 0x0, 0xe7, 0xff, 0xf0, 0xcc, 0x0,
    0x60, 0xd8, 0x30, 0xc0, 0x3f, 0xff, 0x9f, 0x80,
    0xc0, 0x3e, 0x1, 0x80, 0xc, 0x7f, 0xf8, 0x30,
    0x86, 0x30, 0xc1, 0xc, 0x61, 0x83, 0xff, 0xc7,
    0xc4, 0x31, 0x8f, 0xc8, 0x63, 0x1, 0x1f, 0xfe,
    0x2, 0x1, 0x80, 0xc, 0x3, 0x0, 0x1b, 0xff,
    0xfc, 0x30, 0xc, 0x0, 0xe0, 0x18, 0x1, 0x30,
    0x0, 0x6, 0x38, 0x0, 0x18, 0x1f, 0xff, 0x80,
    0x0, 0x0, 0x0,

    /* U+9053 "道" */
    0x30, 0x60, 0x60, 0x30, 0x60, 0xc0, 0x20, 0x43,
    0x0, 0x6f, 0xff, 0xe0, 0x0, 0x60, 0xf, 0x80,
    0xc0, 0x1f, 0x81, 0x0, 0x6, 0x3f, 0xf8, 0x8,
    0x60, 0x30, 0x30, 0xc0, 0x60, 0xc1, 0xff, 0xc3,
    0xf3, 0x1, 0x87, 0xe6, 0x3, 0x0, 0xcf, 0xfe,
    0x1, 0x18, 0xc, 0x2, 0x30, 0x18, 0xc, 0x60,
    0x30, 0x10, 0xff, 0xe0, 0x70, 0x0, 0x0, 0xb0,
    0x0, 0x3, 0x38, 0x0, 0xc, 0xf, 0xff, 0x80,
    0x0, 0x0, 0x0,

    /* U+9060 "遠" */
    0x0, 0x6, 0x0, 0x60, 0xc, 0x0, 0x63, 0xff,
    0xe0, 0x40, 0x30, 0x0, 0x80, 0x60, 0x0, 0x7f,
    0xff, 0x9f, 0x0, 0x0, 0x4, 0x0, 0x0, 0x18,
    0x7f, 0xf0, 0x60, 0xc0, 0x60, 0x81, 0x80, 0xc3,
    0x3, 0x1, 0x87, 0xc7, 0xff, 0x89, 0x81, 0x83,
    0x3, 0xe, 0xcc, 0x4, 0x38, 0xf0, 0x9, 0xd0,
    0x60, 0x36, 0x22, 0x60, 0x60, 0x7c, 0x71, 0xa0,
    0xc0, 0x43, 0x38, 0x0, 0xc, 0x1f, 0xff, 0x80,

    /* U+9077 "遷" */
    0x20, 0x0, 0x0, 0x63, 0xff, 0xf8, 0x60, 0x22,
    0x0, 0x47, 0xff, 0xc0, 0x8, 0x88, 0x8f, 0x91,
    0x11, 0x3, 0x3f, 0xfe, 0xc, 0x2, 0x0, 0x10,
    0xc, 0x0, 0x63, 0xff, 0xf9, 0x80, 0xc3, 0x83,
    0xf3, 0xff, 0x87, 0xcf, 0xff, 0x81, 0xf6, 0xd,
    0x83, 0xc, 0x18, 0x6, 0x18, 0xe0, 0x8, 0x30,
    0x18, 0x38, 0x3f, 0xe0, 0x70, 0x0, 0x1, 0xb0,
    0x0, 0x3, 0x18, 0x0, 0x2c, 0xf, 0xff, 0x80,
    0x0, 0x0, 0x0,

    /* U+9084 "還" */
    0x20, 0x0, 0x0, 0x63, 0xff, 0xf0, 0xe6, 0x66,
    0x60, 0xcc, 0xcc, 0xc0, 0x1f, 0xff, 0x9f, 0x80,
    0x0, 0x3e, 0xff, 0xff, 0xc, 0x0, 0x0, 0x10,
    0x0, 0x0, 0x61, 0xff, 0xe1, 0x83, 0x0, 0xc6,
    0x6, 0x1, 0x87, 0xcf, 0xff, 0x1, 0x81, 0x81,
    0x2, 0xe, 0xce, 0x4, 0x78, 0xf8, 0x1b, 0xb0,
    0xe0, 0x30, 0x6c, 0x60, 0xe0, 0xf0, 0x61, 0x63,
    0x80, 0x46, 0x38, 0x0, 0x18, 0x1f, 0xff, 0x80,
    0x0, 0x0, 0x0,

    /* U+90A3 "那" */
    0xff, 0xe7, 0xfc, 0x31, 0x98, 0x30, 0xc6, 0x61,
    0x83, 0x19, 0x86, 0xc, 0x66, 0x30, 0x31, 0x98,
    0xc7, 0xfe, 0x66, 0x3, 0x19, 0x98, 0xc, 0x66,
    0x60, 0x31, 0x98, 0xc0, 0xc6, 0x61, 0x83, 0x19,
    0x87, 0xff, 0xe6, 0xc, 0x61, 0x98, 0x31, 0x86,
    0x60, 0xc6, 0x19, 0x83, 0x30, 0x66, 0xf8, 0xc1,
    0x98, 0x6, 0x6, 0x60, 0x38, 0xf1, 0x80, 0x43,
    0xc6, 0x0,

    /* U+90E8 "部" */
    0x6, 0x0, 0x0, 0x18, 0xf, 0xe0, 0x30, 0x3f,
    0xdf, 0xfc, 0xc3, 0x10, 0x63, 0x18, 0x61, 0x8c,
    0x61, 0x84, 0x33, 0x2, 0x30, 0xcc, 0x8, 0xc3,
    0x23, 0xff, 0xec, 0xc0, 0x0, 0x31, 0x0, 0x0,
    0xc6, 0x0, 0x3, 0xc, 0xff, 0xcc, 0x32, 0x3,
    0x30, 0xc8, 0xc, 0xc3, 0x20, 0x33, 0x5c, 0x80,
    0xcd, 0xe2, 0x3, 0x30, 0xf, 0xfc, 0xc0, 0x20,
    0x33, 0x0, 0x80, 0xcc, 0x0,

    /* U+90F5 "郵" */
    0x0, 0x0, 0x0, 0x1f, 0xbf, 0xdf, 0x81, 0x86,
    0xc, 0xc, 0x30, 0x60, 0x63, 0x7f, 0xff, 0x18,
    0x18, 0x18, 0x84, 0xc4, 0xcc, 0x26, 0x26, 0x61,
    0x31, 0x36, 0x3f, 0xbf, 0x98, 0x4c, 0x4c, 0x62,
    0x62, 0x63, 0x13, 0x13, 0xc, 0x18, 0x18, 0x7f,
    0xfe, 0xc3, 0x6, 0x6, 0x18, 0x30, 0x77, 0x87,
    0xff, 0x81, 0xfc, 0xc, 0x8, 0x0, 0x60, 0x0,
    0x3, 0x0,

    /* U+9109 "鄉" */
    0x18, 0x60, 0x0, 0x40, 0x87, 0xf3, 0x1f, 0xd8,
    0xc9, 0x63, 0x66, 0x67, 0x8d, 0x99, 0x36, 0x36,
    0x4f, 0x9f, 0xdb, 0x26, 0x63, 0x6c, 0x11, 0x8d,
    0xb0, 0xde, 0x36, 0x66, 0x78, 0xd9, 0xb1, 0xff,
    0x63, 0xfd, 0x81, 0x8e, 0x36, 0x46, 0x30, 0xd9,
    0x98, 0xc6, 0x66, 0x63, 0x19, 0x8d, 0xb8, 0xc7,
    0xf6, 0x6, 0x3c, 0x78, 0x30, 0x1, 0x60, 0x80,
    0x1, 0x80,

    /* U+91CC "里" */
    0x1f, 0xff, 0xf0, 0x7f, 0xff, 0xc1, 0x83, 0x3,
    0x6, 0xc, 0xc, 0x18, 0x30, 0x30, 0x7f, 0xff,
    0xc1, 0x83, 0x3, 0x6, 0xc, 0xc, 0x18, 0x30,
    0x30, 0x7f, 0xff, 0xc0, 0x3, 0x0, 0x0, 0xc,
    0x0, 0x0, 0x30, 0x0, 0x0, 0xc0, 0x3, 0xff,
    0xff, 0x0, 0xc, 0x0, 0x0, 0x30, 0x0, 0x0,
    0xc0, 0x0, 0x3, 0x0, 0x3f, 0xff, 0xff, 0xff,
    0xff, 0xfc,

    /* U+91CD "重" */
    0x0, 0x0, 0x0, 0xff, 0xff, 0xc3, 0xff, 0xf8,
    0x0, 0xc, 0x0, 0xff, 0xff, 0xfc, 0x0, 0xc0,
    0x0, 0x3, 0x0, 0x7, 0xff, 0xfc, 0x18, 0x30,
    0x30, 0x60, 0xc0, 0xc1, 0xff, 0xff, 0x6, 0xc,
    0xc, 0x18, 0x30, 0x30, 0x7f, 0xff, 0xc0, 0x3,
    0x0, 0x0, 0xc, 0x0, 0x3f, 0xff, 0xf0, 0x0,
    0xc0, 0x0, 0x3, 0x0, 0x0, 0xc, 0x0, 0xff,
    0xff, 0xff, 0xff, 0xff, 0xf0,

    /* U+9280 "銀" */
    0x6, 0x0, 0x0, 0x30, 0x7f, 0xe1, 0xf1, 0x81,
    0x8e, 0xe6, 0x6, 0x71, 0xd8, 0x1b, 0x83, 0x60,
    0x6f, 0xf9, 0xff, 0xaf, 0xe6, 0x6, 0xc, 0x18,
    0x18, 0x30, 0x60, 0x6f, 0xf9, 0xff, 0x83, 0x6,
    0x60, 0x4c, 0x99, 0x8d, 0xb6, 0x62, 0x66, 0xd9,
    0x8f, 0xb, 0x46, 0x30, 0x2d, 0x18, 0x60, 0x3f,
    0x60, 0xc7, 0xf9, 0xfb, 0xbe, 0xf, 0xc7, 0x0,
    0x30, 0x8,

    /* U+92B7 "銷" */
    0x4, 0x1, 0x80, 0x30, 0xc6, 0x31, 0xe3, 0x19,
    0x8e, 0xc6, 0x66, 0x71, 0x8d, 0xb3, 0x82, 0x26,
    0x8f, 0xf0, 0x18, 0xf, 0xcf, 0xfe, 0xc, 0x3f,
    0xf8, 0x30, 0xc0, 0x6f, 0xfb, 0x79, 0x83, 0xc,
    0x76, 0xc, 0xb0, 0x19, 0x32, 0xc0, 0x64, 0xdb,
    0xf, 0x93, 0x6d, 0xfe, 0x6d, 0x3f, 0x19, 0xb4,
    0xc0, 0x60, 0xcb, 0x1, 0x87, 0xec, 0x6, 0xfc,
    0x20, 0x1a, 0x1, 0x81, 0xe0,

    /* U+92FC "鋼" */
    0x8, 0x0, 0x0, 0xc3, 0xff, 0xcf, 0x98, 0x2,
    0xee, 0xc8, 0x5e, 0x3e, 0x62, 0xe0, 0xb1, 0x36,
    0xf9, 0x89, 0x21, 0xd, 0xfd, 0x8, 0x6f, 0xe8,
    0x43, 0xc, 0x7f, 0xdb, 0x6e, 0x10, 0xdb, 0x70,
    0x96, 0xdb, 0xb5, 0xb6, 0xdc, 0xa9, 0xb6, 0xe5,
    0x4d, 0xb7, 0x2a, 0x6f, 0xf9, 0x43, 0x7f, 0xc2,
    0x58, 0x2, 0x7e, 0xc0, 0x1f, 0xc6, 0x0, 0x80,
    0x30, 0x3c,

    /* U+932F "錯" */
    0x8, 0x8, 0x60, 0x70, 0x21, 0x81, 0xe0, 0x86,
    0xc, 0xef, 0xfe, 0x61, 0x88, 0x63, 0x80, 0x21,
    0x8f, 0xf0, 0x86, 0x2f, 0xc2, 0x18, 0x8, 0x7f,
    0xfc, 0x21, 0xff, 0xf0, 0x80, 0x0, 0x3f, 0xc0,
    0x0, 0x8, 0x3f, 0xf9, 0x24, 0xc0, 0x64, 0xb3,
    0x1, 0x9a, 0x8c, 0x6, 0x2a, 0x3f, 0xf8, 0xa8,
    0xc0, 0x60, 0xb3, 0x1, 0x9f, 0xcc, 0x6, 0xf0,
    0x3f, 0xf8, 0x0, 0xc0, 0x60,

    /* U+93AE "鎮" */
    0x8, 0x1, 0x0, 0x70, 0xc, 0x1, 0xe7, 0xff,
    0x8d, 0xc0, 0xc0, 0x63, 0x83, 0x3, 0x84, 0xff,
    0xef, 0xe3, 0xff, 0xaf, 0x8c, 0x6, 0x8, 0x3f,
    0xf8, 0x20, 0xc0, 0x6f, 0xf3, 0xff, 0x82, 0xc,
    0x6, 0x8, 0x30, 0x19, 0x2c, 0xff, 0xe4, 0xb3,
    0x1, 0x9a, 0x8c, 0x6, 0x2a, 0x7f, 0xfc, 0xa9,
    0xff, 0xf0, 0x80, 0x84, 0x7, 0xc7, 0x1c, 0xfc,
    0x70, 0x39, 0x3, 0x80, 0x70, 0x0, 0x0, 0x80,

    /* U+9577 "長" */
    0xf, 0xff, 0xe0, 0x30, 0x0, 0x0, 0xc0, 0x0,
    0x3, 0x0, 0x0, 0xf, 0xff, 0xe0, 0x30, 0x0,
    0x0, 0xc0, 0x0, 0x3, 0xff, 0xf8, 0xc, 0x0,
    0x0, 0x30, 0x0, 0xf, 0xff, 0xff, 0xff, 0xff,
    0xff, 0xc, 0x30, 0x10, 0x30, 0x61, 0xc0, 0xc1,
    0xce, 0x3, 0x3, 0xe0, 0xc, 0x7, 0x0, 0x30,
    0xcf, 0x0, 0xff, 0xf, 0x7, 0xc0, 0xf, 0x8,
    0x0, 0x8,

    /* U+9580 "門" */
    0xff, 0x9f, 0xfc, 0x19, 0x83, 0xc1, 0x98, 0x3c,
    0x19, 0x83, 0xff, 0x9f, 0xfc, 0x19, 0x83, 0xc1,
    0x98, 0x3c, 0x19, 0x83, 0xff, 0x9f, 0xfc, 0x0,
    0x3, 0xc0, 0x0, 0x3c, 0x0, 0x3, 0xc0, 0x0,
    0x3c, 0x0, 0x3, 0xc0, 0x0, 0x3c, 0x0, 0x3,
    0xc0, 0x0, 0x3c, 0x0, 0x3, 0xc0, 0x0, 0x3c,
    0x0, 0x3f, 0xc0, 0x3, 0xe0,

    /* U+958B "開" */
    0xff, 0xbf, 0xfc, 0x1b, 0x3, 0xc1, 0xb0, 0x3f,
    0xfb, 0xff, 0xc1, 0xb0, 0x3c, 0x1b, 0x3, 0xc1,
    0xb0, 0x3f, 0xfb, 0xff, 0xc0, 0x0, 0x3c, 0x0,
    0x3, 0xdf, 0xff, 0x3c, 0x31, 0x83, 0xc3, 0x18,
    0x3c, 0x31, 0x83, 0xdf, 0xff, 0x3c, 0x31, 0x83,
    0xc3, 0x18, 0x3c, 0x61, 0x83, 0xc6, 0x18, 0x3c,
    0xc1, 0x9f, 0xc8, 0x19, 0xf0,

    /* U+9593 "間" */
    0xff, 0x9f, 0xfc, 0x19, 0x83, 0xc1, 0x98, 0x3f,
    0xf9, 0xff, 0xc1, 0x98, 0x3c, 0x19, 0x83, 0xc1,
    0x98, 0x3f, 0xf9, 0xff, 0xc0, 0x0, 0x3c, 0x0,
    0x3, 0xc7, 0xfc, 0x3c, 0x60, 0x43, 0xc6, 0x4,
    0x3c, 0x60, 0x43, 0xc7, 0xfc, 0x3c, 0x60, 0x43,
    0xc6, 0x4, 0x3c, 0x7f, 0xc3, 0xc6, 0x0, 0x3c,
    0x0, 0x3f, 0xc0, 0x1, 0xe0,

    /* U+9662 "院" */
    0x0, 0xc, 0x7, 0xf0, 0x30, 0x3f, 0x81, 0x81,
    0x99, 0xff, 0xfc, 0xc8, 0x1, 0xe4, 0x40, 0xf,
    0x62, 0x0, 0x7b, 0xf, 0xfc, 0xcc, 0x0, 0x6,
    0x60, 0x0, 0x31, 0x80, 0x1, 0x8d, 0xff, 0xfc,
    0x6f, 0xff, 0xe3, 0x8, 0xc3, 0x18, 0xc6, 0x1b,
    0x86, 0x30, 0xc0, 0x31, 0x86, 0x1, 0xc, 0xb0,
    0x18, 0x63, 0x81, 0x83, 0x1c, 0x18, 0x18, 0xe1,
    0x80, 0xf8,

    /* U+9670 "陰" */
    0x0, 0x6, 0x3, 0xf8, 0x38, 0xc, 0x61, 0xb0,
    0x33, 0xc, 0x70, 0xcc, 0xe0, 0xe3, 0x3f, 0xfe,
    0xfc, 0x90, 0x1, 0xb6, 0x0, 0x0, 0xd8, 0xff,
    0xe3, 0x30, 0x3, 0xc, 0xc0, 0xc, 0x31, 0x80,
    0x60, 0xc6, 0xff, 0xf3, 0x18, 0x0, 0xc, 0x60,
    0x0, 0x37, 0x7f, 0xfe, 0xc0, 0x18, 0x83, 0x0,
    0xc3, 0xc, 0x6, 0x6, 0x30, 0x30, 0xc, 0xc1,
    0xff, 0xf3, 0x4, 0x0, 0x40,

    /* U+9686 "隆" */
    0x0, 0xc, 0x7, 0xf0, 0xc0, 0x31, 0x8f, 0xf9,
    0x98, 0xe0, 0xcc, 0xcd, 0x84, 0x66, 0xc6, 0xc3,
    0x20, 0x1c, 0x1b, 0x1, 0xf0, 0xd8, 0x79, 0xe6,
    0x7f, 0x3, 0xf3, 0x4f, 0xf9, 0x8c, 0x0, 0xc,
    0x66, 0x60, 0x63, 0x23, 0x3, 0x1b, 0xff, 0xdb,
    0xd0, 0xc0, 0xdd, 0x86, 0x6, 0x3, 0xff, 0x30,
    0x1, 0x81, 0x80, 0xc, 0xc, 0x3f, 0xff, 0xe1,
    0xff, 0xfc,

    /* U+968A "隊" */
    0x0, 0x20, 0x63, 0xf8, 0xc1, 0x8c, 0x61, 0x8c,
    0x33, 0x2, 0x60, 0xcd, 0xff, 0xff, 0x20, 0x30,
    0xd, 0x81, 0xc0, 0x36, 0x1d, 0x86, 0xc8, 0xe6,
    0x73, 0x36, 0x1f, 0x8c, 0x60, 0xfc, 0x31, 0x86,
    0xd8, 0xc6, 0x71, 0xe3, 0x1b, 0x8e, 0x8c, 0x60,
    0x7b, 0x37, 0x7, 0x66, 0xc0, 0x79, 0x9b, 0x7,
    0x86, 0x3c, 0xc, 0x18, 0xb0, 0x0, 0x40, 0xc0,
    0x3, 0x3, 0x0, 0x78, 0x0,

    /* U+96C4 "雄" */
    0x6, 0x6, 0xc0, 0x8, 0xd, 0x80, 0x30, 0x19,
    0x80, 0x60, 0x23, 0x7, 0xfe, 0xff, 0xcf, 0xfd,
    0xff, 0x83, 0x7, 0x18, 0x4, 0xe, 0x30, 0x18,
    0x3c, 0x60, 0x33, 0x58, 0xc0, 0x64, 0x3f, 0xf1,
    0x98, 0x63, 0x3, 0x30, 0xc6, 0xe, 0x59, 0x8c,
    0x19, 0xb3, 0xff, 0x73, 0x26, 0x30, 0x44, 0x6c,
    0x60, 0x18, 0xd8, 0xc0, 0x3f, 0xb1, 0x80, 0xf9,
    0x7f, 0xf1, 0x2, 0xff, 0xe0, 0x1, 0x80, 0x0,

    /* U+96E8 "雨" */
    0xff, 0xff, 0xff, 0xff, 0xff, 0xf0, 0x3, 0x0,
    0x0, 0xc, 0x0, 0x0, 0x30, 0x0, 0x0, 0xc0,
    0x7, 0xff, 0xff, 0x98, 0xc, 0x6, 0x60, 0x30,
    0x19, 0xb0, 0xc3, 0x66, 0x73, 0x1d, 0x98, 0xed,
    0xc6, 0x60, 0xb6, 0x19, 0x80, 0xc0, 0x66, 0xb,
    0x41, 0x98, 0x6d, 0x86, 0x63, 0x33, 0x99, 0xb8,
    0xc7, 0x66, 0xc3, 0x5, 0x9a, 0xc, 0x6, 0x60,
    0x31, 0xf8,

    /* U+96EA "雪" */
    0x7f, 0xff, 0xe3, 0xff, 0xff, 0x0, 0x18, 0x0,
    0x0, 0xc0, 0xf, 0xff, 0xff, 0xe0, 0x30, 0xf,
    0x71, 0x86, 0x78, 0xed, 0xe3, 0xc0, 0x60, 0x18,
    0x3b, 0x78, 0xf, 0x18, 0x78, 0x0, 0x0, 0x80,
    0x0, 0x0, 0xf, 0xff, 0xe0, 0x0, 0x3, 0x0,
    0x0, 0x18, 0xff, 0xff, 0xf8, 0x0, 0x6, 0x0,
    0x0, 0x30, 0x0, 0x1, 0x81, 0xff, 0xfc, 0x0,

    /* U+96FB "電" */
    0x7f, 0xff, 0xe0, 0x3, 0x0, 0x0, 0x18, 0x1,
    0xff, 0xff, 0xfd, 0x6, 0x5, 0xef, 0xb1, 0xef,
    0x5, 0x90, 0x78, 0x2d, 0xc3, 0x3f, 0x67, 0xe0,
    0x0, 0x0, 0xf, 0xff, 0xf8, 0x7f, 0xff, 0xc3,
    0x6, 0x6, 0x1f, 0xff, 0xf0, 0xc1, 0x81, 0x86,
    0xc, 0xc, 0x3f, 0xff, 0xe9, 0x83, 0x0, 0x40,
    0x18, 0x2, 0x0, 0xc0, 0x30, 0x3, 0xff, 0x0,

    /* U+9727 "霧" */
    0x3f, 0xff, 0xf0, 0x7f, 0xff, 0xe0, 0x0, 0xc0,
    0x3, 0xff, 0xff, 0xe6, 0xc3, 0x4, 0xcc, 0xf6,
    0x71, 0x98, 0xd, 0x3, 0xf, 0xdb, 0xf0, 0x8,
    0x2, 0x60, 0x0, 0xc, 0x1, 0xff, 0x3f, 0xf0,
    0x8c, 0xe0, 0x80, 0xe3, 0x77, 0x1f, 0xf8, 0x7c,
    0x3f, 0xff, 0xff, 0x87, 0x2e, 0x1e, 0x1e, 0x81,
    0x0, 0x6d, 0x3f, 0xf1, 0x98, 0x8, 0x66, 0x30,
    0x30, 0xc0, 0x60, 0xc3, 0x83, 0xc6, 0x1e, 0x0,

    /* U+9762 "面" */
    0xff, 0xff, 0xf8, 0x3, 0x0, 0x0, 0x30, 0x0,
    0x1, 0x80, 0xf, 0xff, 0xff, 0x7f, 0xff, 0xfb,
    0x8, 0x30, 0xd8, 0x41, 0x86, 0xc2, 0xc, 0x36,
    0x1f, 0xe1, 0xb0, 0x83, 0xd, 0x84, 0x18, 0x6c,
    0x20, 0xc3, 0x61, 0xfe, 0x1b, 0x8, 0x30, 0xd8,
    0x41, 0x86, 0xc2, 0xc, 0x37, 0xff, 0xff, 0xbf,
    0xff, 0xfd, 0x80, 0x0, 0x60,

    /* U+97F3 "音" */
    0x0, 0x30, 0x0, 0x1, 0x80, 0x1f, 0xff, 0xfc,
    0xc, 0x3, 0x0, 0x60, 0x18, 0x1, 0x80, 0xc0,
    0xc, 0xc, 0x0, 0x60, 0x60, 0xff, 0xff, 0xf8,
    0x0, 0x0, 0x0, 0x0, 0x0, 0x0, 0x0, 0x0,
    0xff, 0xfe, 0x4, 0x0, 0x30, 0x20, 0x1, 0x81,
    0x0, 0xc, 0xf, 0xff, 0xe0, 0x40, 0x3, 0x2,
    0x0, 0x18, 0x10, 0x0, 0xc0, 0xff, 0xfe, 0x4,
    0x0, 0x30,

    /* U+9810 "預" */
    0x7f, 0xff, 0xfc, 0x6, 0x6, 0x0, 0x38, 0x10,
    0x9, 0xc0, 0x40, 0x3e, 0x1f, 0xf8, 0x38, 0x60,
    0x60, 0x71, 0x81, 0xbf, 0xff, 0xfe, 0xff, 0xdf,
    0xf8, 0x33, 0x60, 0x60, 0xcd, 0x81, 0x83, 0x27,
    0xfe, 0xc, 0x98, 0x18, 0x30, 0x60, 0x60, 0xc1,
    0x81, 0x83, 0x7, 0xfe, 0xc, 0x0, 0x0, 0x30,
    0x11, 0x80, 0xc0, 0xc3, 0x3, 0xe, 0x6, 0x7c,
    0x60, 0xc,

    /* U+985E "類" */
    0x6, 0x0, 0x1, 0x99, 0xff, 0xf3, 0x64, 0x18,
    0x9, 0xb0, 0x60, 0x6, 0x1, 0x1, 0xff, 0xbf,
    0xe0, 0x60, 0xc1, 0x85, 0x83, 0x6, 0x16, 0x8c,
    0x18, 0x99, 0x3f, 0xee, 0x62, 0xc1, 0x90, 0x23,
    0x6, 0x6, 0x4f, 0xf9, 0xff, 0xb0, 0x67, 0xfe,
    0xc1, 0x81, 0x83, 0x6, 0x6, 0xf, 0xf8, 0x3c,
    0x0, 0x1, 0xdc, 0x37, 0xe, 0x1b, 0x8e, 0x60,
    0x18, 0xc, 0x0, 0x40, 0x0,

    /* U+98A8 "風" */
    0x1f, 0xff, 0xf0, 0x30, 0x0, 0x60, 0x60, 0x0,
    0xc0, 0xff, 0xfd, 0x81, 0xff, 0xfb, 0x3, 0x6,
    0x6, 0x6, 0xc, 0xc, 0xc, 0xff, 0xd8, 0x19,
    0x31, 0xb0, 0x32, 0x63, 0x60, 0x64, 0xc6, 0xc0,
    0xc9, 0x8d, 0x81, 0x93, 0x1b, 0x3, 0x3f, 0xf6,
    0x6, 0xc, 0xc, 0x18, 0x18, 0x98, 0x30, 0x31,
    0xb2, 0x6f, 0xff, 0x75, 0x9f, 0xff, 0x6b, 0x0,
    0x6, 0xf4, 0x0, 0x0, 0xc0,

    /* U+98EF "飯" */
    0x6, 0x0, 0x0, 0xc, 0x0, 0x0, 0x3c, 0x7f,
    0xf0, 0xce, 0xc0, 0x3, 0xd, 0x80, 0xd, 0xe3,
    0x0, 0x10, 0x6, 0x0, 0x1f, 0xef, 0xfe, 0x30,
    0xde, 0x8, 0x61, 0xbc, 0x30, 0xc3, 0x68, 0x61,
    0xfe, 0xd8, 0xc3, 0xd, 0xb3, 0x6, 0x1b, 0x36,
    0xf, 0xf6, 0x68, 0x18, 0xc, 0x70, 0x31, 0x98,
    0xc0, 0x63, 0x21, 0xc0, 0xde, 0xc6, 0xc1, 0xf7,
    0xb8, 0xc7, 0xa, 0xe0, 0xc0, 0x0, 0x0, 0x80,

    /* U+98F2 "飲" */
    0x4, 0x0, 0x0, 0xc, 0xc, 0x0, 0x3c, 0x18,
    0x0, 0xce, 0x30, 0x3, 0x6, 0x40, 0x1d, 0xe1,
    0xff, 0x80, 0x3, 0x3, 0x1f, 0xec, 0xc6, 0x30,
    0xd9, 0x98, 0x61, 0xa3, 0x30, 0xff, 0x6, 0x1,
    0x86, 0xc, 0x3, 0xc, 0x18, 0x6, 0x18, 0x78,
    0xf, 0xf0, 0xf0, 0x18, 0x1, 0xa0, 0x31, 0x86,
    0x60, 0x63, 0xc, 0xe0, 0xdf, 0x30, 0xc1, 0xf6,
    0xe0, 0xe7, 0x7, 0x80, 0xc0, 0x0, 0x0, 0x0,

    /* U+990A "養" */
    0x2, 0x1, 0x80, 0xc, 0xc, 0x3, 0xff, 0xff,
    0xf, 0xff, 0xfc, 0x0, 0x30, 0x0, 0x7f, 0xff,
    0x80, 0x3, 0x0, 0x3f, 0xff, 0xff, 0x3, 0x3,
    0x0, 0x18, 0x6, 0x0, 0xdf, 0xec, 0x6, 0x0,
    0x1c, 0x7f, 0xff, 0xbf, 0x38, 0x6, 0x20, 0xff,
    0xf8, 0x3, 0x80, 0x60, 0xf, 0xff, 0x90, 0x38,
    0x61, 0xc0, 0xe2, 0xfc, 0x3, 0xf8, 0xf8, 0xf,
    0x0, 0x78, 0x0, 0x0, 0x0,

    /* U+9910 "餐" */
    0x3, 0x0, 0x0, 0x3, 0x0, 0x0, 0x3, 0xf7,
    0xfc, 0xf, 0x0, 0x18, 0xf, 0xe7, 0x38, 0x1f,
    0xe3, 0xf0, 0x70, 0xc0, 0xe0, 0x5d, 0x8b, 0xf8,
    0x7, 0x1b, 0x1c, 0x1e, 0x7c, 0x4, 0x78, 0xc7,
    0x0, 0x3, 0xff, 0xe0, 0x1e, 0x0, 0x78, 0x7b,
    0xff, 0xee, 0x2, 0x0, 0x60, 0x3, 0xff, 0xe0,
    0x2, 0x0, 0x60, 0x3, 0xff, 0xe8, 0x2, 0xc,
    0x18, 0x2, 0x7, 0xf0, 0x6, 0xf8, 0xf0, 0x7,
    0xe0, 0x1c, 0x0, 0x0, 0x4,

    /* U+9A57 "驗" */
    0x0, 0x3, 0x1, 0xff, 0xe, 0x7, 0xfc, 0x6c,
    0x19, 0x7, 0x18, 0x64, 0x38, 0x19, 0xff, 0xff,
    0xb6, 0x40, 0x0, 0x19, 0x0, 0x0, 0x7f, 0x80,
    0x1, 0xfe, 0x7b, 0xe6, 0x41, 0x28, 0x99, 0x4,
    0xa2, 0x7f, 0xd2, 0x88, 0x3, 0x7b, 0xe0, 0x4c,
    0x0, 0x16, 0xb3, 0xc, 0x5a, 0xcc, 0x23, 0x6f,
    0x71, 0x89, 0x4d, 0xe7, 0x24, 0x2c, 0xfe, 0x81,
    0xf2, 0x8c, 0x1f, 0x86, 0x0,

    /* U+9AA8 "骨" */
    0x1f, 0xff, 0x80, 0xc0, 0xc, 0x6, 0x0, 0x60,
    0x31, 0xff, 0x1, 0x8c, 0x18, 0xc, 0x60, 0xc3,
    0xff, 0xff, 0xff, 0xff, 0xff, 0xc0, 0x0, 0x1e,
    0xff, 0xfc, 0xc6, 0x0, 0x20, 0x30, 0x1, 0x1,
    0xbe, 0x8, 0xc, 0x1e, 0x40, 0x60, 0x12, 0x3,
    0x1, 0xf0, 0x13, 0xfe, 0x81, 0xbe, 0x4, 0xd,
    0x0, 0x20, 0x60, 0x1, 0x2, 0x0, 0xf8, 0x0,

    /* U+9AD4 "體" */
    0x0, 0x6, 0xc1, 0xfc, 0x1b, 0x7, 0xf3, 0xff,
    0x90, 0xcf, 0xfe, 0x43, 0x26, 0xc9, 0x3c, 0x9b,
    0x24, 0xb3, 0xff, 0x92, 0xc9, 0xb2, 0x4b, 0x26,
    0xcb, 0xfe, 0xff, 0xe8, 0x1b, 0xff, 0x9f, 0xdf,
    0xff, 0x43, 0x0, 0x1, 0xc, 0x0, 0x5, 0xb1,
    0xff, 0x93, 0xc4, 0x6, 0x43, 0x10, 0x19, 0x1c,
    0x7f, 0xe5, 0xf0, 0x82, 0x14, 0xc3, 0x8, 0x43,
    0xc, 0x63, 0xc, 0x11, 0x8, 0xf7, 0xff, 0xc0,

    /* U+9AD8 "高" */
    0x0, 0x0, 0x0, 0x1, 0x80, 0x0, 0xc, 0x1,
    0xff, 0xff, 0xf0, 0x0, 0x0, 0x7, 0xff, 0xe0,
    0x30, 0x3, 0x1, 0x80, 0x18, 0xc, 0x0, 0xc0,
    0x7f, 0xfe, 0x0, 0x0, 0x0, 0x0, 0x0, 0x7,
    0xff, 0xff, 0xb0, 0x0, 0xd, 0x80, 0x0, 0x6c,
    0x7f, 0xe3, 0x62, 0x3, 0x1b, 0x10, 0x18, 0xd8,
    0xff, 0xc6, 0xc4, 0x0, 0x36, 0x0, 0x1, 0xb0,
    0x0, 0x78,

    /* U+9BAE "鮮" */
    0xc, 0xc, 0xc, 0x10, 0xc, 0x30, 0x7f, 0x18,
    0x60, 0xcc, 0x11, 0x83, 0x18, 0x1, 0x6, 0x61,
    0xff, 0x9f, 0xf8, 0x30, 0x3f, 0xf0, 0x60, 0x72,
    0x20, 0xc0, 0x64, 0x41, 0x80, 0xff, 0xbf, 0xf1,
    0x91, 0x6, 0x3, 0x22, 0xc, 0x6, 0x44, 0x18,
    0xf, 0xff, 0xff, 0x80, 0x30, 0x60, 0x35, 0xa0,
    0xc0, 0x6b, 0x61, 0x80, 0xd2, 0x43, 0x1, 0x24,
    0x86, 0x6, 0x48, 0xc, 0x8, 0x0, 0x18, 0x0,

    /* U+9DAF "鶯" */
    0x6, 0x41, 0x80, 0x9b, 0x26, 0x61, 0x48, 0xdb,
    0x3, 0xc0, 0xf0, 0x39, 0xce, 0x38, 0xc0, 0x20,
    0x27, 0xff, 0xff, 0x98, 0x8, 0x2, 0x6f, 0xff,
    0xc9, 0xb0, 0x3, 0x20, 0xff, 0xfc, 0x3, 0x0,
    0x30, 0xf, 0xff, 0xc0, 0x30, 0x0, 0x0, 0xff,
    0xff, 0xc3, 0x0, 0x0, 0xf, 0xff, 0xf8, 0x0,
    0x0, 0x61, 0x13, 0x31, 0x8c, 0xc4, 0x46, 0x61,
    0x19, 0x39, 0x4, 0x3, 0xc0,

    /* U+9EB5 "麵" */
    0x6, 0x0, 0x0, 0xc, 0x3f, 0xf9, 0xff, 0x83,
    0x1, 0x32, 0x4, 0x2, 0x6d, 0xff, 0xc6, 0xdb,
    0xff, 0x9d, 0xfe, 0xcf, 0x63, 0x9d, 0x9e, 0x4f,
    0x9b, 0x3c, 0x31, 0xb7, 0xf9, 0x81, 0xec, 0xf0,
    0x60, 0xd9, 0xe7, 0xfd, 0xbf, 0xcf, 0x1b, 0x67,
    0x8c, 0x66, 0xcf, 0x38, 0xcd, 0x9e, 0x53, 0x1f,
    0xfc, 0x3e, 0x3f, 0xf8, 0x38, 0x60, 0x30, 0xf0,
    0x0, 0x7, 0x9c, 0x0, 0xc, 0xf, 0xff, 0x80,

    /* U+9EDE "點" */
    0x7f, 0xc1, 0x81, 0xff, 0x6, 0x4, 0x44, 0x18,
    0x19, 0x70, 0x60, 0x55, 0x41, 0x81, 0x55, 0x7,
    0xf4, 0x44, 0x18, 0x11, 0x10, 0x60, 0x7f, 0xc1,
    0x80, 0x10, 0x6, 0x0, 0x40, 0x18, 0x1f, 0xff,
    0xfe, 0x4, 0x1f, 0xf8, 0x10, 0x60, 0x6f, 0xff,
    0x81, 0xbf, 0xfe, 0x6, 0x0, 0x18, 0x19, 0x69,
    0x60, 0x65, 0xb5, 0x81, 0xb6, 0x4f, 0xfe, 0xc8,
    0x18, 0x18, 0x0, 0x60, 0x60,

    /* U+9F3B "鼻" */
    0x0, 0x30, 0x0, 0x1, 0xc0, 0x0, 0xff, 0xfc,
    0x3, 0x0, 0x30, 0xf, 0xff, 0xc0, 0x30, 0x3,
    0x0, 0xff, 0xfc, 0x3, 0x0, 0x30, 0xf, 0xff,
    0xc0, 0x0, 0x0, 0x3, 0xff, 0xff, 0xc, 0xc,
    0xc, 0x3f, 0xff, 0xf0, 0xc0, 0xc0, 0xc3, 0xff,
    0xff, 0xf, 0xff, 0xfc, 0xff, 0xff, 0xff, 0xff,
    0xff, 0xf0, 0x20, 0x30, 0x3, 0x80, 0xc0, 0x7c,
    0x3, 0x1, 0x80, 0xc, 0x0,

    /* U+FF01 "！" */
    0xff, 0xff, 0xff, 0x3, 0xf0,

    /* U+FF03 "＃" */
    0x2, 0x8, 0x3, 0x4, 0x1, 0x86, 0x0, 0xc3,
    0x0, 0x61, 0x83, 0xff, 0xfc, 0x10, 0x40, 0x8,
    0x20, 0x4, 0x10, 0x6, 0x8, 0x3, 0xc, 0x1f,
    0xff, 0xe0, 0x83, 0x0, 0x41, 0x0, 0x20, 0x80,
    0x10, 0x40, 0x18, 0x20, 0x0,

    /* U+FF05 "％" */
    0x3c, 0x3, 0x3, 0x30, 0x30, 0x30, 0x81, 0x1,
    0x86, 0x18, 0xc, 0x30, 0x80, 0x61, 0x8c, 0x3,
    0xc, 0x40, 0x18, 0x66, 0x7c, 0x42, 0x26, 0x33,
    0x33, 0x30, 0x8f, 0x13, 0x6, 0x1, 0x18, 0x30,
    0x18, 0xc1, 0x80, 0x86, 0xc, 0xc, 0x30, 0x60,
    0x40, 0xc6, 0x6, 0x6, 0x30, 0x20, 0x1f, 0x0,

    /* U+FF06 "＆" */
    0xf, 0x0, 0x33, 0x0, 0xc3, 0x1, 0x86, 0x3,
    0xc, 0x6, 0x30, 0x6, 0xe0, 0xf, 0x80, 0x1c,
    0x6, 0x7c, 0x19, 0x9c, 0x36, 0x1c, 0x6c, 0x1d,
    0x98, 0x1f, 0x30, 0x1e, 0x38, 0x7e, 0x7f, 0xce,
    0x3e, 0x8,

    /* U+FF08 "（" */
    0x0, 0x31, 0x8e, 0x31, 0x86, 0x18, 0xc3, 0xc,
    0x30, 0xc3, 0xc, 0x30, 0x61, 0x87, 0xc, 0x18,
    0x70, 0xc0,

    /* U+FF09 "）" */
    0x3, 0x6, 0x1c, 0x30, 0x61, 0x86, 0xc, 0x30,
    0xc3, 0xc, 0x30, 0xc3, 0x18, 0x63, 0x8c, 0x63,
    0x8c, 0x0,

    /* U+FF0A "＊" */
    0x0, 0x80, 0x0, 0x40, 0x0, 0x20, 0x0, 0x10,
    0x4, 0x8, 0x13, 0x84, 0x38, 0x72, 0x70, 0xf,
    0xe0, 0x3, 0xe0, 0x1, 0xf0, 0x1, 0xfc, 0x3,
    0x93, 0x87, 0x8, 0x72, 0x4, 0x8, 0x2, 0x0,
    0x1, 0x0, 0x0, 0x80, 0x0, 0x40, 0x0,

    /* U+FF0B "＋" */
    0x0, 0x80, 0x0, 0x40, 0x0, 0x20, 0x0, 0x10,
    0x0, 0x8, 0x0, 0x4, 0x0, 0x2, 0x0, 0x1,
    0x0, 0xff, 0xff, 0x80, 0x40, 0x0, 0x20, 0x0,
    0x10, 0x0, 0x8, 0x0, 0x4, 0x0, 0x2, 0x0,
    0x1, 0x0, 0x0, 0x80, 0x0,

    /* U+FF0C "，" */
    0x73, 0xde, 0x31, 0x9b, 0x90,

    /* U+FF0D "－" */
    0xff, 0xff, 0x80,

    /* U+FF0F "／" */
    0x0, 0x0, 0x4, 0x0, 0x0, 0x20, 0x0, 0x1,
    0x0, 0x0, 0x8, 0x0, 0x0, 0x40, 0x0, 0x2,
    0x0, 0x0, 0x10, 0x0, 0x0, 0x80, 0x0, 0x4,
    0x0, 0x0, 0x20, 0x0, 0x1, 0x0, 0x0, 0x8,
    0x0, 0x0, 0x40, 0x0, 0x2, 0x0, 0x0, 0x10,
    0x0, 0x0, 0x80, 0x0, 0x4, 0x0, 0x0, 0x20,
    0x0, 0x1, 0x0, 0x0, 0x8, 0x0, 0x0, 0x40,
    0x0, 0x2, 0x0, 0x0, 0x0,

    /* U+FF1A "：" */
    0x6f, 0x60, 0x0, 0x0, 0x0, 0x6, 0xf6,

    /* U+FF1B "；" */
    0x33, 0xcc, 0x0, 0x0, 0x0, 0x0, 0xe, 0xf3,
    0x84, 0x63, 0x72, 0x0,

    /* U+FF1D "＝" */
    0xff, 0xff, 0x80, 0x0, 0x0, 0x0, 0x0, 0x0,
    0x0, 0x0, 0x7, 0xff, 0xfc,

    /* U+FF1F "？" */
    0x1f, 0xf, 0xfb, 0x83, 0xa0, 0x30, 0x6, 0x0,
    0xc0, 0x30, 0xe, 0x3, 0x80, 0xe0, 0x18, 0x6,
    0x0, 0xc0, 0x0, 0x0, 0x0, 0x70, 0xe, 0x1,
    0xc0,

    /* U+FF20 "＠" */
    0x0, 0xfc, 0x0, 0x30, 0x30, 0xc, 0x1, 0xc1,
    0x80, 0xc, 0x30, 0x0, 0x63, 0x0, 0x6, 0x60,
    0xf4, 0x36, 0x19, 0xc3, 0xc3, 0xc, 0x3c, 0x30,
    0xc3, 0xc6, 0x8, 0x3c, 0x61, 0x83, 0xc6, 0x18,
    0x6c, 0x61, 0x86, 0xc3, 0x28, 0xcc, 0x1c, 0xf0,
    0x60, 0x0, 0x6, 0x0, 0x0, 0x30, 0x0, 0x1,
    0x80, 0x0, 0xe, 0xc, 0x0, 0x3f, 0x80,

    /* U+FF3C "＼" */
    0x80, 0x0, 0x1, 0x0, 0x0, 0x2, 0x0, 0x0,
    0x4, 0x0, 0x0, 0x8, 0x0, 0x0, 0x10, 0x0,
    0x0, 0x20, 0x0, 0x0, 0x40, 0x0, 0x0, 0x80,
    0x0, 0x1, 0x0, 0x0, 0x2, 0x0, 0x0, 0x4,
    0x0, 0x0, 0x8, 0x0, 0x0, 0x10, 0x0, 0x0,
    0x20, 0x0, 0x0, 0x40, 0x0, 0x0, 0x80, 0x0,
    0x1, 0x0, 0x0, 0x2, 0x0, 0x0, 0x4, 0x0,
    0x0, 0x8, 0x0, 0x0, 0x10,

    /* U+FF5E "～" */
    0xf, 0x80, 0x0, 0xff, 0x80, 0x7, 0xf, 0x1,
    0xf8, 0xe, 0xe, 0x0, 0x1f, 0xf0, 0x0, 0x1f,
    0x0
};


/*---------------------
 *  GLYPH DESCRIPTION
 *--------------------*/

static const lv_font_fmt_txt_glyph_dsc_t glyph_dsc[] = {
    {.bitmap_index = 0, .adv_w = 0, .box_w = 0, .box_h = 0, .ofs_x = 0, .ofs_y = 0} /* id = 0 reserved */,
    {.bitmap_index = 0, .adv_w = 86, .box_w = 1, .box_h = 1, .ofs_x = 0, .ofs_y = 0},
    {.bitmap_index = 1, .adv_w = 124, .box_w = 3, .box_h = 18, .ofs_x = 2, .ofs_y = 0},
    {.bitmap_index = 8, .adv_w = 182, .box_w = 7, .box_h = 7, .ofs_x = 2, .ofs_y = 13},
    {.bitmap_index = 15, .adv_w = 213, .box_w = 12, .box_h = 18, .ofs_x = 1, .ofs_y = 0},
    {.bitmap_index = 42, .adv_w = 213, .box_w = 11, .box_h = 25, .ofs_x = 1, .ofs_y = -3},
    {.bitmap_index = 77, .adv_w = 354, .box_w = 20, .box_h = 18, .ofs_x = 1, .ofs_y = 0},
    {.bitmap_index = 122, .adv_w = 261, .box_w = 15, .box_h = 18, .ofs_x = 1, .ofs_y = 0},
    {.bitmap_index = 156, .adv_w = 107, .box_w = 2, .box_h = 7, .ofs_x = 2, .ofs_y = 13},
    {.bitmap_index = 158, .adv_w = 130, .box_w = 5, .box_h = 26, .ofs_x = 2, .ofs_y = -5},
    {.bitmap_index = 175, .adv_w = 130, .box_w = 5, .box_h = 26, .ofs_x = 1, .ofs_y = -5},
    {.bitmap_index = 192, .adv_w = 179, .box_w = 8, .box_h = 8, .ofs_x = 2, .ofs_y = 12},
    {.bitmap_index = 200, .adv_w = 213, .box_w = 12, .box_h = 12, .ofs_x = 1, .ofs_y = 3},
    {.bitmap_index = 218, .adv_w = 107, .box_w = 5, .box_h = 8, .ofs_x = 1, .ofs_y = -5},
    {.bitmap_index = 223, .adv_w = 133, .box_w = 6, .box_h = 2, .ofs_x = 1, .ofs_y = 6},
    {.bitmap_index = 225, .adv_w = 107, .box_w = 3, .box_h = 3, .ofs_x = 2, .ofs_y = 0},
    {.bitmap_index = 227, .adv_w = 151, .box_w = 9, .box_h = 25, .ofs_x = 0, .ofs_y = -5},
    {.bitmap_index = 256, .adv_w = 213, .box_w = 11, .box_h = 18, .ofs_x = 1, .ofs_y = 0},
    {.bitmap_index = 281, .adv_w = 213, .box_w = 10, .box_h = 18, .ofs_x = 2, .ofs_y = 0},
    {.bitmap_index = 304, .adv_w = 213, .box_w = 11, .box_h = 18, .ofs_x = 1, .ofs_y = 0},
    {.bitmap_index = 329, .adv_w = 213, .box_w = 12, .box_h = 18, .ofs_x = 0, .ofs_y = 0},
    {.bitmap_index = 356, .adv_w = 213, .box_w = 13, .box_h = 18, .ofs_x = 0, .ofs_y = 0},
    {.bitmap_index = 386, .adv_w = 213, .box_w = 12, .box_h = 18, .ofs_x = 0, .ofs_y = 0},
    {.bitmap_index = 413, .adv_w = 213, .box_w = 11, .box_h = 18, .ofs_x = 1, .ofs_y = 0},
    {.bitmap_index = 438, .adv_w = 213, .box_w = 11, .box_h = 18, .ofs_x = 1, .ofs_y = 0},
    {.bitmap_index = 463, .adv_w = 213, .box_w = 11, .box_h = 18, .ofs_x = 1, .ofs_y = 0},
    {.bitmap_index = 488, .adv_w = 213, .box_w = 11, .box_h = 18, .ofs_x = 1, .ofs_y = 0},
    {.bitmap_index = 513, .adv_w = 107, .box_w = 3, .box_h = 14, .ofs_x = 2, .ofs_y = 0},
    {.bitmap_index = 519, .adv_w = 107, .box_w = 4, .box_h = 19, .ofs_x = 2, .ofs_y = -5},
    {.bitmap_index = 529, .adv_w = 213, .box_w = 12, .box_h = 11, .ofs_x = 1, .ofs_y = 4},
    {.bitmap_index = 546, .adv_w = 213, .box_w = 12, .box_h = 8, .ofs_x = 1, .ofs_y = 5},
    {.bitmap_index = 558, .adv_w = 213, .box_w = 12, .box_h = 11, .ofs_x = 1, .ofs_y = 4},
    {.bitmap_index = 575, .adv_w = 182, .box_w = 9, .box_h = 18, .ofs_x = 1, .ofs_y = 0},
    {.bitmap_index = 596, .adv_w = 363, .box_w = 20, .box_h = 23, .ofs_x = 1, .ofs_y = -5},
    {.bitmap_index = 654, .adv_w = 233, .box_w = 14, .box_h = 18, .ofs_x = 0, .ofs_y = 0},
    {.bitmap_index = 686, .adv_w = 252, .box_w = 12, .box_h = 18, .ofs_x = 2, .ofs_y = 0},
    {.bitmap_index = 713, .adv_w = 245, .box_w = 13, .box_h = 18, .ofs_x = 1, .ofs_y = 0},
    {.bitmap_index = 743, .adv_w = 264, .box_w = 13, .box_h = 18, .ofs_x = 2, .ofs_y = 0},
    {.bitmap_index = 773, .adv_w = 226, .box_w = 11, .box_h = 18, .ofs_x = 2, .ofs_y = 0},
    {.bitmap_index = 798, .adv_w = 212, .box_w = 10, .box_h = 18, .ofs_x = 2, .ofs_y = 0},
    {.bitmap_index = 821, .adv_w = 265, .box_w = 13, .box_h = 18, .ofs_x = 1, .ofs_y = 0},
    {.bitmap_index = 851, .adv_w = 280, .box_w = 13, .box_h = 18, .ofs_x = 2, .ofs_y = 0},
    {.bitmap_index = 881, .adv_w = 113, .box_w = 2, .box_h = 18, .ofs_x = 2, .ofs_y = 0},
    {.bitmap_index = 886, .adv_w = 205, .box_w = 9, .box_h = 18, .ofs_x = 1, .ofs_y = 0},
    {.bitmap_index = 907, .adv_w = 248, .box_w = 13, .box_h = 18, .ofs_x = 2, .ofs_y = 0},
    {.bitmap_index = 937, .adv_w = 209, .box_w = 10, .box_h = 18, .ofs_x = 2, .ofs_y = 0},
    {.bitmap_index = 960, .adv_w = 312, .box_w = 15, .box_h = 18, .ofs_x = 2, .ofs_y = 0},
    {.bitmap_index = 994, .adv_w = 278, .box_w = 13, .box_h = 18, .ofs_x = 2, .ofs_y = 0},
    {.bitmap_index = 1024, .adv_w = 285, .box_w = 15, .box_h = 18, .ofs_x = 1, .ofs_y = 0},
    {.bitmap_index = 1058, .adv_w = 243, .box_w = 11, .box_h = 18, .ofs_x = 2, .ofs_y = 0},
    {.bitmap_index = 1083, .adv_w = 285, .box_w = 15, .box_h = 22, .ofs_x = 1, .ofs_y = -4},
    {.bitmap_index = 1125, .adv_w = 244, .box_w = 13, .box_h = 18, .ofs_x = 2, .ofs_y = 0},
    {.bitmap_index = 1155, .adv_w = 229, .box_w = 12, .box_h = 18, .ofs_x = 1, .ofs_y = 0},
    {.bitmap_index = 1182, .adv_w = 230, .box_w = 13, .box_h = 18, .ofs_x = 1, .ofs_y = 0},
    {.bitmap_index = 1212, .adv_w = 277, .box_w = 13, .box_h = 18, .ofs_x = 2, .ofs_y = 0},
    {.bitmap_index = 1242, .adv_w = 221, .box_w = 14, .box_h = 18, .ofs_x = 0, .ofs_y = 0},
    {.bitmap_index = 1274, .adv_w = 337, .box_w = 19, .box_h = 18, .ofs_x = 1, .ofs_y = 0},
    {.bitmap_index = 1317, .adv_w = 220, .box_w = 13, .box_h = 18, .ofs_x = 0, .ofs_y = 0},
    {.bitmap_index = 1347, .adv_w = 204, .box_w = 12, .box_h = 18, .ofs_x = 0, .ofs_y = 0},
    {.bitmap_index = 1374, .adv_w = 232, .box_w = 12, .box_h = 18, .ofs_x = 1, .ofs_y = 0},
    {.bitmap_index = 1401, .adv_w = 130, .box_w = 5, .box_h = 25, .ofs_x = 3, .ofs_y = -5},
    {.bitmap_index = 1417, .adv_w = 151, .box_w = 9, .box_h = 25, .ofs_x = 0, .ofs_y = -5},
    {.bitmap_index = 1446, .adv_w = 130, .box_w = 5, .box_h = 25, .ofs_x = 1, .ofs_y = -5},
    {.bitmap_index = 1462, .adv_w = 213, .box_w = 10, .box_h = 11, .ofs_x = 2, .ofs_y = 8},
    {.bitmap_index = 1476, .adv_w = 215, .box_w = 13, .box_h = 2, .ofs_x = 1, .ofs_y = -4},
    {.bitmap_index = 1480, .adv_w = 233, .box_w = 6, .box_h = 6, .ofs_x = 3, .ofs_y = 16},
    {.bitmap_index = 1485, .adv_w = 216, .box_w = 10, .box_h = 14, .ofs_x = 1, .ofs_y = 0},
    {.bitmap_index = 1503, .adv_w = 237, .box_w = 11, .box_h = 20, .ofs_x = 2, .ofs_y = 0},
    {.bitmap_index = 1531, .adv_w = 196, .box_w = 10, .box_h = 14, .ofs_x = 1, .ofs_y = 0},
    {.bitmap_index = 1549, .adv_w = 238, .box_w = 11, .box_h = 20, .ofs_x = 1, .ofs_y = 0},
    {.bitmap_index = 1577, .adv_w = 213, .box_w = 11, .box_h = 14, .ofs_x = 1, .ofs_y = 0},
    {.bitmap_index = 1597, .adv_w = 125, .box_w = 8, .box_h = 20, .ofs_x = 1, .ofs_y = 0},
    {.bitmap_index = 1617, .adv_w = 217, .box_w = 12, .box_h = 20, .ofs_x = 1, .ofs_y = -6},
    {.bitmap_index = 1647, .adv_w = 233, .box_w = 10, .box_h = 20, .ofs_x = 2, .ofs_y = 0},
    {.bitmap_index = 1672, .adv_w = 106, .box_w = 3, .box_h = 20, .ofs_x = 2, .ofs_y = 0},
    {.bitmap_index = 1680, .adv_w = 106, .box_w = 6, .box_h = 26, .ofs_x = -1, .ofs_y = -6},
    {.bitmap_index = 1700, .adv_w = 212, .box_w = 11, .box_h = 20, .ofs_x = 2, .ofs_y = 0},
    {.bitmap_index = 1728, .adv_w = 109, .box_w = 3, .box_h = 20, .ofs_x = 2, .ofs_y = 0},
    {.bitmap_index = 1736, .adv_w = 356, .box_w = 18, .box_h = 14, .ofs_x = 2, .ofs_y = 0},
    {.bitmap_index = 1768, .adv_w = 234, .box_w = 10, .box_h = 14, .ofs_x = 2, .ofs_y = 0},
    {.bitmap_index = 1786, .adv_w = 233, .box_w = 12, .box_h = 14, .ofs_x = 1, .ofs_y = 0},
    {.bitmap_index = 1807, .adv_w = 238, .box_w = 11, .box_h = 20, .ofs_x = 2, .ofs_y = -6},
    {.bitmap_index = 1835, .adv_w = 238, .box_w = 11, .box_h = 20, .ofs_x = 1, .ofs_y = -6},
    {.bitmap_index = 1863, .adv_w = 149, .box_w = 7, .box_h = 14, .ofs_x = 2, .ofs_y = 0},
    {.bitmap_index = 1876, .adv_w = 180, .box_w = 10, .box_h = 14, .ofs_x = 0, .ofs_y = 0},
    {.bitmap_index = 1894, .adv_w = 145, .box_w = 8, .box_h = 18, .ofs_x = 1, .ofs_y = 0},
    {.bitmap_index = 1912, .adv_w = 233, .box_w = 10, .box_h = 14, .ofs_x = 2, .ofs_y = 0},
    {.bitmap_index = 1930, .adv_w = 200, .box_w = 12, .box_h = 14, .ofs_x = 0, .ofs_y = 0},
    {.bitmap_index = 1951, .adv_w = 308, .box_w = 18, .box_h = 14, .ofs_x = 1, .ofs_y = 0},
    {.bitmap_index = 1983, .adv_w = 191, .box_w = 12, .box_h = 14, .ofs_x = 0, .ofs_y = 0},
    {.bitmap_index = 2004, .adv_w = 200, .box_w = 12, .box_h = 20, .ofs_x = 0, .ofs_y = -6},
    {.bitmap_index = 2034, .adv_w = 182, .box_w = 10, .box_h = 14, .ofs_x = 1, .ofs_y = 0},
    {.bitmap_index = 2052, .adv_w = 130, .box_w = 7, .box_h = 25, .ofs_x = 1, .ofs_y = -5},
    {.bitmap_index = 2074, .adv_w = 104, .box_w = 2, .box_h = 28, .ofs_x = 2, .ofs_y = -7},
    {.bitmap_index = 2081, .adv_w = 130, .box_w = 7, .box_h = 25, .ofs_x = 0, .ofs_y = -5},
    {.bitmap_index = 2103, .adv_w = 213, .box_w = 11, .box_h = 4, .ofs_x = 1, .ofs_y = 7},
    {.bitmap_index = 2109, .adv_w = 384, .box_w = 5, .box_h = 5, .ofs_x = 9, .ofs_y = 7},
    {.bitmap_index = 2113, .adv_w = 343, .box_w = 19, .box_h = 2, .ofs_x = 1, .ofs_y = 6},
    {.bitmap_index = 2118, .adv_w = 384, .box_w = 19, .box_h = 3, .ofs_x = 2, .ofs_y = 8},
    {.bitmap_index = 2126, .adv_w = 384, .box_w = 6, .box_h = 6, .ofs_x = 9, .ofs_y = 6},
    {.bitmap_index = 2131, .adv_w = 384, .box_w = 7, .box_h = 7, .ofs_x = 9, .ofs_y = 6},
    {.bitmap_index = 2138, .adv_w = 384, .box_w = 9, .box_h = 22, .ofs_x = 14, .ofs_y = -2},
    {.bitmap_index = 2163, .adv_w = 384, .box_w = 9, .box_h = 22, .ofs_x = 1, .ofs_y = -2},
    {.bitmap_index = 2188, .adv_w = 384, .box_w = 10, .box_h = 22, .ofs_x = 13, .ofs_y = -2},
    {.bitmap_index = 2216, .adv_w = 384, .box_w = 10, .box_h = 22, .ofs_x = 1, .ofs_y = -2},
    {.bitmap_index = 2244, .adv_w = 384, .box_w = 8, .box_h = 15, .ofs_x = 15, .ofs_y = 5},
    {.bitmap_index = 2259, .adv_w = 384, .box_w = 8, .box_h = 15, .ofs_x = 1, .ofs_y = -2},
    {.bitmap_index = 2274, .adv_w = 384, .box_w = 9, .box_h = 16, .ofs_x = 14, .ofs_y = 4},
    {.bitmap_index = 2292, .adv_w = 384, .box_w = 9, .box_h = 16, .ofs_x = 1, .ofs_y = -2},
    {.bitmap_index = 2310, .adv_w = 384, .box_w = 7, .box_h = 22, .ofs_x = 16, .ofs_y = -2},
    {.bitmap_index = 2330, .adv_w = 384, .box_w = 7, .box_h = 22, .ofs_x = 1, .ofs_y = -2},
    {.bitmap_index = 2350, .adv_w = 384, .box_w = 22, .box_h = 2, .ofs_x = 1, .ofs_y = 8},
    {.bitmap_index = 2356, .adv_w = 384, .box_w = 21, .box_h = 18, .ofs_x = 1, .ofs_y = 0},
    {.bitmap_index = 2404, .adv_w = 384, .box_w = 22, .box_h = 20, .ofs_x = 1, .ofs_y = -1},
    {.bitmap_index = 2459, .adv_w = 384, .box_w = 21, .box_h = 20, .ofs_x = 2, .ofs_y = -2},
    {.bitmap_index = 2512, .adv_w = 384, .box_w = 23, .box_h = 21, .ofs_x = 0, .ofs_y = -2},
    {.bitmap_index = 2573, .adv_w = 384, .box_w = 23, .box_h = 20, .ofs_x = 1, .ofs_y = 0},
    {.bitmap_index = 2631, .adv_w = 384, .box_w = 20, .box_h = 22, .ofs_x = 2, .ofs_y = -2},
    {.bitmap_index = 2686, .adv_w = 384, .box_w = 22, .box_h = 21, .ofs_x = 1, .ofs_y = -1},
    {.bitmap_index = 2744, .adv_w = 384, .box_w = 23, .box_h = 22, .ofs_x = 1, .ofs_y = -1},
    {.bitmap_index = 2808, .adv_w = 384, .box_w = 22, .box_h = 22, .ofs_x = 1, .ofs_y = -2},
    {.bitmap_index = 2869, .adv_w = 384, .box_w = 20, .box_h = 20, .ofs_x = 2, .ofs_y = -2},
    {.bitmap_index = 2919, .adv_w = 384, .box_w = 22, .box_h = 22, .ofs_x = 1, .ofs_y = -2},
    {.bitmap_index = 2980, .adv_w = 384, .box_w = 21, .box_h = 17, .ofs_x = 2, .ofs_y = 0},
    {.bitmap_index = 3025, .adv_w = 384, .box_w = 21, .box_h = 19, .ofs_x = 2, .ofs_y = -1},
    {.bitmap_index = 3075, .adv_w = 384, .box_w = 22, .box_h = 22, .ofs_x = 1, .ofs_y = -2},
    {.bitmap_index = 3136, .adv_w = 384, .box_w = 22, .box_h = 22, .ofs_x = 0, .ofs_y = -2},
    {.bitmap_index = 3197, .adv_w = 384, .box_w = 23, .box_h = 22, .ofs_x = 0, .ofs_y = -2},
    {.bitmap_index = 3261, .adv_w = 384, .box_w = 22, .box_h = 22, .ofs_x = 1, .ofs_y = -2},
    {.bitmap_index = 3322, .adv_w = 384, .box_w = 23, .box_h = 22, .ofs_x = 0, .ofs_y = -2},
    {.bitmap_index = 3386, .adv_w = 384, .box_w = 22, .box_h = 21, .ofs_x = 1, .ofs_y = -2},
    {.bitmap_index = 3444, .adv_w = 384, .box_w = 22, .box_h = 22, .ofs_x = 1, .ofs_y = -2},
    {.bitmap_index = 3505, .adv_w = 384, .box_w = 22, .box_h = 22, .ofs_x = 1, .ofs_y = -2},
    {.bitmap_index = 3566, .adv_w = 384, .box_w = 24, .box_h = 22, .ofs_x = 0, .ofs_y = -2},
    {.bitmap_index = 3632, .adv_w = 384, .box_w = 23, .box_h = 22, .ofs_x = 0, .ofs_y = -2},
    {.bitmap_index = 3696, .adv_w = 384, .box_w = 23, .box_h = 22, .ofs_x = 0, .ofs_y = -2},
    {.bitmap_index = 3760, .adv_w = 384, .box_w = 22, .box_h = 23, .ofs_x = 1, .ofs_y = -2},
    {.bitmap_index = 3824, .adv_w = 384, .box_w = 22, .box_h = 22, .ofs_x = 1, .ofs_y = -2},
    {.bitmap_index = 3885, .adv_w = 384, .box_w = 22, .box_h = 22, .ofs_x = 1, .ofs_y = -2},
    {.bitmap_index = 3946, .adv_w = 384, .box_w = 22, .box_h = 22, .ofs_x = 1, .ofs_y = -2},
    {.bitmap_index = 4007, .adv_w = 384, .box_w = 22, .box_h = 23, .ofs_x = 0, .ofs_y = -2},
    {.bitmap_index = 4071, .adv_w = 384, .box_w = 23, .box_h = 22, .ofs_x = 1, .ofs_y = -2},
    {.bitmap_index = 4135, .adv_w = 384, .box_w = 22, .box_h = 22, .ofs_x = 1, .ofs_y = -2},
    {.bitmap_index = 4196, .adv_w = 384, .box_w = 24, .box_h = 22, .ofs_x = 1, .ofs_y = -2},
    {.bitmap_index = 4262, .adv_w = 384, .box_w = 22, .box_h = 22, .ofs_x = 1, .ofs_y = -2},
    {.bitmap_index = 4323, .adv_w = 384, .box_w = 22, .box_h = 21, .ofs_x = 1, .ofs_y = -2},
    {.bitmap_index = 4381, .adv_w = 384, .box_w = 22, .box_h = 22, .ofs_x = 0, .ofs_y = -2},
    {.bitmap_index = 4442, .adv_w = 384, .box_w = 23, .box_h = 22, .ofs_x = 0, .ofs_y = -2},
    {.bitmap_index = 4506, .adv_w = 384, .box_w = 22, .box_h = 22, .ofs_x = 1, .ofs_y = -2},
    {.bitmap_index = 4567, .adv_w = 384, .box_w = 23, .box_h = 22, .ofs_x = 0, .ofs_y = -2},
    {.bitmap_index = 4631, .adv_w = 384, .box_w = 22, .box_h = 21, .ofs_x = 0, .ofs_y = -2},
    {.bitmap_index = 4689, .adv_w = 384, .box_w = 23, .box_h = 22, .ofs_x = 1, .ofs_y = -2},
    {.bitmap_index = 4753, .adv_w = 384, .box_w = 23, .box_h = 22, .ofs_x = 0, .ofs_y = -2},
    {.bitmap_index = 4817, .adv_w = 384, .box_w = 23, .box_h = 21, .ofs_x = 1, .ofs_y = -2},
    {.bitmap_index = 4878, .adv_w = 384, .box_w = 22, .box_h = 23, .ofs_x = 1, .ofs_y = -3},
    {.bitmap_index = 4942, .adv_w = 384, .box_w = 22, .box_h = 22, .ofs_x = 1, .ofs_y = -2},
    {.bitmap_index = 5003, .adv_w = 384, .box_w = 19, .box_h = 21, .ofs_x = 3, .ofs_y = -2},
    {.bitmap_index = 5053, .adv_w = 384, .box_w = 22, .box_h = 21, .ofs_x = 1, .ofs_y = -2},
    {.bitmap_index = 5111, .adv_w = 384, .box_w = 23, .box_h = 21, .ofs_x = 1, .ofs_y = -1},
    {.bitmap_index = 5172, .adv_w = 384, .box_w = 21, .box_h = 22, .ofs_x = 2, .ofs_y = -2},
    {.bitmap_index = 5230, .adv_w = 384, .box_w = 23, .box_h = 22, .ofs_x = 1, .ofs_y = -2},
    {.bitmap_index = 5294, .adv_w = 384, .box_w = 22, .box_h = 21, .ofs_x = 1, .ofs_y = -2},
    {.bitmap_index = 5352, .adv_w = 384, .box_w = 19, .box_h = 23, .ofs_x = 2, .ofs_y = -2},
    {.bitmap_index = 5407, .adv_w = 384, .box_w = 23, .box_h = 22, .ofs_x = 0, .ofs_y = -2},
    {.bitmap_index = 5471, .adv_w = 384, .box_w = 22, .box_h = 22, .ofs_x = 0, .ofs_y = -2},
    {.bitmap_index = 5532, .adv_w = 384, .box_w = 20, .box_h = 22, .ofs_x = 2, .ofs_y = -2},
    {.bitmap_index = 5587, .adv_w = 384, .box_w = 21, .box_h = 22, .ofs_x = 1, .ofs_y = -2},
    {.bitmap_index = 5645, .adv_w = 384, .box_w = 21, .box_h = 23, .ofs_x = 1, .ofs_y = -2},
    {.bitmap_index = 5706, .adv_w = 384, .box_w = 22, .box_h = 21, .ofs_x = 1, .ofs_y = -2},
    {.bitmap_index = 5764, .adv_w = 384, .box_w = 22, .box_h = 22, .ofs_x = 0, .ofs_y = -2},
    {.bitmap_index = 5825, .adv_w = 384, .box_w = 22, .box_h = 22, .ofs_x = 0, .ofs_y = -2},
    {.bitmap_index = 5886, .adv_w = 384, .box_w = 21, .box_h = 22, .ofs_x = 1, .ofs_y = -2},
    {.bitmap_index = 5944, .adv_w = 384, .box_w = 22, .box_h = 22, .ofs_x = 1, .ofs_y = -2},
    {.bitmap_index = 6005, .adv_w = 384, .box_w = 21, .box_h = 22, .ofs_x = 1, .ofs_y = -2},
    {.bitmap_index = 6063, .adv_w = 384, .box_w = 22, .box_h = 22, .ofs_x = 1, .ofs_y = -2},
    {.bitmap_index = 6124, .adv_w = 384, .box_w = 22, .box_h = 22, .ofs_x = 1, .ofs_y = -2},
    {.bitmap_index = 6185, .adv_w = 384, .box_w = 22, .box_h = 22, .ofs_x = 1, .ofs_y = -2},
    {.bitmap_index = 6246, .adv_w = 384, .box_w = 22, .box_h = 20, .ofs_x = 1, .ofs_y = -1},
    {.bitmap_index = 6301, .adv_w = 384, .box_w = 22, .box_h = 22, .ofs_x = 1, .ofs_y = -2},
    {.bitmap_index = 6362, .adv_w = 384, .box_w = 22, .box_h = 22, .ofs_x = 1, .ofs_y = -2},
    {.bitmap_index = 6423, .adv_w = 384, .box_w = 22, .box_h = 21, .ofs_x = 1, .ofs_y = -2},
    {.bitmap_index = 6481, .adv_w = 384, .box_w = 22, .box_h = 21, .ofs_x = 1, .ofs_y = -2},
    {.bitmap_index = 6539, .adv_w = 384, .box_w = 22, .box_h = 22, .ofs_x = 1, .ofs_y = -2},
    {.bitmap_index = 6600, .adv_w = 384, .box_w = 23, .box_h = 21, .ofs_x = 0, .ofs_y = -2},
    {.bitmap_index = 6661, .adv_w = 384, .box_w = 23, .box_h = 22, .ofs_x = 1, .ofs_y = -2},
    {.bitmap_index = 6725, .adv_w = 384, .box_w = 23, .box_h = 21, .ofs_x = 1, .ofs_y = -2},
    {.bitmap_index = 6786, .adv_w = 384, .box_w = 20, .box_h = 22, .ofs_x = 2, .ofs_y = -2},
    {.bitmap_index = 6841, .adv_w = 384, .box_w = 23, .box_h = 22, .ofs_x = 1, .ofs_y = -2},
    {.bitmap_index = 6905, .adv_w = 384, .box_w = 20, .box_h = 21, .ofs_x = 2, .ofs_y = -2},
    {.bitmap_index = 6958, .adv_w = 384, .box_w = 21, .box_h = 21, .ofs_x = 1, .ofs_y = -2},
    {.bitmap_index = 7014, .adv_w = 384, .box_w = 21, .box_h = 22, .ofs_x = 1, .ofs_y = -2},
    {.bitmap_index = 7072, .adv_w = 384, .box_w = 21, .box_h = 23, .ofs_x = 1, .ofs_y = -3},
    {.bitmap_index = 7133, .adv_w = 384, .box_w = 21, .box_h = 21, .ofs_x = 2, .ofs_y = -2},
    {.bitmap_index = 7189, .adv_w = 384, .box_w = 21, .box_h = 22, .ofs_x = 2, .ofs_y = -2},
    {.bitmap_index = 7247, .adv_w = 384, .box_w = 22, .box_h = 22, .ofs_x = 2, .ofs_y = -2},
    {.bitmap_index = 7308, .adv_w = 384, .box_w = 21, .box_h = 22, .ofs_x = 1, .ofs_y = -2},
    {.bitmap_index = 7366, .adv_w = 384, .box_w = 23, .box_h = 22, .ofs_x = 0, .ofs_y = -2},
    {.bitmap_index = 7430, .adv_w = 384, .box_w = 20, .box_h = 19, .ofs_x = 2, .ofs_y = -1},
    {.bitmap_index = 7478, .adv_w = 384, .box_w = 20, .box_h = 21, .ofs_x = 2, .ofs_y = -2},
    {.bitmap_index = 7531, .adv_w = 384, .box_w = 20, .box_h = 21, .ofs_x = 2, .ofs_y = -2},
    {.bitmap_index = 7584, .adv_w = 384, .box_w = 20, .box_h = 21, .ofs_x = 2, .ofs_y = -2},
    {.bitmap_index = 7637, .adv_w = 384, .box_w = 20, .box_h = 21, .ofs_x = 2, .ofs_y = -2},
    {.bitmap_index = 7690, .adv_w = 384, .box_w = 20, .box_h = 21, .ofs_x = 2, .ofs_y = -2},
    {.bitmap_index = 7743, .adv_w = 384, .box_w = 22, .box_h = 22, .ofs_x = 1, .ofs_y = -1},
    {.bitmap_index = 7804, .adv_w = 384, .box_w = 22, .box_h = 22, .ofs_x = 1, .ofs_y = -2},
    {.bitmap_index = 7865, .adv_w = 384, .box_w = 22, .box_h = 21, .ofs_x = 1, .ofs_y = -1},
    {.bitmap_index = 7923, .adv_w = 384, .box_w = 22, .box_h = 22, .ofs_x = 1, .ofs_y = -2},
    {.bitmap_index = 7984, .adv_w = 384, .box_w = 23, .box_h = 22, .ofs_x = 1, .ofs_y = -2},
    {.bitmap_index = 8048, .adv_w = 384, .box_w = 22, .box_h = 22, .ofs_x = 1, .ofs_y = -2},
    {.bitmap_index = 8109, .adv_w = 384, .box_w = 22, .box_h = 22, .ofs_x = 1, .ofs_y = -2},
    {.bitmap_index = 8170, .adv_w = 384, .box_w = 21, .box_h = 22, .ofs_x = 2, .ofs_y = -2},
    {.bitmap_index = 8228, .adv_w = 384, .box_w = 23, .box_h = 21, .ofs_x = 0, .ofs_y = -2},
    {.bitmap_index = 8289, .adv_w = 384, .box_w = 22, .box_h = 22, .ofs_x = 1, .ofs_y = -2},
    {.bitmap_index = 8350, .adv_w = 384, .box_w = 23, .box_h = 22, .ofs_x = 0, .ofs_y = -2},
    {.bitmap_index = 8414, .adv_w = 384, .box_w = 22, .box_h = 21, .ofs_x = 1, .ofs_y = 0},
    {.bitmap_index = 8472, .adv_w = 384, .box_w = 21, .box_h = 21, .ofs_x = 2, .ofs_y = -2},
    {.bitmap_index = 8528, .adv_w = 384, .box_w = 23, .box_h = 22, .ofs_x = 0, .ofs_y = -2},
    {.bitmap_index = 8592, .adv_w = 384, .box_w = 23, .box_h = 22, .ofs_x = 1, .ofs_y = -2},
    {.bitmap_index = 8656, .adv_w = 384, .box_w = 22, .box_h = 22, .ofs_x = 1, .ofs_y = -2},
    {.bitmap_index = 8717, .adv_w = 384, .box_w = 21, .box_h = 22, .ofs_x = 2, .ofs_y = -2},
    {.bitmap_index = 8775, .adv_w = 384, .box_w = 23, .box_h = 21, .ofs_x = 1, .ofs_y = -2},
    {.bitmap_index = 8836, .adv_w = 384, .box_w = 22, .box_h = 23, .ofs_x = 2, .ofs_y = -3},
    {.bitmap_index = 8900, .adv_w = 384, .box_w = 22, .box_h = 22, .ofs_x = 0, .ofs_y = -2},
    {.bitmap_index = 8961, .adv_w = 384, .box_w = 21, .box_h = 21, .ofs_x = 1, .ofs_y = -1},
    {.bitmap_index = 9017, .adv_w = 384, .box_w = 23, .box_h = 22, .ofs_x = 0, .ofs_y = -2},
    {.bitmap_index = 9081, .adv_w = 384, .box_w = 23, .box_h = 22, .ofs_x = 0, .ofs_y = -2},
    {.bitmap_index = 9145, .adv_w = 384, .box_w = 23, .box_h = 21, .ofs_x = 0, .ofs_y = -2},
    {.bitmap_index = 9206, .adv_w = 384, .box_w = 23, .box_h = 22, .ofs_x = 0, .ofs_y = -2},
    {.bitmap_index = 9270, .adv_w = 384, .box_w = 22, .box_h = 21, .ofs_x = 1, .ofs_y = -2},
    {.bitmap_index = 9328, .adv_w = 384, .box_w = 23, .box_h = 22, .ofs_x = 0, .ofs_y = -2},
    {.bitmap_index = 9392, .adv_w = 384, .box_w = 22, .box_h = 22, .ofs_x = 0, .ofs_y = -2},
    {.bitmap_index = 9453, .adv_w = 384, .box_w = 22, .box_h = 22, .ofs_x = 2, .ofs_y = -2},
    {.bitmap_index = 9514, .adv_w = 384, .box_w = 20, .box_h = 21, .ofs_x = 2, .ofs_y = -1},
    {.bitmap_index = 9567, .adv_w = 384, .box_w = 21, .box_h = 22, .ofs_x = 2, .ofs_y = -2},
    {.bitmap_index = 9625, .adv_w = 384, .box_w = 22, .box_h = 22, .ofs_x = 1, .ofs_y = -2},
    {.bitmap_index = 9686, .adv_w = 384, .box_w = 22, .box_h = 22, .ofs_x = 1, .ofs_y = -2},
    {.bitmap_index = 9747, .adv_w = 384, .box_w = 20, .box_h = 22, .ofs_x = 2, .ofs_y = -2},
    {.bitmap_index = 9802, .adv_w = 384, .box_w = 22, .box_h = 22, .ofs_x = 1, .ofs_y = -2},
    {.bitmap_index = 9863, .adv_w = 384, .box_w = 22, .box_h = 22, .ofs_x = 1, .ofs_y = -2},
    {.bitmap_index = 9924, .adv_w = 384, .box_w = 20, .box_h = 22, .ofs_x = 2, .ofs_y = -2},
    {.bitmap_index = 9979, .adv_w = 384, .box_w = 22, .box_h = 22, .ofs_x = 1, .ofs_y = -2},
    {.bitmap_index = 10040, .adv_w = 384, .box_w = 22, .box_h = 22, .ofs_x = 1, .ofs_y = -2},
    {.bitmap_index = 10101, .adv_w = 384, .box_w = 22, .box_h = 22, .ofs_x = 1, .ofs_y = -2},
    {.bitmap_index = 10162, .adv_w = 384, .box_w = 23, .box_h = 22, .ofs_x = 0, .ofs_y = -2},
    {.bitmap_index = 10226, .adv_w = 384, .box_w = 22, .box_h = 22, .ofs_x = 2, .ofs_y = -2},
    {.bitmap_index = 10287, .adv_w = 384, .box_w = 22, .box_h = 22, .ofs_x = 1, .ofs_y = -2},
    {.bitmap_index = 10348, .adv_w = 384, .box_w = 22, .box_h = 22, .ofs_x = 1, .ofs_y = -2},
    {.bitmap_index = 10409, .adv_w = 384, .box_w = 22, .box_h = 22, .ofs_x = 1, .ofs_y = -2},
    {.bitmap_index = 10470, .adv_w = 384, .box_w = 21, .box_h = 21, .ofs_x = 1, .ofs_y = -2},
    {.bitmap_index = 10526, .adv_w = 384, .box_w = 23, .box_h = 21, .ofs_x = 0, .ofs_y = -2},
    {.bitmap_index = 10587, .adv_w = 384, .box_w = 19, .box_h = 22, .ofs_x = 3, .ofs_y = -2},
    {.bitmap_index = 10640, .adv_w = 384, .box_w = 21, .box_h = 23, .ofs_x = 2, .ofs_y = -3},
    {.bitmap_index = 10701, .adv_w = 384, .box_w = 22, .box_h = 18, .ofs_x = 1, .ofs_y = 0},
    {.bitmap_index = 10751, .adv_w = 384, .box_w = 22, .box_h = 23, .ofs_x = 1, .ofs_y = -3},
    {.bitmap_index = 10815, .adv_w = 384, .box_w = 20, .box_h = 20, .ofs_x = 2, .ofs_y = -1},
    {.bitmap_index = 10865, .adv_w = 384, .box_w = 23, .box_h = 22, .ofs_x = 1, .ofs_y = -2},
    {.bitmap_index = 10929, .adv_w = 384, .box_w = 22, .box_h = 23, .ofs_x = 0, .ofs_y = -2},
    {.bitmap_index = 10993, .adv_w = 384, .box_w = 22, .box_h = 23, .ofs_x = 1, .ofs_y = -2},
    {.bitmap_index = 11057, .adv_w = 384, .box_w = 22, .box_h = 22, .ofs_x = 2, .ofs_y = -2},
    {.bitmap_index = 11118, .adv_w = 384, .box_w = 20, .box_h = 23, .ofs_x = 2, .ofs_y = -2},
    {.bitmap_index = 11176, .adv_w = 384, .box_w = 22, .box_h = 21, .ofs_x = 1, .ofs_y = -2},
    {.bitmap_index = 11234, .adv_w = 384, .box_w = 22, .box_h = 22, .ofs_x = 1, .ofs_y = -2},
    {.bitmap_index = 11295, .adv_w = 384, .box_w = 22, .box_h = 22, .ofs_x = 1, .ofs_y = -2},
    {.bitmap_index = 11356, .adv_w = 384, .box_w = 22, .box_h = 23, .ofs_x = 0, .ofs_y = -2},
    {.bitmap_index = 11420, .adv_w = 384, .box_w = 22, .box_h = 23, .ofs_x = 1, .ofs_y = -3},
    {.bitmap_index = 11484, .adv_w = 384, .box_w = 22, .box_h = 22, .ofs_x = 1, .ofs_y = -2},
    {.bitmap_index = 11545, .adv_w = 384, .box_w = 23, .box_h = 21, .ofs_x = 1, .ofs_y = -2},
    {.bitmap_index = 11606, .adv_w = 384, .box_w = 22, .box_h = 22, .ofs_x = 1, .ofs_y = -2},
    {.bitmap_index = 11667, .adv_w = 384, .box_w = 21, .box_h = 23, .ofs_x = 1, .ofs_y = -2},
    {.bitmap_index = 11728, .adv_w = 384, .box_w = 23, .box_h = 22, .ofs_x = 1, .ofs_y = -2},
    {.bitmap_index = 11792, .adv_w = 384, .box_w = 23, .box_h = 22, .ofs_x = 1, .ofs_y = -2},
    {.bitmap_index = 11856, .adv_w = 384, .box_w = 22, .box_h = 22, .ofs_x = 1, .ofs_y = -2},
    {.bitmap_index = 11917, .adv_w = 384, .box_w = 22, .box_h = 22, .ofs_x = 0, .ofs_y = -2},
    {.bitmap_index = 11978, .adv_w = 384, .box_w = 23, .box_h = 22, .ofs_x = 0, .ofs_y = -2},
    {.bitmap_index = 12042, .adv_w = 384, .box_w = 22, .box_h = 22, .ofs_x = 1, .ofs_y = -2},
    {.bitmap_index = 12103, .adv_w = 384, .box_w = 23, .box_h = 22, .ofs_x = 0, .ofs_y = -2},
    {.bitmap_index = 12167, .adv_w = 384, .box_w = 23, .box_h = 21, .ofs_x = 0, .ofs_y = -2},
    {.bitmap_index = 12228, .adv_w = 384, .box_w = 23, .box_h = 22, .ofs_x = 0, .ofs_y = -2},
    {.bitmap_index = 12292, .adv_w = 384, .box_w = 22, .box_h = 20, .ofs_x = 1, .ofs_y = -2},
    {.bitmap_index = 12347, .adv_w = 384, .box_w = 22, .box_h = 22, .ofs_x = 1, .ofs_y = -2},
    {.bitmap_index = 12408, .adv_w = 384, .box_w = 22, .box_h = 22, .ofs_x = 1, .ofs_y = -2},
    {.bitmap_index = 12469, .adv_w = 384, .box_w = 21, .box_h = 22, .ofs_x = 1, .ofs_y = -2},
    {.bitmap_index = 12527, .adv_w = 384, .box_w = 21, .box_h = 22, .ofs_x = 2, .ofs_y = -2},
    {.bitmap_index = 12585, .adv_w = 384, .box_w = 22, .box_h = 22, .ofs_x = 1, .ofs_y = -2},
    {.bitmap_index = 12646, .adv_w = 384, .box_w = 22, .box_h = 23, .ofs_x = 1, .ofs_y = -2},
    {.bitmap_index = 12710, .adv_w = 384, .box_w = 22, .box_h = 22, .ofs_x = 1, .ofs_y = -2},
    {.bitmap_index = 12771, .adv_w = 384, .box_w = 23, .box_h = 22, .ofs_x = 0, .ofs_y = -2},
    {.bitmap_index = 12835, .adv_w = 384, .box_w = 20, .box_h = 22, .ofs_x = 0, .ofs_y = -2},
    {.bitmap_index = 12890, .adv_w = 384, .box_w = 21, .box_h = 22, .ofs_x = 1, .ofs_y = -2},
    {.bitmap_index = 12948, .adv_w = 384, .box_w = 22, .box_h = 22, .ofs_x = 1, .ofs_y = -2},
    {.bitmap_index = 13009, .adv_w = 384, .box_w = 22, .box_h = 22, .ofs_x = 1, .ofs_y = -2},
    {.bitmap_index = 13070, .adv_w = 384, .box_w = 23, .box_h = 22, .ofs_x = 1, .ofs_y = -2},
    {.bitmap_index = 13134, .adv_w = 384, .box_w = 23, .box_h = 22, .ofs_x = 0, .ofs_y = -2},
    {.bitmap_index = 13198, .adv_w = 384, .box_w = 22, .box_h = 22, .ofs_x = 1, .ofs_y = -2},
    {.bitmap_index = 13259, .adv_w = 384, .box_w = 22, .box_h = 22, .ofs_x = 1, .ofs_y = -2},
    {.bitmap_index = 13320, .adv_w = 384, .box_w = 23, .box_h = 22, .ofs_x = 1, .ofs_y = -2},
    {.bitmap_index = 13384, .adv_w = 384, .box_w = 23, .box_h = 22, .ofs_x = 1, .ofs_y = -2},
    {.bitmap_index = 13448, .adv_w = 384, .box_w = 23, .box_h = 22, .ofs_x = 1, .ofs_y = -2},
    {.bitmap_index = 13512, .adv_w = 384, .box_w = 22, .box_h = 22, .ofs_x = 1, .ofs_y = -2},
    {.bitmap_index = 13573, .adv_w = 384, .box_w = 23, .box_h = 22, .ofs_x = 1, .ofs_y = -2},
    {.bitmap_index = 13637, .adv_w = 384, .box_w = 22, .box_h = 21, .ofs_x = 1, .ofs_y = -2},
    {.bitmap_index = 13695, .adv_w = 384, .box_w = 22, .box_h = 21, .ofs_x = 1, .ofs_y = -1},
    {.bitmap_index = 13753, .adv_w = 384, .box_w = 22, .box_h = 22, .ofs_x = 1, .ofs_y = -2},
    {.bitmap_index = 13814, .adv_w = 384, .box_w = 23, .box_h = 22, .ofs_x = 0, .ofs_y = -2},
    {.bitmap_index = 13878, .adv_w = 384, .box_w = 22, .box_h = 22, .ofs_x = 1, .ofs_y = -2},
    {.bitmap_index = 13939, .adv_w = 384, .box_w = 22, .box_h = 22, .ofs_x = 1, .ofs_y = -2},
    {.bitmap_index = 14000, .adv_w = 384, .box_w = 22, .box_h = 22, .ofs_x = 1, .ofs_y = -2},
    {.bitmap_index = 14061, .adv_w = 384, .box_w = 22, .box_h = 22, .ofs_x = 1, .ofs_y = -2},
    {.bitmap_index = 14122, .adv_w = 384, .box_w = 22, .box_h = 22, .ofs_x = 1, .ofs_y = -2},
    {.bitmap_index = 14183, .adv_w = 384, .box_w = 22, .box_h = 22, .ofs_x = 1, .ofs_y = -2},
    {.bitmap_index = 14244, .adv_w = 384, .box_w = 22, .box_h = 22, .ofs_x = 0, .ofs_y = -2},
    {.bitmap_index = 14305, .adv_w = 384, .box_w = 16, .box_h = 21, .ofs_x = 4, .ofs_y = -2},
    {.bitmap_index = 14347, .adv_w = 384, .box_w = 22, .box_h = 21, .ofs_x = 1, .ofs_y = -2},
    {.bitmap_index = 14405, .adv_w = 384, .box_w = 22, .box_h = 21, .ofs_x = 1, .ofs_y = -2},
    {.bitmap_index = 14463, .adv_w = 384, .box_w = 22, .box_h = 22, .ofs_x = 1, .ofs_y = -2},
    {.bitmap_index = 14524, .adv_w = 384, .box_w = 22, .box_h = 22, .ofs_x = 1, .ofs_y = -3},
    {.bitmap_index = 14585, .adv_w = 384, .box_w = 22, .box_h = 22, .ofs_x = 2, .ofs_y = -2},
    {.bitmap_index = 14646, .adv_w = 384, .box_w = 22, .box_h = 22, .ofs_x = 2, .ofs_y = -2},
    {.bitmap_index = 14707, .adv_w = 384, .box_w = 22, .box_h = 23, .ofs_x = 2, .ofs_y = -2},
    {.bitmap_index = 14771, .adv_w = 384, .box_w = 21, .box_h = 22, .ofs_x = 2, .ofs_y = -2},
    {.bitmap_index = 14829, .adv_w = 384, .box_w = 22, .box_h = 22, .ofs_x = 1, .ofs_y = -2},
    {.bitmap_index = 14890, .adv_w = 384, .box_w = 22, .box_h = 21, .ofs_x = 2, .ofs_y = -2},
    {.bitmap_index = 14948, .adv_w = 384, .box_w = 22, .box_h = 22, .ofs_x = 1, .ofs_y = -2},
    {.bitmap_index = 15009, .adv_w = 384, .box_w = 22, .box_h = 21, .ofs_x = 1, .ofs_y = -2},
    {.bitmap_index = 15067, .adv_w = 384, .box_w = 22, .box_h = 22, .ofs_x = 1, .ofs_y = -2},
    {.bitmap_index = 15128, .adv_w = 384, .box_w = 19, .box_h = 21, .ofs_x = 1, .ofs_y = -2},
    {.bitmap_index = 15178, .adv_w = 384, .box_w = 22, .box_h = 22, .ofs_x = 1, .ofs_y = -2},
    {.bitmap_index = 15239, .adv_w = 384, .box_w = 21, .box_h = 21, .ofs_x = 1, .ofs_y = -2},
    {.bitmap_index = 15295, .adv_w = 384, .box_w = 24, .box_h = 21, .ofs_x = 0, .ofs_y = -2},
    {.bitmap_index = 15358, .adv_w = 384, .box_w = 21, .box_h = 22, .ofs_x = 1, .ofs_y = -2},
    {.bitmap_index = 15416, .adv_w = 384, .box_w = 22, .box_h = 22, .ofs_x = 1, .ofs_y = -2},
    {.bitmap_index = 15477, .adv_w = 384, .box_w = 22, .box_h = 22, .ofs_x = 1, .ofs_y = -2},
    {.bitmap_index = 15538, .adv_w = 384, .box_w = 23, .box_h = 22, .ofs_x = 0, .ofs_y = -2},
    {.bitmap_index = 15602, .adv_w = 384, .box_w = 22, .box_h = 22, .ofs_x = 1, .ofs_y = -2},
    {.bitmap_index = 15663, .adv_w = 384, .box_w = 22, .box_h = 22, .ofs_x = 1, .ofs_y = -2},
    {.bitmap_index = 15724, .adv_w = 384, .box_w = 23, .box_h = 22, .ofs_x = 1, .ofs_y = -2},
    {.bitmap_index = 15788, .adv_w = 384, .box_w = 23, .box_h = 22, .ofs_x = 0, .ofs_y = -2},
    {.bitmap_index = 15852, .adv_w = 384, .box_w = 22, .box_h = 21, .ofs_x = 1, .ofs_y = -2},
    {.bitmap_index = 15910, .adv_w = 384, .box_w = 22, .box_h = 21, .ofs_x = 1, .ofs_y = -1},
    {.bitmap_index = 15968, .adv_w = 384, .box_w = 22, .box_h = 22, .ofs_x = 0, .ofs_y = -2},
    {.bitmap_index = 16029, .adv_w = 384, .box_w = 22, .box_h = 22, .ofs_x = 1, .ofs_y = -2},
    {.bitmap_index = 16090, .adv_w = 384, .box_w = 22, .box_h = 22, .ofs_x = 1, .ofs_y = -2},
    {.bitmap_index = 16151, .adv_w = 384, .box_w = 21, .box_h = 22, .ofs_x = 2, .ofs_y = -2},
    {.bitmap_index = 16209, .adv_w = 384, .box_w = 22, .box_h = 22, .ofs_x = 1, .ofs_y = -2},
    {.bitmap_index = 16270, .adv_w = 384, .box_w = 23, .box_h = 23, .ofs_x = 1, .ofs_y = -2},
    {.bitmap_index = 16337, .adv_w = 384, .box_w = 22, .box_h = 21, .ofs_x = 1, .ofs_y = -2},
    {.bitmap_index = 16395, .adv_w = 384, .box_w = 24, .box_h = 22, .ofs_x = 0, .ofs_y = -2},
    {.bitmap_index = 16461, .adv_w = 384, .box_w = 22, .box_h = 22, .ofs_x = 1, .ofs_y = -2},
    {.bitmap_index = 16522, .adv_w = 384, .box_w = 23, .box_h = 22, .ofs_x = 0, .ofs_y = -2},
    {.bitmap_index = 16586, .adv_w = 384, .box_w = 22, .box_h = 22, .ofs_x = 1, .ofs_y = -2},
    {.bitmap_index = 16647, .adv_w = 384, .box_w = 23, .box_h = 22, .ofs_x = 1, .ofs_y = -2},
    {.bitmap_index = 16711, .adv_w = 384, .box_w = 23, .box_h = 22, .ofs_x = 1, .ofs_y = -2},
    {.bitmap_index = 16775, .adv_w = 384, .box_w = 21, .box_h = 21, .ofs_x = 1, .ofs_y = -1},
    {.bitmap_index = 16831, .adv_w = 384, .box_w = 21, .box_h = 20, .ofs_x = 1, .ofs_y = -1},
    {.bitmap_index = 16884, .adv_w = 384, .box_w = 21, .box_h = 22, .ofs_x = 1, .ofs_y = -2},
    {.bitmap_index = 16942, .adv_w = 384, .box_w = 22, .box_h = 21, .ofs_x = 1, .ofs_y = -2},
    {.bitmap_index = 17000, .adv_w = 384, .box_w = 23, .box_h = 22, .ofs_x = 0, .ofs_y = -2},
    {.bitmap_index = 17064, .adv_w = 384, .box_w = 21, .box_h = 22, .ofs_x = 2, .ofs_y = -2},
    {.bitmap_index = 17122, .adv_w = 384, .box_w = 20, .box_h = 21, .ofs_x = 2, .ofs_y = -2},
    {.bitmap_index = 17175, .adv_w = 384, .box_w = 22, .box_h = 22, .ofs_x = 1, .ofs_y = -2},
    {.bitmap_index = 17236, .adv_w = 384, .box_w = 22, .box_h = 22, .ofs_x = 1, .ofs_y = -2},
    {.bitmap_index = 17297, .adv_w = 384, .box_w = 23, .box_h = 22, .ofs_x = 0, .ofs_y = -2},
    {.bitmap_index = 17361, .adv_w = 384, .box_w = 22, .box_h = 22, .ofs_x = 1, .ofs_y = -2},
    {.bitmap_index = 17422, .adv_w = 384, .box_w = 22, .box_h = 22, .ofs_x = 1, .ofs_y = -2},
    {.bitmap_index = 17483, .adv_w = 384, .box_w = 22, .box_h = 22, .ofs_x = 1, .ofs_y = -2},
    {.bitmap_index = 17544, .adv_w = 384, .box_w = 22, .box_h = 22, .ofs_x = 1, .ofs_y = -2},
    {.bitmap_index = 17605, .adv_w = 384, .box_w = 21, .box_h = 22, .ofs_x = 1, .ofs_y = -2},
    {.bitmap_index = 17663, .adv_w = 384, .box_w = 22, .box_h = 22, .ofs_x = 1, .ofs_y = -1},
    {.bitmap_index = 17724, .adv_w = 384, .box_w = 23, .box_h = 22, .ofs_x = 1, .ofs_y = -2},
    {.bitmap_index = 17788, .adv_w = 384, .box_w = 22, .box_h = 22, .ofs_x = 1, .ofs_y = -2},
    {.bitmap_index = 17849, .adv_w = 384, .box_w = 23, .box_h = 22, .ofs_x = 0, .ofs_y = -2},
    {.bitmap_index = 17913, .adv_w = 384, .box_w = 21, .box_h = 21, .ofs_x = 1, .ofs_y = -2},
    {.bitmap_index = 17969, .adv_w = 384, .box_w = 23, .box_h = 22, .ofs_x = 0, .ofs_y = -2},
    {.bitmap_index = 18033, .adv_w = 384, .box_w = 22, .box_h = 21, .ofs_x = 1, .ofs_y = -1},
    {.bitmap_index = 18091, .adv_w = 384, .box_w = 22, .box_h = 22, .ofs_x = 1, .ofs_y = -2},
    {.bitmap_index = 18152, .adv_w = 384, .box_w = 22, .box_h = 22, .ofs_x = 1, .ofs_y = -2},
    {.bitmap_index = 18213, .adv_w = 384, .box_w = 22, .box_h = 22, .ofs_x = 1, .ofs_y = -2},
    {.bitmap_index = 18274, .adv_w = 384, .box_w = 22, .box_h = 22, .ofs_x = 0, .ofs_y = -2},
    {.bitmap_index = 18335, .adv_w = 384, .box_w = 23, .box_h = 22, .ofs_x = 1, .ofs_y = -2},
    {.bitmap_index = 18399, .adv_w = 384, .box_w = 22, .box_h = 22, .ofs_x = 1, .ofs_y = -2},
    {.bitmap_index = 18460, .adv_w = 384, .box_w = 22, .box_h = 22, .ofs_x = 1, .ofs_y = -2},
    {.bitmap_index = 18521, .adv_w = 384, .box_w = 22, .box_h = 22, .ofs_x = 1, .ofs_y = -2},
    {.bitmap_index = 18582, .adv_w = 384, .box_w = 22, .box_h = 22, .ofs_x = 1, .ofs_y = -2},
    {.bitmap_index = 18643, .adv_w = 384, .box_w = 22, .box_h = 22, .ofs_x = 0, .ofs_y = -2},
    {.bitmap_index = 18704, .adv_w = 384, .box_w = 21, .box_h = 22, .ofs_x = 1, .ofs_y = -2},
    {.bitmap_index = 18762, .adv_w = 384, .box_w = 22, .box_h = 22, .ofs_x = 1, .ofs_y = -2},
    {.bitmap_index = 18823, .adv_w = 384, .box_w = 22, .box_h = 22, .ofs_x = 1, .ofs_y = -2},
    {.bitmap_index = 18884, .adv_w = 384, .box_w = 22, .box_h = 22, .ofs_x = 1, .ofs_y = -2},
    {.bitmap_index = 18945, .adv_w = 384, .box_w = 22, .box_h = 21, .ofs_x = 1, .ofs_y = -1},
    {.bitmap_index = 19003, .adv_w = 384, .box_w = 22, .box_h = 21, .ofs_x = 1, .ofs_y = -1},
    {.bitmap_index = 19061, .adv_w = 384, .box_w = 21, .box_h = 22, .ofs_x = 1, .ofs_y = -2},
    {.bitmap_index = 19119, .adv_w = 384, .box_w = 22, .box_h = 22, .ofs_x = 1, .ofs_y = -2},
    {.bitmap_index = 19180, .adv_w = 384, .box_w = 22, .box_h = 23, .ofs_x = 1, .ofs_y = -2},
    {.bitmap_index = 19244, .adv_w = 384, .box_w = 21, .box_h = 21, .ofs_x = 1, .ofs_y = -2},
    {.bitmap_index = 19300, .adv_w = 384, .box_w = 23, .box_h = 22, .ofs_x = 0, .ofs_y = -2},
    {.bitmap_index = 19364, .adv_w = 384, .box_w = 22, .box_h = 22, .ofs_x = 0, .ofs_y = -2},
    {.bitmap_index = 19425, .adv_w = 384, .box_w = 24, .box_h = 21, .ofs_x = 0, .ofs_y = -2},
    {.bitmap_index = 19488, .adv_w = 384, .box_w = 23, .box_h = 22, .ofs_x = 1, .ofs_y = -2},
    {.bitmap_index = 19552, .adv_w = 384, .box_w = 22, .box_h = 20, .ofs_x = 1, .ofs_y = -1},
    {.bitmap_index = 19607, .adv_w = 384, .box_w = 23, .box_h = 21, .ofs_x = 0, .ofs_y = -2},
    {.bitmap_index = 19668, .adv_w = 384, .box_w = 23, .box_h = 23, .ofs_x = 0, .ofs_y = -2},
    {.bitmap_index = 19735, .adv_w = 384, .box_w = 23, .box_h = 22, .ofs_x = 1, .ofs_y = -2},
    {.bitmap_index = 19799, .adv_w = 384, .box_w = 22, .box_h = 22, .ofs_x = 1, .ofs_y = -1},
    {.bitmap_index = 19860, .adv_w = 384, .box_w = 22, .box_h = 23, .ofs_x = 1, .ofs_y = -3},
    {.bitmap_index = 19924, .adv_w = 384, .box_w = 21, .box_h = 21, .ofs_x = 1, .ofs_y = -2},
    {.bitmap_index = 19980, .adv_w = 384, .box_w = 22, .box_h = 21, .ofs_x = 1, .ofs_y = -1},
    {.bitmap_index = 20038, .adv_w = 384, .box_w = 23, .box_h = 22, .ofs_x = 0, .ofs_y = -2},
    {.bitmap_index = 20102, .adv_w = 384, .box_w = 21, .box_h = 23, .ofs_x = 2, .ofs_y = -2},
    {.bitmap_index = 20163, .adv_w = 384, .box_w = 22, .box_h = 22, .ofs_x = 1, .ofs_y = -2},
    {.bitmap_index = 20224, .adv_w = 384, .box_w = 23, .box_h = 22, .ofs_x = 0, .ofs_y = -2},
    {.bitmap_index = 20288, .adv_w = 384, .box_w = 22, .box_h = 22, .ofs_x = 1, .ofs_y = -2},
    {.bitmap_index = 20349, .adv_w = 384, .box_w = 21, .box_h = 21, .ofs_x = 1, .ofs_y = -2},
    {.bitmap_index = 20405, .adv_w = 384, .box_w = 20, .box_h = 22, .ofs_x = 2, .ofs_y = -2},
    {.bitmap_index = 20460, .adv_w = 384, .box_w = 23, .box_h = 22, .ofs_x = 1, .ofs_y = -2},
    {.bitmap_index = 20524, .adv_w = 384, .box_w = 23, .box_h = 22, .ofs_x = 1, .ofs_y = -2},
    {.bitmap_index = 20588, .adv_w = 384, .box_w = 22, .box_h = 22, .ofs_x = 0, .ofs_y = -2},
    {.bitmap_index = 20649, .adv_w = 384, .box_w = 22, .box_h = 20, .ofs_x = 2, .ofs_y = -2},
    {.bitmap_index = 20704, .adv_w = 384, .box_w = 21, .box_h = 22, .ofs_x = 1, .ofs_y = -2},
    {.bitmap_index = 20762, .adv_w = 384, .box_w = 22, .box_h = 21, .ofs_x = 1, .ofs_y = -2},
    {.bitmap_index = 20820, .adv_w = 384, .box_w = 22, .box_h = 21, .ofs_x = 0, .ofs_y = -2},
    {.bitmap_index = 20878, .adv_w = 384, .box_w = 24, .box_h = 22, .ofs_x = 0, .ofs_y = -2},
    {.bitmap_index = 20944, .adv_w = 384, .box_w = 23, .box_h = 22, .ofs_x = 1, .ofs_y = -2},
    {.bitmap_index = 21008, .adv_w = 384, .box_w = 22, .box_h = 22, .ofs_x = 0, .ofs_y = -2},
    {.bitmap_index = 21069, .adv_w = 384, .box_w = 23, .box_h = 22, .ofs_x = 0, .ofs_y = -2},
    {.bitmap_index = 21133, .adv_w = 384, .box_w = 22, .box_h = 22, .ofs_x = 1, .ofs_y = -2},
    {.bitmap_index = 21194, .adv_w = 384, .box_w = 23, .box_h = 22, .ofs_x = 0, .ofs_y = -2},
    {.bitmap_index = 21258, .adv_w = 384, .box_w = 22, .box_h = 22, .ofs_x = 1, .ofs_y = -2},
    {.bitmap_index = 21319, .adv_w = 384, .box_w = 22, .box_h = 22, .ofs_x = 1, .ofs_y = -2},
    {.bitmap_index = 21380, .adv_w = 384, .box_w = 21, .box_h = 22, .ofs_x = 2, .ofs_y = -2},
    {.bitmap_index = 21438, .adv_w = 384, .box_w = 22, .box_h = 22, .ofs_x = 1, .ofs_y = -2},
    {.bitmap_index = 21499, .adv_w = 384, .box_w = 23, .box_h = 22, .ofs_x = 1, .ofs_y = -2},
    {.bitmap_index = 21563, .adv_w = 384, .box_w = 22, .box_h = 22, .ofs_x = 1, .ofs_y = -2},
    {.bitmap_index = 21624, .adv_w = 384, .box_w = 22, .box_h = 22, .ofs_x = 1, .ofs_y = -2},
    {.bitmap_index = 21685, .adv_w = 384, .box_w = 23, .box_h = 22, .ofs_x = 1, .ofs_y = -2},
    {.bitmap_index = 21749, .adv_w = 384, .box_w = 22, .box_h = 22, .ofs_x = 1, .ofs_y = -2},
    {.bitmap_index = 21810, .adv_w = 384, .box_w = 23, .box_h = 22, .ofs_x = 0, .ofs_y = -2},
    {.bitmap_index = 21874, .adv_w = 384, .box_w = 23, .box_h = 22, .ofs_x = 0, .ofs_y = -2},
    {.bitmap_index = 21938, .adv_w = 384, .box_w = 21, .box_h = 22, .ofs_x = 1, .ofs_y = -2},
    {.bitmap_index = 21996, .adv_w = 384, .box_w = 22, .box_h = 21, .ofs_x = 2, .ofs_y = -1},
    {.bitmap_index = 22054, .adv_w = 384, .box_w = 23, .box_h = 22, .ofs_x = 0, .ofs_y = -2},
    {.bitmap_index = 22118, .adv_w = 384, .box_w = 23, .box_h = 22, .ofs_x = 0, .ofs_y = -2},
    {.bitmap_index = 22182, .adv_w = 384, .box_w = 22, .box_h = 22, .ofs_x = 0, .ofs_y = -2},
    {.bitmap_index = 22243, .adv_w = 384, .box_w = 21, .box_h = 22, .ofs_x = 2, .ofs_y = -2},
    {.bitmap_index = 22301, .adv_w = 384, .box_w = 23, .box_h = 22, .ofs_x = 0, .ofs_y = -2},
    {.bitmap_index = 22365, .adv_w = 384, .box_w = 23, .box_h = 22, .ofs_x = 0, .ofs_y = -2},
    {.bitmap_index = 22429, .adv_w = 384, .box_w = 22, .box_h = 21, .ofs_x = 1, .ofs_y = -1},
    {.bitmap_index = 22487, .adv_w = 384, .box_w = 23, .box_h = 22, .ofs_x = 0, .ofs_y = -2},
    {.bitmap_index = 22551, .adv_w = 384, .box_w = 22, .box_h = 22, .ofs_x = 1, .ofs_y = -2},
    {.bitmap_index = 22612, .adv_w = 384, .box_w = 23, .box_h = 21, .ofs_x = 1, .ofs_y = -2},
    {.bitmap_index = 22673, .adv_w = 384, .box_w = 22, .box_h = 22, .ofs_x = 1, .ofs_y = -2},
    {.bitmap_index = 22734, .adv_w = 384, .box_w = 22, .box_h = 22, .ofs_x = 1, .ofs_y = -2},
    {.bitmap_index = 22795, .adv_w = 384, .box_w = 21, .box_h = 21, .ofs_x = 1, .ofs_y = -2},
    {.bitmap_index = 22851, .adv_w = 384, .box_w = 22, .box_h = 22, .ofs_x = 1, .ofs_y = -1},
    {.bitmap_index = 22912, .adv_w = 384, .box_w = 22, .box_h = 21, .ofs_x = 1, .ofs_y = -2},
    {.bitmap_index = 22970, .adv_w = 384, .box_w = 22, .box_h = 21, .ofs_x = 1, .ofs_y = -2},
    {.bitmap_index = 23028, .adv_w = 384, .box_w = 22, .box_h = 22, .ofs_x = 1, .ofs_y = -2},
    {.bitmap_index = 23089, .adv_w = 384, .box_w = 20, .box_h = 22, .ofs_x = 2, .ofs_y = -2},
    {.bitmap_index = 23144, .adv_w = 384, .box_w = 23, .box_h = 21, .ofs_x = 0, .ofs_y = -2},
    {.bitmap_index = 23205, .adv_w = 384, .box_w = 23, .box_h = 21, .ofs_x = 0, .ofs_y = -2},
    {.bitmap_index = 23266, .adv_w = 384, .box_w = 18, .box_h = 20, .ofs_x = 3, .ofs_y = -2},
    {.bitmap_index = 23311, .adv_w = 384, .box_w = 22, .box_h = 22, .ofs_x = 1, .ofs_y = -2},
    {.bitmap_index = 23372, .adv_w = 384, .box_w = 21, .box_h = 22, .ofs_x = 2, .ofs_y = -2},
    {.bitmap_index = 23430, .adv_w = 384, .box_w = 22, .box_h = 22, .ofs_x = 1, .ofs_y = -2},
    {.bitmap_index = 23491, .adv_w = 384, .box_w = 22, .box_h = 21, .ofs_x = 1, .ofs_y = -2},
    {.bitmap_index = 23549, .adv_w = 384, .box_w = 21, .box_h = 22, .ofs_x = 1, .ofs_y = -2},
    {.bitmap_index = 23607, .adv_w = 384, .box_w = 22, .box_h = 22, .ofs_x = 1, .ofs_y = -2},
    {.bitmap_index = 23668, .adv_w = 384, .box_w = 22, .box_h = 22, .ofs_x = 1, .ofs_y = -2},
    {.bitmap_index = 23729, .adv_w = 384, .box_w = 16, .box_h = 22, .ofs_x = 4, .ofs_y = -2},
    {.bitmap_index = 23773, .adv_w = 384, .box_w = 22, .box_h = 22, .ofs_x = 2, .ofs_y = -2},
    {.bitmap_index = 23834, .adv_w = 384, .box_w = 22, .box_h = 22, .ofs_x = 1, .ofs_y = -2},
    {.bitmap_index = 23895, .adv_w = 384, .box_w = 23, .box_h = 22, .ofs_x = 1, .ofs_y = -2},
    {.bitmap_index = 23959, .adv_w = 384, .box_w = 22, .box_h = 21, .ofs_x = 1, .ofs_y = -2},
    {.bitmap_index = 24017, .adv_w = 384, .box_w = 22, .box_h = 21, .ofs_x = 1, .ofs_y = -2},
    {.bitmap_index = 24075, .adv_w = 384, .box_w = 22, .box_h = 21, .ofs_x = 1, .ofs_y = -2},
    {.bitmap_index = 24133, .adv_w = 384, .box_w = 22, .box_h = 21, .ofs_x = 1, .ofs_y = -2},
    {.bitmap_index = 24191, .adv_w = 384, .box_w = 23, .box_h = 22, .ofs_x = 0, .ofs_y = -2},
    {.bitmap_index = 24255, .adv_w = 384, .box_w = 22, .box_h = 22, .ofs_x = 1, .ofs_y = -2},
    {.bitmap_index = 24316, .adv_w = 384, .box_w = 22, .box_h = 21, .ofs_x = 1, .ofs_y = -2},
    {.bitmap_index = 24374, .adv_w = 384, .box_w = 22, .box_h = 22, .ofs_x = 1, .ofs_y = -2},
    {.bitmap_index = 24435, .adv_w = 384, .box_w = 22, .box_h = 21, .ofs_x = 1, .ofs_y = -1},
    {.bitmap_index = 24493, .adv_w = 384, .box_w = 22, .box_h = 22, .ofs_x = 1, .ofs_y = -2},
    {.bitmap_index = 24554, .adv_w = 384, .box_w = 22, .box_h = 22, .ofs_x = 1, .ofs_y = -2},
    {.bitmap_index = 24615, .adv_w = 384, .box_w = 22, .box_h = 22, .ofs_x = 1, .ofs_y = -2},
    {.bitmap_index = 24676, .adv_w = 384, .box_w = 22, .box_h = 21, .ofs_x = 1, .ofs_y = -2},
    {.bitmap_index = 24734, .adv_w = 384, .box_w = 22, .box_h = 22, .ofs_x = 1, .ofs_y = -2},
    {.bitmap_index = 24795, .adv_w = 384, .box_w = 22, .box_h = 22, .ofs_x = 1, .ofs_y = -2},
    {.bitmap_index = 24856, .adv_w = 384, .box_w = 22, .box_h = 22, .ofs_x = 1, .ofs_y = -2},
    {.bitmap_index = 24917, .adv_w = 384, .box_w = 23, .box_h = 21, .ofs_x = 1, .ofs_y = -2},
    {.bitmap_index = 24978, .adv_w = 384, .box_w = 23, .box_h = 21, .ofs_x = 0, .ofs_y = -2},
    {.bitmap_index = 25039, .adv_w = 384, .box_w = 23, .box_h = 22, .ofs_x = 0, .ofs_y = -2},
    {.bitmap_index = 25103, .adv_w = 384, .box_w = 22, .box_h = 22, .ofs_x = 0, .ofs_y = -2},
    {.bitmap_index = 25164, .adv_w = 384, .box_w = 23, .box_h = 22, .ofs_x = 1, .ofs_y = -2},
    {.bitmap_index = 25228, .adv_w = 384, .box_w = 22, .box_h = 21, .ofs_x = 1, .ofs_y = -1},
    {.bitmap_index = 25286, .adv_w = 384, .box_w = 23, .box_h = 22, .ofs_x = 1, .ofs_y = -2},
    {.bitmap_index = 25350, .adv_w = 384, .box_w = 22, .box_h = 22, .ofs_x = 1, .ofs_y = -2},
    {.bitmap_index = 25411, .adv_w = 384, .box_w = 21, .box_h = 22, .ofs_x = 1, .ofs_y = -2},
    {.bitmap_index = 25469, .adv_w = 384, .box_w = 22, .box_h = 21, .ofs_x = 1, .ofs_y = -2},
    {.bitmap_index = 25527, .adv_w = 384, .box_w = 21, .box_h = 22, .ofs_x = 2, .ofs_y = -2},
    {.bitmap_index = 25585, .adv_w = 384, .box_w = 23, .box_h = 22, .ofs_x = 1, .ofs_y = -2},
    {.bitmap_index = 25649, .adv_w = 384, .box_w = 22, .box_h = 22, .ofs_x = 1, .ofs_y = -2},
    {.bitmap_index = 25710, .adv_w = 384, .box_w = 22, .box_h = 22, .ofs_x = 1, .ofs_y = -2},
    {.bitmap_index = 25771, .adv_w = 384, .box_w = 22, .box_h = 22, .ofs_x = 1, .ofs_y = -2},
    {.bitmap_index = 25832, .adv_w = 384, .box_w = 22, .box_h = 22, .ofs_x = 1, .ofs_y = -2},
    {.bitmap_index = 25893, .adv_w = 384, .box_w = 22, .box_h = 22, .ofs_x = 1, .ofs_y = -2},
    {.bitmap_index = 25954, .adv_w = 384, .box_w = 22, .box_h = 22, .ofs_x = 1, .ofs_y = -2},
    {.bitmap_index = 26015, .adv_w = 384, .box_w = 22, .box_h = 22, .ofs_x = 1, .ofs_y = -2},
    {.bitmap_index = 26076, .adv_w = 384, .box_w = 22, .box_h = 22, .ofs_x = 1, .ofs_y = -2},
    {.bitmap_index = 26137, .adv_w = 384, .box_w = 23, .box_h = 21, .ofs_x = 1, .ofs_y = -2},
    {.bitmap_index = 26198, .adv_w = 384, .box_w = 22, .box_h = 23, .ofs_x = 1, .ofs_y = -2},
    {.bitmap_index = 26262, .adv_w = 384, .box_w = 22, .box_h = 22, .ofs_x = 1, .ofs_y = -2},
    {.bitmap_index = 26323, .adv_w = 384, .box_w = 22, .box_h = 22, .ofs_x = 1, .ofs_y = -2},
    {.bitmap_index = 26384, .adv_w = 384, .box_w = 22, .box_h = 22, .ofs_x = 1, .ofs_y = -2},
    {.bitmap_index = 26445, .adv_w = 384, .box_w = 22, .box_h = 23, .ofs_x = 1, .ofs_y = -2},
    {.bitmap_index = 26509, .adv_w = 384, .box_w = 22, .box_h = 22, .ofs_x = 1, .ofs_y = -2},
    {.bitmap_index = 26570, .adv_w = 384, .box_w = 22, .box_h = 22, .ofs_x = 1, .ofs_y = -2},
    {.bitmap_index = 26631, .adv_w = 384, .box_w = 22, .box_h = 22, .ofs_x = 1, .ofs_y = -2},
    {.bitmap_index = 26692, .adv_w = 384, .box_w = 22, .box_h = 22, .ofs_x = 1, .ofs_y = -2},
    {.bitmap_index = 26753, .adv_w = 384, .box_w = 22, .box_h = 22, .ofs_x = 1, .ofs_y = -2},
    {.bitmap_index = 26814, .adv_w = 384, .box_w = 23, .box_h = 22, .ofs_x = 1, .ofs_y = -2},
    {.bitmap_index = 26878, .adv_w = 384, .box_w = 22, .box_h = 22, .ofs_x = 1, .ofs_y = -2},
    {.bitmap_index = 26939, .adv_w = 384, .box_w = 22, .box_h = 21, .ofs_x = 1, .ofs_y = -2},
    {.bitmap_index = 26997, .adv_w = 384, .box_w = 21, .box_h = 22, .ofs_x = 1, .ofs_y = -2},
    {.bitmap_index = 27055, .adv_w = 384, .box_w = 22, .box_h = 22, .ofs_x = 1, .ofs_y = -2},
    {.bitmap_index = 27116, .adv_w = 384, .box_w = 22, .box_h = 22, .ofs_x = 1, .ofs_y = -2},
    {.bitmap_index = 27177, .adv_w = 384, .box_w = 23, .box_h = 22, .ofs_x = 1, .ofs_y = -2},
    {.bitmap_index = 27241, .adv_w = 384, .box_w = 23, .box_h = 22, .ofs_x = 0, .ofs_y = -2},
    {.bitmap_index = 27305, .adv_w = 384, .box_w = 23, .box_h = 22, .ofs_x = 1, .ofs_y = -2},
    {.bitmap_index = 27369, .adv_w = 384, .box_w = 22, .box_h = 21, .ofs_x = 1, .ofs_y = -2},
    {.bitmap_index = 27427, .adv_w = 384, .box_w = 22, .box_h = 22, .ofs_x = 1, .ofs_y = -2},
    {.bitmap_index = 27488, .adv_w = 384, .box_w = 22, .box_h = 22, .ofs_x = 1, .ofs_y = -2},
    {.bitmap_index = 27549, .adv_w = 384, .box_w = 22, .box_h = 21, .ofs_x = 1, .ofs_y = -2},
    {.bitmap_index = 27607, .adv_w = 384, .box_w = 22, .box_h = 21, .ofs_x = 1, .ofs_y = -2},
    {.bitmap_index = 27665, .adv_w = 384, .box_w = 23, .box_h = 23, .ofs_x = 0, .ofs_y = -3},
    {.bitmap_index = 27732, .adv_w = 384, .box_w = 23, .box_h = 23, .ofs_x = 0, .ofs_y = -3},
    {.bitmap_index = 27799, .adv_w = 384, .box_w = 23, .box_h = 23, .ofs_x = 0, .ofs_y = -3},
    {.bitmap_index = 27866, .adv_w = 384, .box_w = 23, .box_h = 23, .ofs_x = 0, .ofs_y = -3},
    {.bitmap_index = 27933, .adv_w = 384, .box_w = 22, .box_h = 23, .ofs_x = 1, .ofs_y = -3},
    {.bitmap_index = 27997, .adv_w = 384, .box_w = 23, .box_h = 23, .ofs_x = 1, .ofs_y = -3},
    {.bitmap_index = 28064, .adv_w = 384, .box_w = 23, .box_h = 23, .ofs_x = 0, .ofs_y = -3},
    {.bitmap_index = 28131, .adv_w = 384, .box_w = 23, .box_h = 23, .ofs_x = 1, .ofs_y = -3},
    {.bitmap_index = 28198, .adv_w = 384, .box_w = 23, .box_h = 23, .ofs_x = 0, .ofs_y = -3},
    {.bitmap_index = 28265, .adv_w = 384, .box_w = 23, .box_h = 22, .ofs_x = 0, .ofs_y = -2},
    {.bitmap_index = 28329, .adv_w = 384, .box_w = 23, .box_h = 23, .ofs_x = 0, .ofs_y = -3},
    {.bitmap_index = 28396, .adv_w = 384, .box_w = 23, .box_h = 23, .ofs_x = 1, .ofs_y = -3},
    {.bitmap_index = 28463, .adv_w = 384, .box_w = 22, .box_h = 21, .ofs_x = 1, .ofs_y = -2},
    {.bitmap_index = 28521, .adv_w = 384, .box_w = 22, .box_h = 22, .ofs_x = 1, .ofs_y = -2},
    {.bitmap_index = 28582, .adv_w = 384, .box_w = 21, .box_h = 22, .ofs_x = 1, .ofs_y = -2},
    {.bitmap_index = 28640, .adv_w = 384, .box_w = 22, .box_h = 21, .ofs_x = 1, .ofs_y = -2},
    {.bitmap_index = 28698, .adv_w = 384, .box_w = 22, .box_h = 21, .ofs_x = 1, .ofs_y = -2},
    {.bitmap_index = 28756, .adv_w = 384, .box_w = 22, .box_h = 22, .ofs_x = 1, .ofs_y = -2},
    {.bitmap_index = 28817, .adv_w = 384, .box_w = 22, .box_h = 21, .ofs_x = 1, .ofs_y = -1},
    {.bitmap_index = 28875, .adv_w = 384, .box_w = 22, .box_h = 22, .ofs_x = 1, .ofs_y = -2},
    {.bitmap_index = 28936, .adv_w = 384, .box_w = 21, .box_h = 22, .ofs_x = 1, .ofs_y = -2},
    {.bitmap_index = 28994, .adv_w = 384, .box_w = 22, .box_h = 22, .ofs_x = 1, .ofs_y = -2},
    {.bitmap_index = 29055, .adv_w = 384, .box_w = 22, .box_h = 23, .ofs_x = 1, .ofs_y = -3},
    {.bitmap_index = 29119, .adv_w = 384, .box_w = 22, .box_h = 21, .ofs_x = 1, .ofs_y = -2},
    {.bitmap_index = 29177, .adv_w = 384, .box_w = 20, .box_h = 21, .ofs_x = 2, .ofs_y = -2},
    {.bitmap_index = 29230, .adv_w = 384, .box_w = 20, .box_h = 21, .ofs_x = 2, .ofs_y = -2},
    {.bitmap_index = 29283, .adv_w = 384, .box_w = 20, .box_h = 21, .ofs_x = 2, .ofs_y = -2},
    {.bitmap_index = 29336, .adv_w = 384, .box_w = 21, .box_h = 22, .ofs_x = 2, .ofs_y = -2},
    {.bitmap_index = 29394, .adv_w = 384, .box_w = 22, .box_h = 22, .ofs_x = 2, .ofs_y = -2},
    {.bitmap_index = 29455, .adv_w = 384, .box_w = 21, .box_h = 22, .ofs_x = 2, .ofs_y = -2},
    {.bitmap_index = 29513, .adv_w = 384, .box_w = 22, .box_h = 22, .ofs_x = 2, .ofs_y = -2},
    {.bitmap_index = 29574, .adv_w = 384, .box_w = 23, .box_h = 22, .ofs_x = 0, .ofs_y = -2},
    {.bitmap_index = 29638, .adv_w = 384, .box_w = 22, .box_h = 21, .ofs_x = 1, .ofs_y = -2},
    {.bitmap_index = 29696, .adv_w = 384, .box_w = 21, .box_h = 21, .ofs_x = 2, .ofs_y = -1},
    {.bitmap_index = 29752, .adv_w = 384, .box_w = 21, .box_h = 21, .ofs_x = 2, .ofs_y = -2},
    {.bitmap_index = 29808, .adv_w = 384, .box_w = 23, .box_h = 22, .ofs_x = 1, .ofs_y = -2},
    {.bitmap_index = 29872, .adv_w = 384, .box_w = 21, .box_h = 20, .ofs_x = 2, .ofs_y = -2},
    {.bitmap_index = 29925, .adv_w = 384, .box_w = 21, .box_h = 22, .ofs_x = 1, .ofs_y = -2},
    {.bitmap_index = 29983, .adv_w = 384, .box_w = 22, .box_h = 21, .ofs_x = 1, .ofs_y = -2},
    {.bitmap_index = 30041, .adv_w = 384, .box_w = 22, .box_h = 22, .ofs_x = 0, .ofs_y = -2},
    {.bitmap_index = 30102, .adv_w = 384, .box_w = 23, .box_h = 21, .ofs_x = 0, .ofs_y = -2},
    {.bitmap_index = 30163, .adv_w = 384, .box_w = 23, .box_h = 22, .ofs_x = 0, .ofs_y = -2},
    {.bitmap_index = 30227, .adv_w = 384, .box_w = 23, .box_h = 22, .ofs_x = 0, .ofs_y = -2},
    {.bitmap_index = 30291, .adv_w = 384, .box_w = 22, .box_h = 22, .ofs_x = 1, .ofs_y = -2},
    {.bitmap_index = 30352, .adv_w = 384, .box_w = 24, .box_h = 23, .ofs_x = 0, .ofs_y = -2},
    {.bitmap_index = 30421, .adv_w = 384, .box_w = 22, .box_h = 22, .ofs_x = 1, .ofs_y = -2},
    {.bitmap_index = 30482, .adv_w = 384, .box_w = 21, .box_h = 21, .ofs_x = 2, .ofs_y = -2},
    {.bitmap_index = 30538, .adv_w = 384, .box_w = 22, .box_h = 23, .ofs_x = 1, .ofs_y = -2},
    {.bitmap_index = 30602, .adv_w = 384, .box_w = 21, .box_h = 22, .ofs_x = 1, .ofs_y = -2},
    {.bitmap_index = 30660, .adv_w = 384, .box_w = 23, .box_h = 22, .ofs_x = 0, .ofs_y = -2},
    {.bitmap_index = 30724, .adv_w = 384, .box_w = 22, .box_h = 22, .ofs_x = 1, .ofs_y = -2},
    {.bitmap_index = 30785, .adv_w = 384, .box_w = 23, .box_h = 22, .ofs_x = 0, .ofs_y = -2},
    {.bitmap_index = 30849, .adv_w = 384, .box_w = 22, .box_h = 22, .ofs_x = 1, .ofs_y = -2},
    {.bitmap_index = 30910, .adv_w = 384, .box_w = 22, .box_h = 22, .ofs_x = 1, .ofs_y = -2},
    {.bitmap_index = 30971, .adv_w = 384, .box_w = 2, .box_h = 18, .ofs_x = 11, .ofs_y = 0},
    {.bitmap_index = 30976, .adv_w = 384, .box_w = 17, .box_h = 17, .ofs_x = 4, .ofs_y = 1},
    {.bitmap_index = 31013, .adv_w = 384, .box_w = 21, .box_h = 18, .ofs_x = 2, .ofs_y = 0},
    {.bitmap_index = 31061, .adv_w = 384, .box_w = 15, .box_h = 18, .ofs_x = 5, .ofs_y = 0},
    {.bitmap_index = 31095, .adv_w = 384, .box_w = 6, .box_h = 23, .ofs_x = 17, .ofs_y = -2},
    {.bitmap_index = 31113, .adv_w = 384, .box_w = 6, .box_h = 23, .ofs_x = 1, .ofs_y = -2},
    {.bitmap_index = 31131, .adv_w = 384, .box_w = 17, .box_h = 18, .ofs_x = 4, .ofs_y = 0},
    {.bitmap_index = 31170, .adv_w = 384, .box_w = 17, .box_h = 17, .ofs_x = 3, .ofs_y = 0},
    {.bitmap_index = 31207, .adv_w = 384, .box_w = 5, .box_h = 8, .ofs_x = 9, .ofs_y = 4},
    {.bitmap_index = 31212, .adv_w = 384, .box_w = 17, .box_h = 1, .ofs_x = 3, .ofs_y = 9},
    {.bitmap_index = 31215, .adv_w = 384, .box_w = 22, .box_h = 22, .ofs_x = 1, .ofs_y = -2},
    {.bitmap_index = 31276, .adv_w = 384, .box_w = 4, .box_h = 14, .ofs_x = 10, .ofs_y = 2},
    {.bitmap_index = 31283, .adv_w = 384, .box_w = 5, .box_h = 18, .ofs_x = 9, .ofs_y = -2},
    {.bitmap_index = 31295, .adv_w = 384, .box_w = 17, .box_h = 6, .ofs_x = 3, .ofs_y = 6},
    {.bitmap_index = 31308, .adv_w = 384, .box_w = 11, .box_h = 18, .ofs_x = 6, .ofs_y = 0},
    {.bitmap_index = 31333, .adv_w = 384, .box_w = 20, .box_h = 22, .ofs_x = 2, .ofs_y = -2},
    {.bitmap_index = 31388, .adv_w = 384, .box_w = 22, .box_h = 22, .ofs_x = 1, .ofs_y = -2},
    {.bitmap_index = 31449, .adv_w = 384, .box_w = 22, .box_h = 6, .ofs_x = 1, .ofs_y = 6}
};

/*---------------------
 *  CHARACTER MAPPING
 *--------------------*/

static const uint16_t unicode_list_1[] = {
    0x0, 0x1f5d, 0x1f6f, 0x2f4a, 0x2f4b, 0x2f51, 0x2f52, 0x2f53,
    0x2f54, 0x2f55, 0x2f56, 0x2f57, 0x2f58, 0x2f59, 0x2f5a, 0x4d49,
    0x4d52, 0x4d53, 0x4d54, 0x4d56, 0x4d5f, 0x4d76, 0x4d84, 0x4d94,
    0x4da8, 0x4dcf, 0x4dd4, 0x4dd5, 0x4ddd, 0x4e03, 0x4e09, 0x4e0a,
    0x4e1f, 0x4e21, 0x4e2e, 0x4e46, 0x4e4a, 0x4e5a, 0x4e7d, 0x4e8f,
    0x4e96, 0x4e98, 0x4ea9, 0x4ecf, 0x4ed4, 0x4f08, 0x4f2a, 0x4f37,
    0x4f52, 0x4f54, 0x4f5a, 0x4f90, 0x4fa5, 0x4fae, 0x4fe2, 0x5073,
    0x507b, 0x508d, 0x5091, 0x509b, 0x50b0, 0x50b1, 0x50b5, 0x50b6,
    0x50bf, 0x50f5, 0x5143, 0x514f, 0x5172, 0x5179, 0x5196, 0x51cc,
    0x51e8, 0x51e9, 0x51f2, 0x521e, 0x5222, 0x5227, 0x524e, 0x525f,
    0x5260, 0x5289, 0x5290, 0x5291, 0x52a0, 0x52e8, 0x530c, 0x5313,
    0x5314, 0x531f, 0x5339, 0x5351, 0x5355, 0x5393, 0x53d5, 0x53df,
    0x540a, 0x548f, 0x54aa, 0x54d2, 0x5552, 0x5624, 0x5627, 0x5643,
    0x5654, 0x565b, 0x5661, 0x5668, 0x5671, 0x5679, 0x5717, 0x5740,
    0x5742, 0x5743, 0x574b, 0x577a, 0x577d, 0x582b, 0x5834, 0x5858,
    0x585f, 0x5865, 0x586e, 0x5870, 0x5872, 0x587a, 0x58bf, 0x58cb,
    0x5902, 0x5914, 0x5919, 0x59af, 0x5a99, 0x5aa6, 0x5ab2, 0x5ac1,
    0x5acc, 0x5ad2, 0x5ad5, 0x5ae3, 0x5ae5, 0x5aeb, 0x5aed, 0x5afe,
    0x5aff, 0x5b2f, 0x5b32, 0x5b50, 0x5b51, 0x5b56, 0x5b58, 0x5b7a,
    0x5b89, 0x5b9e, 0x5bba, 0x5c46, 0x5d2e, 0x5d37, 0x5d3b, 0x5d40,
    0x5d4b, 0x5d4c, 0x5d74, 0x5d81, 0x5dbc, 0x5dbd, 0x5def, 0x5e29,
    0x5e3f, 0x5e43, 0x5e4d, 0x5e58, 0x5e68, 0x5eab, 0x5eb2, 0x5eb9,
    0x5ece, 0x5ed1, 0x5ed5, 0x5ee0, 0x5ee7, 0x5ef2, 0x5f0c, 0x5f29,
    0x5f6e, 0x5fab, 0x6058, 0x6064, 0x60bf, 0x6159, 0x615a, 0x617f,
    0x6196, 0x619c, 0x61c9, 0x61d3, 0x61de, 0x6225, 0x62cc, 0x62db,
    0x62e4, 0x62ea, 0x62ee, 0x6319, 0x647f, 0x64a0, 0x64a2, 0x64af,
    0x64bd, 0x64c1, 0x64d0, 0x64e2, 0x64f9, 0x650e, 0x6518, 0x652e,
    0x6532, 0x6568, 0x656e, 0x6578, 0x658b, 0x65a3, 0x65b7, 0x65bd,
    0x65f4, 0x663d, 0x6641, 0x6649, 0x664c, 0x6651, 0x6652, 0x6654,
    0x6656, 0x6668, 0x6673, 0x6674, 0x669a, 0x66ba, 0x66c7, 0x66c8,
    0x66e0, 0x66e5, 0x672e, 0x6781, 0x678c, 0x6791, 0x68b6, 0x694b,
    0x695c, 0x6982, 0x6994, 0x69eb, 0x6a53, 0x6a6a, 0x6a87, 0x6a95,
    0x6aab, 0x6aac, 0x6aae, 0x6b16, 0x6b18, 0x6b1d, 0x6b5a, 0x6b6c,
    0x6b7d, 0x6b81, 0x6b99, 0x6ba8, 0x6bc3, 0x6c04, 0x6c1e, 0x6c31,
    0x6c39, 0x6c3c, 0x6c60, 0x6c7b, 0x6c84, 0x6c8a, 0x6cc0, 0x6cd1,
    0x6d4e, 0x6d75, 0x6d78, 0x6d81, 0x6d9f, 0x6ddf, 0x6df4, 0x6e5d,
    0x6e9d, 0x6f1e, 0x7003, 0x706a, 0x707f, 0x70b7, 0x7128, 0x717f,
    0x7183, 0x71a2, 0x71b2, 0x7311, 0x7347, 0x734c, 0x734f, 0x737d,
    0x73a5, 0x7465, 0x7468, 0x746b, 0x7471, 0x74b4, 0x74b9, 0x74bf,
    0x74f4, 0x758b, 0x75c5, 0x75c7, 0x75cd, 0x75f7, 0x762c, 0x7654,
    0x7685, 0x772e, 0x775d, 0x7803, 0x7887, 0x78a6, 0x78a7, 0x7914,
    0x791a, 0x7921, 0x7944, 0x7954, 0x79c3, 0x7a38, 0x7a42, 0x7a75,
    0x7aea, 0x7b09, 0x7b6a, 0x7c07, 0x7c1e, 0x7c4d, 0x7c63, 0x7c74,
    0x7cdc, 0x7cf6, 0x7d13, 0x7d23, 0x7d3d, 0x7d86, 0x7db3, 0x7dbc,
    0x7ebb, 0x7ed7, 0x7ef2, 0x7f1b, 0x7f4a, 0x7f55, 0x7f7c, 0x7fa3,
    0x7fd2, 0x7fe6, 0x7fea, 0x800c, 0x8046, 0x8097, 0x80af, 0x80c1,
    0x80e3, 0x8128, 0x8131, 0x8133, 0x8151, 0x8167, 0x8175, 0x81fa,
    0x8220, 0x823a, 0x827f, 0x8325, 0x8338, 0x8375, 0x83a0, 0x83ac,
    0x8437, 0x8475, 0x8526, 0x852e, 0x854f, 0x8576, 0x85a8, 0x8614,
    0x8795, 0x879c, 0x87a0, 0x87ac, 0x87b1, 0x87f4, 0x8825, 0x8846,
    0x8850, 0x88ca, 0x8906, 0x8909, 0x8951, 0x8957, 0x895c, 0x8973,
    0x8976, 0x8983, 0x89af, 0x89ba, 0x89d6, 0x89e7, 0x89ed, 0x89f3,
    0x89fb, 0x8a14, 0x8a1f, 0x8a64, 0x8aaf, 0x8ab9, 0x8ac0, 0x8ad3,
    0x8c00, 0x8c04, 0x8c33, 0x8c45, 0x8c46, 0x8cce, 0x8d1a, 0x8d38,
    0x8d91, 0x8dad, 0x8df4, 0x8eef, 0x8f46, 0x8f4a, 0x8f62, 0x8f63,
    0x8f69, 0x8f7a, 0x8f7b, 0x8f94, 0x8f9c, 0x8fa9, 0x8fc0, 0x8fcd,
    0x8fec, 0x9031, 0x903e, 0x9052, 0x9115, 0x9116, 0x91c9, 0x9200,
    0x9245, 0x9278, 0x92f7, 0x94c0, 0x94c9, 0x94d4, 0x94dc, 0x95ab,
    0x95b9, 0x95cf, 0x95d3, 0x960d, 0x9631, 0x9633, 0x9644, 0x9670,
    0x96ab, 0x973c, 0x9759, 0x97a7, 0x97f1, 0x9838, 0x983b, 0x9853,
    0x9859, 0x99a0, 0x99f1, 0x9a1d, 0x9a21, 0x9af7, 0x9cf8, 0x9dfe,
    0x9e27, 0x9e84, 0xfe4a, 0xfe4c, 0xfe4e, 0xfe4f, 0xfe51, 0xfe52,
    0xfe53, 0xfe54, 0xfe55, 0xfe56, 0xfe58, 0xfe63, 0xfe64, 0xfe66,
    0xfe68, 0xfe69, 0xfe85, 0xfea7
};

/*Collect the unicode lists and glyph_id offsets*/
static const lv_font_fmt_txt_cmap_t cmaps[] =
{
    {
        .range_start = 32, .range_length = 95, .glyph_id_start = 1,
        .unicode_list = NULL, .glyph_id_ofs_list = NULL, .list_length = 0, .type = LV_FONT_FMT_TXT_CMAP_FORMAT0_TINY
    },
    {
        .range_start = 183, .range_length = 65192, .glyph_id_start = 96,
        .unicode_list = unicode_list_1, .glyph_id_ofs_list = NULL, .list_length = 508, .type = LV_FONT_FMT_TXT_CMAP_SPARSE_TINY
    }
};

/*-----------------
 *    KERNING
 *----------------*/


/*Map glyph_ids to kern left classes*/
static const uint8_t kern_left_class_mapping[] =
{
    0, 0, 0, 1, 0, 0, 0, 0,
    1, 2, 0, 0, 0, 3, 4, 3,
    5, 0, 0, 0, 0, 0, 0, 0,
    0, 0, 0, 6, 6, 0, 0, 0,
    0, 0, 7, 8, 9, 10, 11, 12,
    13, 0, 0, 14, 15, 16, 0, 0,
    10, 17, 10, 18, 19, 20, 21, 22,
    23, 24, 25, 26, 2, 27, 0, 0,
    0, 0, 28, 29, 30, 0, 31, 32,
    33, 34, 0, 0, 35, 36, 34, 34,
    29, 29, 37, 38, 39, 40, 37, 41,
    42, 43, 44, 45, 2, 0, 0, 0,
    0, 4, 0, 0, 0, 0, 0, 0,
    0, 0, 0, 0, 0, 0, 0, 0,
    0, 0, 0, 0, 0, 0, 0, 0,
    0, 0, 0, 0, 0, 0, 0, 0,
    0, 0, 0, 0, 0, 0, 0, 0,
    0, 0, 0, 0, 0, 0, 0, 0,
    0, 0, 0, 0, 0, 0, 0, 0,
    0, 0, 0, 0, 0, 0, 0, 0,
    0, 0, 0, 0, 0, 0, 0, 0,
    0, 0, 0, 0, 0, 0, 0, 0,
    0, 0, 0, 0, 0, 0, 0, 0,
    0, 0, 0, 0, 0, 0, 0, 0,
    0, 0, 0, 0, 0, 0, 0, 0,
    0, 0, 0, 0, 0, 0, 0, 0,
    0, 0, 0, 0, 0, 0, 0, 0,
    0, 0, 0, 0, 0, 0, 0, 0,
    0, 0, 0, 0, 0, 0, 0, 0,
    0, 0, 0, 0, 0, 0, 0, 0,
    0, 0, 0, 0, 0, 0, 0, 0,
    0, 0, 0, 0, 0, 0, 0, 0,
    0, 0, 0, 0, 0, 0, 0, 0,
    0, 0, 0, 0, 0, 0, 0, 0,
    0, 0, 0, 0, 0, 0, 0, 0,
    0, 0, 0, 0, 0, 0, 0, 0,
    0, 0, 0, 0, 0, 0, 0, 0,
    0, 0, 0, 0, 0, 0, 0, 0,
    0, 0, 0, 0, 0, 0, 0, 0,
    0, 0, 0, 0, 0, 0, 0, 0,
    0, 0, 0, 0, 0, 0, 0, 0,
    0, 0, 0, 0, 0, 0, 0, 0,
    0, 0, 0, 0, 0, 0, 0, 0,
    0, 0, 0, 0, 0, 0, 0, 0,
    0, 0, 0, 0, 0, 0, 0, 0,
    0, 0, 0, 0, 0, 0, 0, 0,
    0, 0, 0, 0, 0, 0, 0, 0,
    0, 0, 0, 0, 0, 0, 0, 0,
    0, 0, 0, 0, 0, 0, 0, 0,
    0, 0, 0, 0, 0, 0, 0, 0,
    0, 0, 0, 0, 0, 0, 0, 0,
    0, 0, 0, 0, 0, 0, 0, 0,
    0, 0, 0, 0, 0, 0, 0, 0,
    0, 0, 0, 0, 0, 0, 0, 0,
    0, 0, 0, 0, 0, 0, 0, 0,
    0, 0, 0, 0, 0, 0, 0, 0,
    0, 0, 0, 0, 0, 0, 0, 0,
    0, 0, 0, 0, 0, 0, 0, 0,
    0, 0, 0, 0, 0, 0, 0, 0,
    0, 0, 0, 0, 0, 0, 0, 0,
    0, 0, 0, 0, 0, 0, 0, 0,
    0, 0, 0, 0, 0, 0, 0, 0,
    0, 0, 0, 0, 0, 0, 0, 0,
    0, 0, 0, 0, 0, 0, 0, 0,
    0, 0, 0, 0, 0, 0, 0, 0,
    0, 0, 0, 0, 0, 0, 0, 0,
    0, 0, 0, 0, 0, 0, 0, 0,
    0, 0, 0, 0, 0, 0, 0, 0,
    0, 0, 0, 0, 0, 0, 0, 0,
    0, 0, 0, 0, 0, 0, 0, 0,
    0, 0, 0, 0, 0, 0, 0, 0,
    0, 0, 0, 0, 0, 0, 0, 0,
    0, 0, 0, 0, 0, 0, 0, 0,
    0, 0, 0, 0, 0, 0, 0, 0,
    0, 0, 0, 0, 0, 0, 0, 0,
    0, 0, 0, 0
};

/*Map glyph_ids to kern right classes*/
static const uint8_t kern_right_class_mapping[] =
{
    0, 0, 1, 2, 0, 0, 0, 0,
    2, 0, 3, 4, 0, 5, 6, 7,
    8, 0, 0, 0, 0, 0, 0, 0,
    0, 0, 0, 9, 10, 0, 0, 0,
    11, 0, 12, 0, 13, 0, 0, 0,
    13, 0, 0, 14, 0, 0, 0, 0,
    13, 0, 13, 0, 15, 16, 17, 18,
    19, 20, 21, 22, 0, 23, 3, 0,
    0, 0, 24, 0, 25, 25, 25, 26,
    27, 0, 28, 29, 0, 0, 30, 30,
    25, 30, 25, 30, 31, 32, 33, 34,
    35, 36, 37, 38, 0, 0, 3, 0,
    0, 6, 0, 0, 0, 0, 0, 0,
    0, 0, 0, 0, 0, 0, 0, 0,
    0, 0, 0, 0, 0, 0, 0, 0,
    0, 0, 0, 0, 0, 0, 0, 0,
    0, 0, 0, 0, 0, 0, 0, 0,
    0, 0, 0, 0, 0, 0, 0, 0,
    0, 0, 0, 0, 0, 0, 0, 0,
    0, 0, 0, 0, 0, 0, 0, 0,
    0, 0, 0, 0, 0, 0, 0, 0,
    0, 0, 0, 0, 0, 0, 0, 0,
    0, 0, 0, 0, 0, 0, 0, 0,
    0, 0, 0, 0, 0, 0, 0, 0,
    0, 0, 0, 0, 0, 0, 0, 0,
    0, 0, 0, 0, 0, 0, 0, 0,
    0, 0, 0, 0, 0, 0, 0, 0,
    0, 0, 0, 0, 0, 0, 0, 0,
    0, 0, 0, 0, 0, 0, 0, 0,
    0, 0, 0, 0, 0, 0, 0, 0,
    0, 0, 0, 0, 0, 0, 0, 0,
    0, 0, 0, 0, 0, 0, 0, 0,
    0, 0, 0, 0, 0, 0, 0, 0,
    0, 0, 0, 0, 0, 0, 0, 0,
    0, 0, 0, 0, 0, 0, 0, 0,
    0, 0, 0, 0, 0, 0, 0, 0,
    0, 0, 0, 0, 0, 0, 0, 0,
    0, 0, 0, 0, 0, 0, 0, 0,
    0, 0, 0, 0, 0, 0, 0, 0,
    0, 0, 0, 0, 0, 0, 0, 0,
    0, 0, 0, 0, 0, 0, 0, 0,
    0, 0, 0, 0, 0, 0, 0, 0,
    0, 0, 0, 0, 0, 0, 0, 0,
    0, 0, 0, 0, 0, 0, 0, 0,
    0, 0, 0, 0, 0, 0, 0, 0,
    0, 0, 0, 0, 0, 0, 0, 0,
    0, 0, 0, 0, 0, 0, 0, 0,
    0, 0, 0, 0, 0, 0, 0, 0,
    0, 0, 0, 0, 0, 0, 0, 0,
    0, 0, 0, 0, 0, 0, 0, 0,
    0, 0, 0, 0, 0, 0, 0, 0,
    0, 0, 0, 0, 0, 0, 0, 0,
    0, 0, 0, 0, 0, 0, 0, 0,
    0, 0, 0, 0, 0, 0, 0, 0,
    0, 0, 0, 0, 0, 0, 0, 0,
    0, 0, 0, 0, 0, 0, 0, 0,
    0, 0, 0, 0, 0, 0, 0, 0,
    0, 0, 0, 0, 0, 0, 0, 0,
    0, 0, 0, 0, 0, 0, 0, 0,
    0, 0, 0, 0, 0, 0, 0, 0,
    0, 0, 0, 0, 0, 0, 0, 0,
    0, 0, 0, 0, 0, 0, 0, 0,
    0, 0, 0, 0, 0, 0, 0, 0,
    0, 0, 0, 0, 0, 0, 0, 0,
    0, 0, 0, 0, 0, 0, 0, 0,
    0, 0, 0, 0, 0, 0, 0, 0,
    0, 0, 0, 0, 0, 0, 0, 0,
    0, 0, 0, 0, 0, 0, 0, 0,
    0, 0, 0, 0, 0, 0, 0, 0,
    0, 0, 0, 0, 0, 0, 0, 0,
    0, 0, 0, 0, 0, 0, 0, 0,
    0, 0, 0, 0, 0, 0, 0, 0,
    0, 0, 0, 0, 0, 0, 0, 0,
    0, 0, 0, 0, 0, 0, 0, 0,
    0, 0, 0, 0, 0, 0, 0, 0,
    0, 0, 0, 0
};

/*Kern values between classes*/
static const int8_t kern_class_values[] =
{
    0, 0, 0, 0, -50, 0, -50, 0,
    0, 0, 0, -24, 0, -41, -5, 0,
    0, 0, 0, -5, 0, 0, 0, 0,
    -14, 0, 0, 0, 0, 0, -10, 0,
    0, 0, 0, 0, 0, 0, 0, 0,
    0, 0, 0, 0, 0, 0, 0, 0,
    0, 0, 0, -10, 0, 0, 0, 0,
    0, 0, 0, 0, 0, 0, 0, 0,
    0, 0, 33, 0, 0, 0, 0, 0,
    0, 0, 0, 0, 0, -41, 0, -60,
    0, 0, 0, 0, 0, 0, 0, 0,
    0, 0, 0, -43, -10, -29, -15, 0,
    -41, 0, 0, 0, -6, 0, 0, 0,
    10, 0, 0, -21, 0, -15, -10, 0,
    -10, 0, 0, 0, 0, 0, 0, 0,
    0, 0, 0, 0, 0, 0, 0, -10,
    -8, -21, 0, -9, -5, -13, -29, -10,
    0, 0, 0, 0, 0, 0, 0, 0,
    0, -12, 0, -4, 0, -7, 0, 0,
    0, 0, 0, 0, 0, 0, 0, 0,
    0, 0, 0, -18, -5, -35, 0, 0,
    0, 0, 0, 0, 0, 0, 0, -11,
    -15, 0, -5, 10, 10, 0, 0, 3,
    -10, 0, 0, 0, 0, 0, 0, 0,
    0, -23, 0, 0, 0, 0, 0, 0,
    0, 0, 0, 0, 0, 0, 0, 0,
    0, 0, -12, 0, 0, 0, 0, 0,
    0, 0, 0, 0, 0, 0, 0, 0,
    0, 0, 0, 0, 0, -24, 0, -41,
    0, 0, 0, 0, 0, 0, -12, -3,
    -5, 0, 0, -24, -8, -7, 0, 1,
    -7, -4, -18, 9, 0, -5, 0, 0,
    0, 0, 9, -7, -3, -4, -3, -3,
    -4, 0, 0, 0, 0, -14, 0, 0,
    0, 0, 0, 0, 0, 0, 0, -8,
    -7, -11, 0, -3, -3, -3, -7, -3,
    0, 0, 0, 0, 0, 0, 0, 0,
    0, -5, 0, -7, -5, -5, -7, 0,
    0, 0, 0, 0, 0, -12, 0, 0,
    0, 0, 0, 0, -13, -5, -11, -8,
    -7, -3, -3, -3, -4, -5, 0, 0,
    0, 0, -10, 0, 0, 0, 0, -13,
    -5, -7, -5, 0, -7, 0, 0, 0,
    0, -16, 0, 0, 0, -8, 0, 0,
    0, -5, 0, -18, 0, -11, 0, -5,
    -3, -8, -10, -10, 0, 0, 0, 0,
    0, 0, 0, 0, 0, 0, 0, 0,
    0, -7, 0, -4, 0, 0, 0, 0,
    0, 0, 0, 0, 0, 0, 0, 0,
    0, 0, 0, 0, 0, 0, 0, 0,
    0, 0, 0, 0, -5, 0, 0, 0,
    0, 0, 0, -11, 0, -5, 0, -14,
    -5, 0, 0, 0, 0, 0, -32, 0,
    -32, -31, 0, 0, 0, -17, -5, -61,
    -10, 0, 0, 1, 1, -11, 0, -14,
    0, -15, -7, 0, -11, 0, 0, -10,
    -10, -5, -8, -10, -8, -12, -8, -13,
    0, 0, 0, -13, 0, 0, 0, 0,
    0, 0, 0, -3, 0, 0, 0, -10,
    0, -7, -3, 0, 0, 0, 0, 0,
    0, 0, 0, 0, 0, 0, 0, 0,
    0, 0, 0, 0, 0, 0, 0, 0,
    0, 0, -11, 0, -11, 0, 0, 0,
    0, 0, 0, -18, 0, 0, 0, 0,
    0, 0, 0, 0, 0, 0, 0, 0,
    0, 0, 0, 0, 0, 0, 0, 0,
    0, 0, 0, 0, 0, -10, 0, -18,
    0, -13, 0, 0, 0, 0, -4, -5,
    -10, 0, -5, -8, -7, -6, -5, 0,
    -8, 0, 0, 0, -4, 0, 0, 0,
    -5, 0, 0, -15, -7, -10, -8, -8,
    -10, -7, 0, -38, 0, -66, 0, -24,
    0, 0, 0, 0, -15, 0, -12, 0,
    -11, -53, -13, -34, -25, 0, -33, 0,
    -35, 0, -6, -7, -3, 0, 0, 0,
    0, -10, -5, -17, -15, 0, -17, 0,
    0, 0, 0, 0, -49, -15, -49, -35,
    0, 0, 0, -23, 0, -64, -5, -12,
    0, 0, 0, -11, -5, -36, 0, -20,
    -12, 0, -14, 0, 0, 0, -5, 0,
    0, 0, 0, -7, 0, -10, 0, 0,
    0, -5, 0, -13, 0, 0, 0, 0,
    0, -3, 0, -8, -7, -7, 0, 1,
    2, -3, -2, -5, 0, -3, -5, 0,
    -3, 0, 0, 0, 0, 0, 0, 0,
    0, -4, 0, -4, 0, 0, 0, -8,
    0, 5, 0, 0, 0, 0, 0, 0,
    0, -7, -7, -10, 0, 0, 0, 0,
    -7, 0, 0, 0, 0, 0, 0, 0,
    0, 0, 0, -11, 0, 0, 0, 0,
    0, -1, 0, 0, 0, 0, -46, -32,
    -46, -40, -10, -10, 0, -18, -11, -56,
    -18, 0, 0, 0, 0, -10, -7, -24,
    0, -32, -29, -8, -32, 0, 0, -21,
    -26, -8, -21, -15, -16, -18, -15, -33,
    0, 0, 0, 0, -8, 0, -8, -15,
    0, 0, 0, -8, 0, -21, -5, 0,
    0, -3, 0, -5, -7, 0, 0, -3,
    0, 0, -5, 0, 0, 0, -3, 0,
    0, 0, 0, -4, 0, 0, 0, 0,
    0, 0, -29, -9, -29, -22, 0, 0,
    0, -7, -5, -32, -5, 0, -5, 3,
    0, 0, 0, -9, 0, -10, -7, 0,
    -10, 0, 0, -10, -6, 0, -14, -5,
    -5, -7, -5, -12, 0, 0, 0, 0,
    -15, -5, -15, -14, 0, 0, 0, 0,
    -3, -30, -3, 0, 0, 0, 0, 0,
    0, -3, 0, -8, 0, 0, -7, 0,
    0, 0, 0, 0, 0, 0, 0, 0,
    0, -5, 0, -5, 0, -5, 0, -13,
    0, 0, 0, 0, 0, 0, -8, -2,
    -7, -10, -5, 0, 0, 0, 0, 0,
    0, -5, -4, -8, 0, 0, 0, 0,
    0, -8, -5, -8, -7, -5, -8, -7,
    0, 0, 0, 0, -40, -29, -40, -30,
    -12, -12, -4, -7, -7, -44, -8, -7,
    -5, 0, 0, 0, 0, -12, 0, -30,
    -19, 0, -27, 0, 0, -18, -19, -13,
    -15, -7, -11, -15, -7, -21, 0, 0,
    0, 0, 0, -16, 0, 0, 0, 0,
    0, -3, -10, -15, -14, 0, -5, -3,
    -3, 0, -7, -8, 0, -8, -10, -10,
    -7, 0, 0, 0, 0, -7, -11, -8,
    -8, -11, -8, 0, 0, 0, 0, 0,
    0, 0, 0, 0, 0, 0, 0, 0,
    0, 0, 0, -38, -14, -24, -14, 0,
    -32, 0, 0, 0, 0, 0, 13, 0,
    30, 0, 0, 0, 0, -10, -5, 0,
    5, 0, 0, 0, 0, -24, 0, 0,
    0, 0, 0, 0, -6, 0, 0, 0,
    0, -11, 0, -8, -3, 0, -11, 0,
    0, 0, 0, 0, 0, 0, 0, 0,
    0, -7, 0, 0, 0, 0, 0, 0,
    0, -14, 0, -12, -5, 2, -5, 0,
    0, 0, -6, 0, 0, 0, 0, -26,
    0, -9, 0, -3, -21, 0, -12, -7,
    0, -2, 0, 0, 0, 0, -2, -8,
    0, -3, -3, -8, -3, -3, 0, 0,
    0, 0, 0, -10, 0, 0, 0, 0,
    0, 0, 0, 0, 0, -10, 0, -7,
    0, 0, -11, 0, 0, -5, -10, 0,
    -5, 0, 0, 0, 0, -5, 0, 2,
    2, 2, 2, 0, 0, 0, 0, -16,
    0, 3, 0, 0, 0, 0, -4, 0,
    0, -10, -10, -11, 0, -8, -5, 0,
    -12, 0, -10, -7, 0, -2, -5, 0,
    0, 0, 0, -5, 0, 1, 1, -4,
    1, -1, 5, 16, 20, 0, -23, -7,
    -23, -7, 0, 0, 10, 0, 0, 0,
    0, 19, 0, 28, 19, 13, 25, 0,
    26, -10, -5, 0, -7, 0, -5, 0,
    -3, 0, 0, 5, 0, -3, 0, -7,
    0, 0, 5, -15, 0, 0, 0, 20,
    0, 0, -17, 0, 0, 0, 0, -12,
    0, 0, 0, 0, -7, 0, 0, -8,
    -7, 0, 0, 0, 15, 0, 0, 0,
    0, -3, -3, 0, 5, -7, 0, 0,
    0, -16, 0, 0, 0, 0, 0, 0,
    -4, 0, 0, 0, 0, -11, 0, -5,
    0, 0, -8, 0, 0, 0, 0, 0,
    0, 0, 0, 0, 0, 0, 0, 0,
    0, 0, 0, 0, 0, 0, 0, -10,
    5, -19, 5, 0, 5, 5, -6, 0,
    0, 0, 0, -16, 0, 0, 0, 0,
    -6, 0, 0, -5, -9, 0, -5, 0,
    -5, 0, 0, -10, -7, 0, 0, -4,
    0, -4, 0, 0, 0, 0, 0, 0,
    0, 0, 0, 0, 0, 0, 0, 0,
    0, 0, 0, 0, 0, 0, 0, 0,
    0, 0, 0, 0, 0, 0, 2, 0,
    0, 0, 0, 0, 0, 0, 0, 0,
    0, 0, 0, -12, 0, 0, 0, 0,
    0, 0, 0, 0, 0, 0, 0, -10,
    0, -7, 0, 0, -14, 0, 0, 0,
    0, 0, 0, 0, 0, 0, 0, 0,
    0, 0, 0, 0, 0, 0, 0, 0,
    0, 0, -25, -11, -25, -16, 10, 10,
    0, -7, 0, -24, 0, 0, 0, 0,
    0, 0, 0, -5, 5, -11, -5, 0,
    -5, 0, 0, 0, -3, 0, 0, 10,
    7, 0, 10, -3, 0, 0, 0, -23,
    0, 3, 0, 0, 0, 0, -6, 0,
    0, 0, 0, -11, 0, -5, 0, 0,
    -10, 0, 0, 0, 0, 0, 0, 0,
    0, 0, 0, -10, 0, 0, 0, 0,
    0, 0, 0, 0, 0, 0, 2, -12,
    2, 3, 5, 5, -12, 0, 0, 0,
    0, -7, 0, 0, 0, 0, -3, 0,
    0, -10, -7, 0, -5, 0, 0, 0,
    -5, -10, 0, 0, 0, -8, 0, 0,
    0, 0, 0, -6, -15, -4, -15, -10,
    0, 0, 0, -6, 0, -18, 0, -10,
    0, -5, 0, 0, -7, -5, 0, -10,
    -3, 0, 0, 0, -5, 0, 0, 0,
    0, 0, 0, 0, 0, -11, 0, 0,
    0, -6, -17, 0, -17, -4, 0, 0,
    0, -3, 0, -14, 0, -11, 0, -5,
    0, -7, -11, 0, 0, -5, -3, 0,
    0, 0, -5, 0, 0, 0, 0, 0,
    0, 0, 0, -8, -7, 0, 0, -11,
    2, -7, -4, 0, 0, 2, 0, 0,
    -5, 0, -3, -15, 0, -7, 0, -5,
    -15, 0, 0, -5, -8, 0, 0, 0,
    0, 0, 0, -11, 0, 0, 0, 0,
    -2, 0, 0, 0, 0, 0, -15, 0,
    -15, -7, 0, 0, 0, 0, 0, -18,
    0, -10, 0, -3, 0, -3, -4, 0,
    0, -10, -3, 0, 0, 0, -5, 0,
    0, 0, 0, 0, 0, -7, 0, -11,
    0, 0, 0, 0, 0, -8, 0, 0,
    0, 0, 0, 0, 0, 0, 0, -12,
    0, 0, 0, 0, -14, 0, 0, -11,
    -5, 0, -3, 0, 0, 0, 0, 0,
    -5, -3, 0, 0, -3, 0
};


/*Collect the kern class' data in one place*/
static const lv_font_fmt_txt_kern_classes_t kern_classes =
{
    .class_pair_values   = kern_class_values,
    .left_class_mapping  = kern_left_class_mapping,
    .right_class_mapping = kern_right_class_mapping,
    .left_class_cnt      = 45,
    .right_class_cnt     = 38,
};

/*--------------------
 *  ALL CUSTOM DATA
 *--------------------*/

#if LVGL_VERSION_MAJOR == 8
/*Store all the custom data of the font*/
static  lv_font_fmt_txt_glyph_cache_t cache;
#endif

#if LVGL_VERSION_MAJOR >= 8
static const lv_font_fmt_txt_dsc_t font_dsc = {
#else
static lv_font_fmt_txt_dsc_t font_dsc = {
#endif
    .glyph_bitmap = glyph_bitmap,
    .glyph_dsc = glyph_dsc,
    .cmaps = cmaps,
    .kern_dsc = &kern_classes,
    .kern_scale = 16,
    .cmap_num = 2,
    .bpp = 1,
    .kern_classes = 1,
    .bitmap_format = 0,
#if LVGL_VERSION_MAJOR == 8
    .cache = &cache
#endif
};



/*-----------------
 *  PUBLIC FONT
 *----------------*/

/*Initialize a public general font descriptor*/
#if LVGL_VERSION_MAJOR >= 8
const lv_font_t font_noto_tc_24 = {
#else
lv_font_t font_noto_tc_24 = {
#endif
    .get_glyph_dsc = lv_font_get_glyph_dsc_fmt_txt,    /*Function pointer to get glyph's data*/
    .get_glyph_bitmap = lv_font_get_bitmap_fmt_txt,    /*Function pointer to get glyph's bitmap*/
    .line_height = 29,          /*The maximum line height required by the font*/
    .base_line = 7,             /*Baseline measured from the bottom of the line*/
#if !(LVGL_VERSION_MAJOR == 6 && LVGL_VERSION_MINOR == 0)
    .subpx = LV_FONT_SUBPX_NONE,
#endif
#if LV_VERSION_CHECK(7, 4, 0) || LVGL_VERSION_MAJOR >= 8
    .underline_position = -3,
    .underline_thickness = 1,
#endif
    .dsc = &font_dsc,          /*The custom font data. Will be accessed by `get_glyph_bitmap/dsc` */
#if LV_VERSION_CHECK(8, 2, 0) || LVGL_VERSION_MAJOR >= 9
    .fallback = NULL,
#endif
    .user_data = NULL,
};



#endif /*#if FONT_NOTO_TC_24*/

